session,system,source_commit,depth,iteration,accepted,latency_ms,proof_bytes
01,WAVE,3b90ec17ea9dde89e995a9a46222a93df0f992d4,1,1,True,3.67325,49026
01,WAVE,3b90ec17ea9dde89e995a9a46222a93df0f992d4,1,2,True,3.558042,49026
01,WAVE,3b90ec17ea9dde89e995a9a46222a93df0f992d4,1,3,True,3.468708,49026
01,WAVE,3b90ec17ea9dde89e995a9a46222a93df0f992d4,1,4,True,3.422458,49026
01,WAVE,3b90ec17ea9dde89e995a9a46222a93df0f992d4,1,5,True,3.35075,49026
01,WAVE,3b90ec17ea9dde89e995a9a46222a93df0f992d4,1,6,True,3.503167,49026
01,WAVE,3b90ec17ea9dde89e995a9a46222a93df0f992d4,1,7,True,3.471125,49026
01,WAVE,3b90ec17ea9dde89e995a9a46222a93df0f992d4,1,8,True,3.419417,49026
01,WAVE,3b90ec17ea9dde89e995a9a46222a93df0f992d4,1,9,True,3.428959,49026
01,WAVE,3b90ec17ea9dde89e995a9a46222a93df0f992d4,1,10,True,3.52825,49026
01,WAVE,3b90ec17ea9dde89e995a9a46222a93df0f992d4,1,11,True,3.270542,49026
01,WAVE,3b90ec17ea9dde89e995a9a46222a93df0f992d4,1,12,True,3.15925,49026
01,WAVE,3b90ec17ea9dde89e995a9a46222a93df0f992d4,1,13,True,3.091042,49026
01,WAVE,3b90ec17ea9dde89e995a9a46222a93df0f992d4,1,14,True,3.075459,49026
01,WAVE,3b90ec17ea9dde89e995a9a46222a93df0f992d4,1,15,True,3.058834,49026
01,WAVE,3b90ec17ea9dde89e995a9a46222a93df0f992d4,1,16,True,3.017208,49026
01,WAVE,3b90ec17ea9dde89e995a9a46222a93df0f992d4,1,17,True,3.056917,49026
01,WAVE,3b90ec17ea9dde89e995a9a46222a93df0f992d4,1,18,True,3.048458,49026
01,WAVE,3b90ec17ea9dde89e995a9a46222a93df0f992d4,1,19,True,3.056917,49026
01,WAVE,3b90ec17ea9dde89e995a9a46222a93df0f992d4,1,20,True,3.073375,49026
01,WAVE,3b90ec17ea9dde89e995a9a46222a93df0f992d4,1,21,True,3.1865,49026
01,WAVE,3b90ec17ea9dde89e995a9a46222a93df0f992d4,1,22,True,3.107167,49026
01,WAVE,3b90ec17ea9dde89e995a9a46222a93df0f992d4,1,23,True,3.016458,49026
01,WAVE,3b90ec17ea9dde89e995a9a46222a93df0f992d4,1,24,True,3.039,49026
01,WAVE,3b90ec17ea9dde89e995a9a46222a93df0f992d4,1,25,True,3.048209,49026
01,WAVE,3b90ec17ea9dde89e995a9a46222a93df0f992d4,1,26,True,3.057542,49026
01,WAVE,3b90ec17ea9dde89e995a9a46222a93df0f992d4,1,27,True,3.027666,49026
01,WAVE,3b90ec17ea9dde89e995a9a46222a93df0f992d4,1,28,True,3.027,49026
01,WAVE,3b90ec17ea9dde89e995a9a46222a93df0f992d4,1,29,True,3.058167,49026
01,WAVE,3b90ec17ea9dde89e995a9a46222a93df0f992d4,1,30,True,3.17075,49026
01,WAVE,3b90ec17ea9dde89e995a9a46222a93df0f992d4,1,31,True,3.123709,49026
01,WAVE,3b90ec17ea9dde89e995a9a46222a93df0f992d4,1,32,True,3.15275,49026
01,WAVE,3b90ec17ea9dde89e995a9a46222a93df0f992d4,1,33,True,2.967791,49026
01,WAVE,3b90ec17ea9dde89e995a9a46222a93df0f992d4,1,34,True,2.980375,49026
01,WAVE,3b90ec17ea9dde89e995a9a46222a93df0f992d4,1,35,True,2.98525,49026
01,WAVE,3b90ec17ea9dde89e995a9a46222a93df0f992d4,1,36,True,3.010875,49026
01,WAVE,3b90ec17ea9dde89e995a9a46222a93df0f992d4,1,37,True,2.973875,49026
01,WAVE,3b90ec17ea9dde89e995a9a46222a93df0f992d4,1,38,True,2.992083,49026
01,WAVE,3b90ec17ea9dde89e995a9a46222a93df0f992d4,1,39,True,3.212666,49026
01,WAVE,3b90ec17ea9dde89e995a9a46222a93df0f992d4,1,40,True,3.057875,49026
01,WAVE,3b90ec17ea9dde89e995a9a46222a93df0f992d4,1,41,True,3.183375,49026
01,WAVE,3b90ec17ea9dde89e995a9a46222a93df0f992d4,1,42,True,3.360667,49026
01,WAVE,3b90ec17ea9dde89e995a9a46222a93df0f992d4,1,43,True,3.0735,49026
01,WAVE,3b90ec17ea9dde89e995a9a46222a93df0f992d4,1,44,True,2.977459,49026
01,WAVE,3b90ec17ea9dde89e995a9a46222a93df0f992d4,1,45,True,3.024667,49026
01,WAVE,3b90ec17ea9dde89e995a9a46222a93df0f992d4,1,46,True,3.140208,49026
01,WAVE,3b90ec17ea9dde89e995a9a46222a93df0f992d4,1,47,True,3.063541,49026
01,WAVE,3b90ec17ea9dde89e995a9a46222a93df0f992d4,1,48,True,2.962583,49026
01,WAVE,3b90ec17ea9dde89e995a9a46222a93df0f992d4,1,49,True,3.002667,49026
01,WAVE,3b90ec17ea9dde89e995a9a46222a93df0f992d4,1,50,True,3.196084,49026
01,WAVE,3b90ec17ea9dde89e995a9a46222a93df0f992d4,1,51,True,3.226041,49026
01,WAVE,3b90ec17ea9dde89e995a9a46222a93df0f992d4,1,52,True,3.200916,49026
01,WAVE,3b90ec17ea9dde89e995a9a46222a93df0f992d4,1,53,True,3.524625,49026
01,WAVE,3b90ec17ea9dde89e995a9a46222a93df0f992d4,1,54,True,3.506958,49026
01,WAVE,3b90ec17ea9dde89e995a9a46222a93df0f992d4,1,55,True,5.205208,49026
01,WAVE,3b90ec17ea9dde89e995a9a46222a93df0f992d4,1,56,True,3.285417,49026
01,WAVE,3b90ec17ea9dde89e995a9a46222a93df0f992d4,1,57,True,3.149541,49026
01,WAVE,3b90ec17ea9dde89e995a9a46222a93df0f992d4,1,58,True,3.150125,49026
01,WAVE,3b90ec17ea9dde89e995a9a46222a93df0f992d4,1,59,True,3.125667,49026
01,WAVE,3b90ec17ea9dde89e995a9a46222a93df0f992d4,1,60,True,3.110334,49026
01,WAVE,3b90ec17ea9dde89e995a9a46222a93df0f992d4,1,61,True,3.0255,49026
01,WAVE,3b90ec17ea9dde89e995a9a46222a93df0f992d4,1,62,True,3.070042,49026
01,WAVE,3b90ec17ea9dde89e995a9a46222a93df0f992d4,1,63,True,3.327375,49026
01,WAVE,3b90ec17ea9dde89e995a9a46222a93df0f992d4,1,64,True,3.235125,49026
01,WAVE,3b90ec17ea9dde89e995a9a46222a93df0f992d4,1,65,True,3.200333,49026
01,WAVE,3b90ec17ea9dde89e995a9a46222a93df0f992d4,1,66,True,3.14375,49026
01,WAVE,3b90ec17ea9dde89e995a9a46222a93df0f992d4,1,67,True,3.2575,49026
01,WAVE,3b90ec17ea9dde89e995a9a46222a93df0f992d4,1,68,True,3.181584,49026
01,WAVE,3b90ec17ea9dde89e995a9a46222a93df0f992d4,1,69,True,3.1045,49026
01,WAVE,3b90ec17ea9dde89e995a9a46222a93df0f992d4,1,70,True,3.062083,49026
01,WAVE,3b90ec17ea9dde89e995a9a46222a93df0f992d4,1,71,True,3.037292,49026
01,WAVE,3b90ec17ea9dde89e995a9a46222a93df0f992d4,1,72,True,3.087,49026
01,WAVE,3b90ec17ea9dde89e995a9a46222a93df0f992d4,1,73,True,3.108083,49026
01,WAVE,3b90ec17ea9dde89e995a9a46222a93df0f992d4,1,74,True,3.193375,49026
01,WAVE,3b90ec17ea9dde89e995a9a46222a93df0f992d4,1,75,True,3.265042,49026
01,WAVE,3b90ec17ea9dde89e995a9a46222a93df0f992d4,1,76,True,3.165375,49026
01,WAVE,3b90ec17ea9dde89e995a9a46222a93df0f992d4,1,77,True,3.101958,49026
01,WAVE,3b90ec17ea9dde89e995a9a46222a93df0f992d4,1,78,True,3.071875,49026
01,WAVE,3b90ec17ea9dde89e995a9a46222a93df0f992d4,1,79,True,3.073875,49026
01,WAVE,3b90ec17ea9dde89e995a9a46222a93df0f992d4,1,80,True,3.093417,49026
01,WAVE,3b90ec17ea9dde89e995a9a46222a93df0f992d4,1,81,True,3.160375,49026
01,WAVE,3b90ec17ea9dde89e995a9a46222a93df0f992d4,1,82,True,3.061125,49026
01,WAVE,3b90ec17ea9dde89e995a9a46222a93df0f992d4,1,83,True,3.025791,49026
01,WAVE,3b90ec17ea9dde89e995a9a46222a93df0f992d4,1,84,True,3.109125,49026
01,WAVE,3b90ec17ea9dde89e995a9a46222a93df0f992d4,1,85,True,3.283875,49026
01,WAVE,3b90ec17ea9dde89e995a9a46222a93df0f992d4,1,86,True,3.229042,49026
01,WAVE,3b90ec17ea9dde89e995a9a46222a93df0f992d4,1,87,True,3.175083,49026
01,WAVE,3b90ec17ea9dde89e995a9a46222a93df0f992d4,1,88,True,3.090167,49026
01,WAVE,3b90ec17ea9dde89e995a9a46222a93df0f992d4,1,89,True,3.048584,49026
01,WAVE,3b90ec17ea9dde89e995a9a46222a93df0f992d4,1,90,True,3.010709,49026
01,WAVE,3b90ec17ea9dde89e995a9a46222a93df0f992d4,1,91,True,2.984667,49026
01,WAVE,3b90ec17ea9dde89e995a9a46222a93df0f992d4,1,92,True,2.973125,49026
01,WAVE,3b90ec17ea9dde89e995a9a46222a93df0f992d4,1,93,True,2.997709,49026
01,WAVE,3b90ec17ea9dde89e995a9a46222a93df0f992d4,1,94,True,3.009042,49026
01,WAVE,3b90ec17ea9dde89e995a9a46222a93df0f992d4,1,95,True,3.022791,49026
01,WAVE,3b90ec17ea9dde89e995a9a46222a93df0f992d4,1,96,True,2.997333,49026
01,WAVE,3b90ec17ea9dde89e995a9a46222a93df0f992d4,1,97,True,3.002833,49026
01,WAVE,3b90ec17ea9dde89e995a9a46222a93df0f992d4,1,98,True,3.209917,49026
01,WAVE,3b90ec17ea9dde89e995a9a46222a93df0f992d4,1,99,True,3.270458,49026
01,WAVE,3b90ec17ea9dde89e995a9a46222a93df0f992d4,1,100,True,3.079916,49026
01,WAVE,3b90ec17ea9dde89e995a9a46222a93df0f992d4,2,1,True,4.823916,96035
01,WAVE,3b90ec17ea9dde89e995a9a46222a93df0f992d4,2,2,True,5.302291,96035
01,WAVE,3b90ec17ea9dde89e995a9a46222a93df0f992d4,2,3,True,5.1295,96035
01,WAVE,3b90ec17ea9dde89e995a9a46222a93df0f992d4,2,4,True,5.061792,96035
01,WAVE,3b90ec17ea9dde89e995a9a46222a93df0f992d4,2,5,True,4.896417,96035
01,WAVE,3b90ec17ea9dde89e995a9a46222a93df0f992d4,2,6,True,4.885958,96035
01,WAVE,3b90ec17ea9dde89e995a9a46222a93df0f992d4,2,7,True,4.916333,96035
01,WAVE,3b90ec17ea9dde89e995a9a46222a93df0f992d4,2,8,True,4.938792,96035
01,WAVE,3b90ec17ea9dde89e995a9a46222a93df0f992d4,2,9,True,4.844625,96035
01,WAVE,3b90ec17ea9dde89e995a9a46222a93df0f992d4,2,10,True,4.908292,96035
01,WAVE,3b90ec17ea9dde89e995a9a46222a93df0f992d4,2,11,True,4.878125,96035
01,WAVE,3b90ec17ea9dde89e995a9a46222a93df0f992d4,2,12,True,4.996791,96035
01,WAVE,3b90ec17ea9dde89e995a9a46222a93df0f992d4,2,13,True,4.883875,96035
01,WAVE,3b90ec17ea9dde89e995a9a46222a93df0f992d4,2,14,True,4.879334,96035
01,WAVE,3b90ec17ea9dde89e995a9a46222a93df0f992d4,2,15,True,4.834125,96035
01,WAVE,3b90ec17ea9dde89e995a9a46222a93df0f992d4,2,16,True,4.895625,96035
01,WAVE,3b90ec17ea9dde89e995a9a46222a93df0f992d4,2,17,True,4.874208,96035
01,WAVE,3b90ec17ea9dde89e995a9a46222a93df0f992d4,2,18,True,4.950208,96035
01,WAVE,3b90ec17ea9dde89e995a9a46222a93df0f992d4,2,19,True,4.845584,96035
01,WAVE,3b90ec17ea9dde89e995a9a46222a93df0f992d4,2,20,True,4.773875,96035
01,WAVE,3b90ec17ea9dde89e995a9a46222a93df0f992d4,2,21,True,4.750083,96035
01,WAVE,3b90ec17ea9dde89e995a9a46222a93df0f992d4,2,22,True,5.001167,96035
01,WAVE,3b90ec17ea9dde89e995a9a46222a93df0f992d4,2,23,True,4.874083,96035
01,WAVE,3b90ec17ea9dde89e995a9a46222a93df0f992d4,2,24,True,4.963958,96035
01,WAVE,3b90ec17ea9dde89e995a9a46222a93df0f992d4,2,25,True,4.837084,96035
01,WAVE,3b90ec17ea9dde89e995a9a46222a93df0f992d4,2,26,True,4.828792,96035
01,WAVE,3b90ec17ea9dde89e995a9a46222a93df0f992d4,2,27,True,4.840459,96035
01,WAVE,3b90ec17ea9dde89e995a9a46222a93df0f992d4,2,28,True,4.852459,96035
01,WAVE,3b90ec17ea9dde89e995a9a46222a93df0f992d4,2,29,True,5.056667,96035
01,WAVE,3b90ec17ea9dde89e995a9a46222a93df0f992d4,2,30,True,5.278292,96035
01,WAVE,3b90ec17ea9dde89e995a9a46222a93df0f992d4,2,31,True,4.958458,96035
01,WAVE,3b90ec17ea9dde89e995a9a46222a93df0f992d4,2,32,True,4.814458,96035
01,WAVE,3b90ec17ea9dde89e995a9a46222a93df0f992d4,2,33,True,4.740417,96035
01,WAVE,3b90ec17ea9dde89e995a9a46222a93df0f992d4,2,34,True,4.733959,96035
01,WAVE,3b90ec17ea9dde89e995a9a46222a93df0f992d4,2,35,True,4.84175,96035
01,WAVE,3b90ec17ea9dde89e995a9a46222a93df0f992d4,2,36,True,4.919542,96035
01,WAVE,3b90ec17ea9dde89e995a9a46222a93df0f992d4,2,37,True,4.8125,96035
01,WAVE,3b90ec17ea9dde89e995a9a46222a93df0f992d4,2,38,True,4.716542,96035
01,WAVE,3b90ec17ea9dde89e995a9a46222a93df0f992d4,2,39,True,4.729167,96035
01,WAVE,3b90ec17ea9dde89e995a9a46222a93df0f992d4,2,40,True,4.903875,96035
01,WAVE,3b90ec17ea9dde89e995a9a46222a93df0f992d4,2,41,True,5.028541,96035
01,WAVE,3b90ec17ea9dde89e995a9a46222a93df0f992d4,2,42,True,4.832792,96035
01,WAVE,3b90ec17ea9dde89e995a9a46222a93df0f992d4,2,43,True,4.806542,96035
01,WAVE,3b90ec17ea9dde89e995a9a46222a93df0f992d4,2,44,True,4.907625,96035
01,WAVE,3b90ec17ea9dde89e995a9a46222a93df0f992d4,2,45,True,4.832042,96035
01,WAVE,3b90ec17ea9dde89e995a9a46222a93df0f992d4,2,46,True,5.041959,96035
01,WAVE,3b90ec17ea9dde89e995a9a46222a93df0f992d4,2,47,True,4.929416,96035
01,WAVE,3b90ec17ea9dde89e995a9a46222a93df0f992d4,2,48,True,4.819083,96035
01,WAVE,3b90ec17ea9dde89e995a9a46222a93df0f992d4,2,49,True,4.923375,96035
01,WAVE,3b90ec17ea9dde89e995a9a46222a93df0f992d4,2,50,True,4.839916,96035
01,WAVE,3b90ec17ea9dde89e995a9a46222a93df0f992d4,2,51,True,5.122458,96035
01,WAVE,3b90ec17ea9dde89e995a9a46222a93df0f992d4,2,52,True,5.117542,96035
01,WAVE,3b90ec17ea9dde89e995a9a46222a93df0f992d4,2,53,True,5.041959,96035
01,WAVE,3b90ec17ea9dde89e995a9a46222a93df0f992d4,2,54,True,4.948917,96035
01,WAVE,3b90ec17ea9dde89e995a9a46222a93df0f992d4,2,55,True,4.865125,96035
01,WAVE,3b90ec17ea9dde89e995a9a46222a93df0f992d4,2,56,True,5.149209,96035
01,WAVE,3b90ec17ea9dde89e995a9a46222a93df0f992d4,2,57,True,4.877584,96035
01,WAVE,3b90ec17ea9dde89e995a9a46222a93df0f992d4,2,58,True,5.218542,96035
01,WAVE,3b90ec17ea9dde89e995a9a46222a93df0f992d4,2,59,True,4.837917,96035
01,WAVE,3b90ec17ea9dde89e995a9a46222a93df0f992d4,2,60,True,4.838084,96035
01,WAVE,3b90ec17ea9dde89e995a9a46222a93df0f992d4,2,61,True,4.878667,96035
01,WAVE,3b90ec17ea9dde89e995a9a46222a93df0f992d4,2,62,True,5.103291,96035
01,WAVE,3b90ec17ea9dde89e995a9a46222a93df0f992d4,2,63,True,5.059541,96035
01,WAVE,3b90ec17ea9dde89e995a9a46222a93df0f992d4,2,64,True,5.03,96035
01,WAVE,3b90ec17ea9dde89e995a9a46222a93df0f992d4,2,65,True,4.803042,96035
01,WAVE,3b90ec17ea9dde89e995a9a46222a93df0f992d4,2,66,True,4.754,96035
01,WAVE,3b90ec17ea9dde89e995a9a46222a93df0f992d4,2,67,True,4.774333,96035
01,WAVE,3b90ec17ea9dde89e995a9a46222a93df0f992d4,2,68,True,4.804541,96035
01,WAVE,3b90ec17ea9dde89e995a9a46222a93df0f992d4,2,69,True,4.938041,96035
01,WAVE,3b90ec17ea9dde89e995a9a46222a93df0f992d4,2,70,True,5.096125,96035
01,WAVE,3b90ec17ea9dde89e995a9a46222a93df0f992d4,2,71,True,4.892875,96035
01,WAVE,3b90ec17ea9dde89e995a9a46222a93df0f992d4,2,72,True,4.834375,96035
01,WAVE,3b90ec17ea9dde89e995a9a46222a93df0f992d4,2,73,True,4.80275,96035
01,WAVE,3b90ec17ea9dde89e995a9a46222a93df0f992d4,2,74,True,5.00125,96035
01,WAVE,3b90ec17ea9dde89e995a9a46222a93df0f992d4,2,75,True,4.841667,96035
01,WAVE,3b90ec17ea9dde89e995a9a46222a93df0f992d4,2,76,True,4.780417,96035
01,WAVE,3b90ec17ea9dde89e995a9a46222a93df0f992d4,2,77,True,4.781416,96035
01,WAVE,3b90ec17ea9dde89e995a9a46222a93df0f992d4,2,78,True,4.870958,96035
01,WAVE,3b90ec17ea9dde89e995a9a46222a93df0f992d4,2,79,True,4.787583,96035
01,WAVE,3b90ec17ea9dde89e995a9a46222a93df0f992d4,2,80,True,5.039083,96035
01,WAVE,3b90ec17ea9dde89e995a9a46222a93df0f992d4,2,81,True,4.954042,96035
01,WAVE,3b90ec17ea9dde89e995a9a46222a93df0f992d4,2,82,True,4.831,96035
01,WAVE,3b90ec17ea9dde89e995a9a46222a93df0f992d4,2,83,True,4.744583,96035
01,WAVE,3b90ec17ea9dde89e995a9a46222a93df0f992d4,2,84,True,4.817916,96035
01,WAVE,3b90ec17ea9dde89e995a9a46222a93df0f992d4,2,85,True,4.763291,96035
01,WAVE,3b90ec17ea9dde89e995a9a46222a93df0f992d4,2,86,True,5.000625,96035
01,WAVE,3b90ec17ea9dde89e995a9a46222a93df0f992d4,2,87,True,5.027,96035
01,WAVE,3b90ec17ea9dde89e995a9a46222a93df0f992d4,2,88,True,4.893208,96035
01,WAVE,3b90ec17ea9dde89e995a9a46222a93df0f992d4,2,89,True,4.843541,96035
01,WAVE,3b90ec17ea9dde89e995a9a46222a93df0f992d4,2,90,True,4.807458,96035
01,WAVE,3b90ec17ea9dde89e995a9a46222a93df0f992d4,2,91,True,4.710791,96035
01,WAVE,3b90ec17ea9dde89e995a9a46222a93df0f992d4,2,92,True,4.888417,96035
01,WAVE,3b90ec17ea9dde89e995a9a46222a93df0f992d4,2,93,True,5.113542,96035
01,WAVE,3b90ec17ea9dde89e995a9a46222a93df0f992d4,2,94,True,4.770542,96035
01,WAVE,3b90ec17ea9dde89e995a9a46222a93df0f992d4,2,95,True,4.730792,96035
01,WAVE,3b90ec17ea9dde89e995a9a46222a93df0f992d4,2,96,True,4.712625,96035
01,WAVE,3b90ec17ea9dde89e995a9a46222a93df0f992d4,2,97,True,4.77725,96035
01,WAVE,3b90ec17ea9dde89e995a9a46222a93df0f992d4,2,98,True,4.841625,96035
01,WAVE,3b90ec17ea9dde89e995a9a46222a93df0f992d4,2,99,True,5.048584,96035
01,WAVE,3b90ec17ea9dde89e995a9a46222a93df0f992d4,2,100,True,4.962542,96035
01,WAVE,3b90ec17ea9dde89e995a9a46222a93df0f992d4,3,1,True,7.706208,143040
01,WAVE,3b90ec17ea9dde89e995a9a46222a93df0f992d4,3,2,True,7.579625,143040
01,WAVE,3b90ec17ea9dde89e995a9a46222a93df0f992d4,3,3,True,7.917875,143040
01,WAVE,3b90ec17ea9dde89e995a9a46222a93df0f992d4,3,4,True,7.450375,143040
01,WAVE,3b90ec17ea9dde89e995a9a46222a93df0f992d4,3,5,True,6.761834,143040
01,WAVE,3b90ec17ea9dde89e995a9a46222a93df0f992d4,3,6,True,6.836125,143040
01,WAVE,3b90ec17ea9dde89e995a9a46222a93df0f992d4,3,7,True,7.512458,143040
01,WAVE,3b90ec17ea9dde89e995a9a46222a93df0f992d4,3,8,True,7.107791,143040
01,WAVE,3b90ec17ea9dde89e995a9a46222a93df0f992d4,3,9,True,6.983375,143040
01,WAVE,3b90ec17ea9dde89e995a9a46222a93df0f992d4,3,10,True,6.850833,143040
01,WAVE,3b90ec17ea9dde89e995a9a46222a93df0f992d4,3,11,True,7.0665,143040
01,WAVE,3b90ec17ea9dde89e995a9a46222a93df0f992d4,3,12,True,6.851666,143040
01,WAVE,3b90ec17ea9dde89e995a9a46222a93df0f992d4,3,13,True,6.757291,143040
01,WAVE,3b90ec17ea9dde89e995a9a46222a93df0f992d4,3,14,True,6.826583,143040
01,WAVE,3b90ec17ea9dde89e995a9a46222a93df0f992d4,3,15,True,7.033708,143040
01,WAVE,3b90ec17ea9dde89e995a9a46222a93df0f992d4,3,16,True,7.121541,143040
01,WAVE,3b90ec17ea9dde89e995a9a46222a93df0f992d4,3,17,True,6.795084,143040
01,WAVE,3b90ec17ea9dde89e995a9a46222a93df0f992d4,3,18,True,6.666125,143040
01,WAVE,3b90ec17ea9dde89e995a9a46222a93df0f992d4,3,19,True,6.750542,143040
01,WAVE,3b90ec17ea9dde89e995a9a46222a93df0f992d4,3,20,True,6.857,143040
01,WAVE,3b90ec17ea9dde89e995a9a46222a93df0f992d4,3,21,True,6.912125,143040
01,WAVE,3b90ec17ea9dde89e995a9a46222a93df0f992d4,3,22,True,6.885333,143040
01,WAVE,3b90ec17ea9dde89e995a9a46222a93df0f992d4,3,23,True,6.656875,143040
01,WAVE,3b90ec17ea9dde89e995a9a46222a93df0f992d4,3,24,True,6.928208,143040
01,WAVE,3b90ec17ea9dde89e995a9a46222a93df0f992d4,3,25,True,6.660625,143040
01,WAVE,3b90ec17ea9dde89e995a9a46222a93df0f992d4,3,26,True,6.698541,143040
01,WAVE,3b90ec17ea9dde89e995a9a46222a93df0f992d4,3,27,True,6.622083,143040
01,WAVE,3b90ec17ea9dde89e995a9a46222a93df0f992d4,3,28,True,7.051959,143040
01,WAVE,3b90ec17ea9dde89e995a9a46222a93df0f992d4,3,29,True,6.693917,143040
01,WAVE,3b90ec17ea9dde89e995a9a46222a93df0f992d4,3,30,True,6.628,143040
01,WAVE,3b90ec17ea9dde89e995a9a46222a93df0f992d4,3,31,True,6.735583,143040
01,WAVE,3b90ec17ea9dde89e995a9a46222a93df0f992d4,3,32,True,7.532834,143040
01,WAVE,3b90ec17ea9dde89e995a9a46222a93df0f992d4,3,33,True,6.883833,143040
01,WAVE,3b90ec17ea9dde89e995a9a46222a93df0f992d4,3,34,True,6.5525,143040
01,WAVE,3b90ec17ea9dde89e995a9a46222a93df0f992d4,3,35,True,6.697292,143040
01,WAVE,3b90ec17ea9dde89e995a9a46222a93df0f992d4,3,36,True,6.876542,143040
01,WAVE,3b90ec17ea9dde89e995a9a46222a93df0f992d4,3,37,True,6.868292,143040
01,WAVE,3b90ec17ea9dde89e995a9a46222a93df0f992d4,3,38,True,6.70425,143040
01,WAVE,3b90ec17ea9dde89e995a9a46222a93df0f992d4,3,39,True,6.714125,143040
01,WAVE,3b90ec17ea9dde89e995a9a46222a93df0f992d4,3,40,True,6.945875,143040
01,WAVE,3b90ec17ea9dde89e995a9a46222a93df0f992d4,3,41,True,6.888416,143040
01,WAVE,3b90ec17ea9dde89e995a9a46222a93df0f992d4,3,42,True,6.797625,143040
01,WAVE,3b90ec17ea9dde89e995a9a46222a93df0f992d4,3,43,True,6.768458,143040
01,WAVE,3b90ec17ea9dde89e995a9a46222a93df0f992d4,3,44,True,6.974542,143040
01,WAVE,3b90ec17ea9dde89e995a9a46222a93df0f992d4,3,45,True,6.723375,143040
01,WAVE,3b90ec17ea9dde89e995a9a46222a93df0f992d4,3,46,True,6.690625,143040
01,WAVE,3b90ec17ea9dde89e995a9a46222a93df0f992d4,3,47,True,6.640458,143040
01,WAVE,3b90ec17ea9dde89e995a9a46222a93df0f992d4,3,48,True,6.930791,143040
01,WAVE,3b90ec17ea9dde89e995a9a46222a93df0f992d4,3,49,True,6.835375,143040
01,WAVE,3b90ec17ea9dde89e995a9a46222a93df0f992d4,3,50,True,6.720625,143040
01,WAVE,3b90ec17ea9dde89e995a9a46222a93df0f992d4,3,51,True,6.734959,143040
01,WAVE,3b90ec17ea9dde89e995a9a46222a93df0f992d4,3,52,True,7.00425,143040
01,WAVE,3b90ec17ea9dde89e995a9a46222a93df0f992d4,3,53,True,6.782,143040
01,WAVE,3b90ec17ea9dde89e995a9a46222a93df0f992d4,3,54,True,6.608417,143040
01,WAVE,3b90ec17ea9dde89e995a9a46222a93df0f992d4,3,55,True,6.56,143040
01,WAVE,3b90ec17ea9dde89e995a9a46222a93df0f992d4,3,56,True,7.010833,143040
01,WAVE,3b90ec17ea9dde89e995a9a46222a93df0f992d4,3,57,True,6.766958,143040
01,WAVE,3b90ec17ea9dde89e995a9a46222a93df0f992d4,3,58,True,6.730541,143040
01,WAVE,3b90ec17ea9dde89e995a9a46222a93df0f992d4,3,59,True,6.644125,143040
01,WAVE,3b90ec17ea9dde89e995a9a46222a93df0f992d4,3,60,True,6.810084,143040
01,WAVE,3b90ec17ea9dde89e995a9a46222a93df0f992d4,3,61,True,6.573,143040
01,WAVE,3b90ec17ea9dde89e995a9a46222a93df0f992d4,3,62,True,6.713416,143040
01,WAVE,3b90ec17ea9dde89e995a9a46222a93df0f992d4,3,63,True,6.900167,143040
01,WAVE,3b90ec17ea9dde89e995a9a46222a93df0f992d4,3,64,True,6.787417,143040
01,WAVE,3b90ec17ea9dde89e995a9a46222a93df0f992d4,3,65,True,6.720959,143040
01,WAVE,3b90ec17ea9dde89e995a9a46222a93df0f992d4,3,66,True,6.968667,143040
01,WAVE,3b90ec17ea9dde89e995a9a46222a93df0f992d4,3,67,True,6.741959,143040
01,WAVE,3b90ec17ea9dde89e995a9a46222a93df0f992d4,3,68,True,6.618042,143040
01,WAVE,3b90ec17ea9dde89e995a9a46222a93df0f992d4,3,69,True,6.673542,143040
01,WAVE,3b90ec17ea9dde89e995a9a46222a93df0f992d4,3,70,True,6.701167,143040
01,WAVE,3b90ec17ea9dde89e995a9a46222a93df0f992d4,3,71,True,6.682166,143040
01,WAVE,3b90ec17ea9dde89e995a9a46222a93df0f992d4,3,72,True,6.510917,143040
01,WAVE,3b90ec17ea9dde89e995a9a46222a93df0f992d4,3,73,True,6.677834,143040
01,WAVE,3b90ec17ea9dde89e995a9a46222a93df0f992d4,3,74,True,6.985334,143040
01,WAVE,3b90ec17ea9dde89e995a9a46222a93df0f992d4,3,75,True,6.66625,143040
01,WAVE,3b90ec17ea9dde89e995a9a46222a93df0f992d4,3,76,True,6.511458,143040
01,WAVE,3b90ec17ea9dde89e995a9a46222a93df0f992d4,3,77,True,6.549417,143040
01,WAVE,3b90ec17ea9dde89e995a9a46222a93df0f992d4,3,78,True,6.662375,143040
01,WAVE,3b90ec17ea9dde89e995a9a46222a93df0f992d4,3,79,True,6.814375,143040
01,WAVE,3b90ec17ea9dde89e995a9a46222a93df0f992d4,3,80,True,6.778417,143040
01,WAVE,3b90ec17ea9dde89e995a9a46222a93df0f992d4,3,81,True,6.7575,143040
01,WAVE,3b90ec17ea9dde89e995a9a46222a93df0f992d4,3,82,True,6.915042,143040
01,WAVE,3b90ec17ea9dde89e995a9a46222a93df0f992d4,3,83,True,6.731084,143040
01,WAVE,3b90ec17ea9dde89e995a9a46222a93df0f992d4,3,84,True,6.659292,143040
01,WAVE,3b90ec17ea9dde89e995a9a46222a93df0f992d4,3,85,True,6.522042,143040
01,WAVE,3b90ec17ea9dde89e995a9a46222a93df0f992d4,3,86,True,6.701292,143040
01,WAVE,3b90ec17ea9dde89e995a9a46222a93df0f992d4,3,87,True,6.737708,143040
01,WAVE,3b90ec17ea9dde89e995a9a46222a93df0f992d4,3,88,True,6.562083,143040
01,WAVE,3b90ec17ea9dde89e995a9a46222a93df0f992d4,3,89,True,6.647291,143040
01,WAVE,3b90ec17ea9dde89e995a9a46222a93df0f992d4,3,90,True,6.81325,143040
01,WAVE,3b90ec17ea9dde89e995a9a46222a93df0f992d4,3,91,True,6.75775,143040
01,WAVE,3b90ec17ea9dde89e995a9a46222a93df0f992d4,3,92,True,6.677875,143040
01,WAVE,3b90ec17ea9dde89e995a9a46222a93df0f992d4,3,93,True,6.590458,143040
01,WAVE,3b90ec17ea9dde89e995a9a46222a93df0f992d4,3,94,True,6.699375,143040
01,WAVE,3b90ec17ea9dde89e995a9a46222a93df0f992d4,3,95,True,6.695709,143040
01,WAVE,3b90ec17ea9dde89e995a9a46222a93df0f992d4,3,96,True,6.72875,143040
01,WAVE,3b90ec17ea9dde89e995a9a46222a93df0f992d4,3,97,True,6.787958,143040
01,WAVE,3b90ec17ea9dde89e995a9a46222a93df0f992d4,3,98,True,7.050584,143040
01,WAVE,3b90ec17ea9dde89e995a9a46222a93df0f992d4,3,99,True,6.856667,143040
01,WAVE,3b90ec17ea9dde89e995a9a46222a93df0f992d4,3,100,True,6.745583,143040
01,WAVE,3b90ec17ea9dde89e995a9a46222a93df0f992d4,5,1,True,10.572209,237050
01,WAVE,3b90ec17ea9dde89e995a9a46222a93df0f992d4,5,2,True,11.908542,237050
01,WAVE,3b90ec17ea9dde89e995a9a46222a93df0f992d4,5,3,True,10.890667,237050
01,WAVE,3b90ec17ea9dde89e995a9a46222a93df0f992d4,5,4,True,10.668625,237050
01,WAVE,3b90ec17ea9dde89e995a9a46222a93df0f992d4,5,5,True,10.727583,237050
01,WAVE,3b90ec17ea9dde89e995a9a46222a93df0f992d4,5,6,True,10.840042,237050
01,WAVE,3b90ec17ea9dde89e995a9a46222a93df0f992d4,5,7,True,10.45025,237050
01,WAVE,3b90ec17ea9dde89e995a9a46222a93df0f992d4,5,8,True,10.544375,237050
01,WAVE,3b90ec17ea9dde89e995a9a46222a93df0f992d4,5,9,True,10.616708,237050
01,WAVE,3b90ec17ea9dde89e995a9a46222a93df0f992d4,5,10,True,10.464292,237050
01,WAVE,3b90ec17ea9dde89e995a9a46222a93df0f992d4,5,11,True,10.487042,237050
01,WAVE,3b90ec17ea9dde89e995a9a46222a93df0f992d4,5,12,True,10.802833,237050
01,WAVE,3b90ec17ea9dde89e995a9a46222a93df0f992d4,5,13,True,10.425709,237050
01,WAVE,3b90ec17ea9dde89e995a9a46222a93df0f992d4,5,14,True,10.13375,237050
01,WAVE,3b90ec17ea9dde89e995a9a46222a93df0f992d4,5,15,True,10.808416,237050
01,WAVE,3b90ec17ea9dde89e995a9a46222a93df0f992d4,5,16,True,10.316833,237050
01,WAVE,3b90ec17ea9dde89e995a9a46222a93df0f992d4,5,17,True,10.13425,237050
01,WAVE,3b90ec17ea9dde89e995a9a46222a93df0f992d4,5,18,True,10.577875,237050
01,WAVE,3b90ec17ea9dde89e995a9a46222a93df0f992d4,5,19,True,10.410333,237050
01,WAVE,3b90ec17ea9dde89e995a9a46222a93df0f992d4,5,20,True,10.3455,237050
01,WAVE,3b90ec17ea9dde89e995a9a46222a93df0f992d4,5,21,True,10.641,237050
01,WAVE,3b90ec17ea9dde89e995a9a46222a93df0f992d4,5,22,True,10.686625,237050
01,WAVE,3b90ec17ea9dde89e995a9a46222a93df0f992d4,5,23,True,10.411083,237050
01,WAVE,3b90ec17ea9dde89e995a9a46222a93df0f992d4,5,24,True,10.523375,237050
01,WAVE,3b90ec17ea9dde89e995a9a46222a93df0f992d4,5,25,True,10.414666,237050
01,WAVE,3b90ec17ea9dde89e995a9a46222a93df0f992d4,5,26,True,10.275833,237050
01,WAVE,3b90ec17ea9dde89e995a9a46222a93df0f992d4,5,27,True,10.652041,237050
01,WAVE,3b90ec17ea9dde89e995a9a46222a93df0f992d4,5,28,True,10.4485,237050
01,WAVE,3b90ec17ea9dde89e995a9a46222a93df0f992d4,5,29,True,10.556,237050
01,WAVE,3b90ec17ea9dde89e995a9a46222a93df0f992d4,5,30,True,10.693459,237050
01,WAVE,3b90ec17ea9dde89e995a9a46222a93df0f992d4,5,31,True,10.225375,237050
01,WAVE,3b90ec17ea9dde89e995a9a46222a93df0f992d4,5,32,True,10.238916,237050
01,WAVE,3b90ec17ea9dde89e995a9a46222a93df0f992d4,5,33,True,10.600917,237050
01,WAVE,3b90ec17ea9dde89e995a9a46222a93df0f992d4,5,34,True,10.486833,237050
01,WAVE,3b90ec17ea9dde89e995a9a46222a93df0f992d4,5,35,True,10.310333,237050
01,WAVE,3b90ec17ea9dde89e995a9a46222a93df0f992d4,5,36,True,10.591458,237050
01,WAVE,3b90ec17ea9dde89e995a9a46222a93df0f992d4,5,37,True,10.433041,237050
01,WAVE,3b90ec17ea9dde89e995a9a46222a93df0f992d4,5,38,True,10.52375,237050
01,WAVE,3b90ec17ea9dde89e995a9a46222a93df0f992d4,5,39,True,10.576833,237050
01,WAVE,3b90ec17ea9dde89e995a9a46222a93df0f992d4,5,40,True,10.334875,237050
01,WAVE,3b90ec17ea9dde89e995a9a46222a93df0f992d4,5,41,True,10.443625,237050
01,WAVE,3b90ec17ea9dde89e995a9a46222a93df0f992d4,5,42,True,10.676667,237050
01,WAVE,3b90ec17ea9dde89e995a9a46222a93df0f992d4,5,43,True,10.445792,237050
01,WAVE,3b90ec17ea9dde89e995a9a46222a93df0f992d4,5,44,True,10.337792,237050
01,WAVE,3b90ec17ea9dde89e995a9a46222a93df0f992d4,5,45,True,10.601083,237050
01,WAVE,3b90ec17ea9dde89e995a9a46222a93df0f992d4,5,46,True,10.505625,237050
01,WAVE,3b90ec17ea9dde89e995a9a46222a93df0f992d4,5,47,True,10.371708,237050
01,WAVE,3b90ec17ea9dde89e995a9a46222a93df0f992d4,5,48,True,10.5855,237050
01,WAVE,3b90ec17ea9dde89e995a9a46222a93df0f992d4,5,49,True,10.500291,237050
01,WAVE,3b90ec17ea9dde89e995a9a46222a93df0f992d4,5,50,True,10.380583,237050
01,WAVE,3b90ec17ea9dde89e995a9a46222a93df0f992d4,5,51,True,10.770125,237050
01,WAVE,3b90ec17ea9dde89e995a9a46222a93df0f992d4,5,52,True,10.385583,237050
01,WAVE,3b90ec17ea9dde89e995a9a46222a93df0f992d4,5,53,True,10.2905,237050
01,WAVE,3b90ec17ea9dde89e995a9a46222a93df0f992d4,5,54,True,10.691875,237050
01,WAVE,3b90ec17ea9dde89e995a9a46222a93df0f992d4,5,55,True,10.361042,237050
01,WAVE,3b90ec17ea9dde89e995a9a46222a93df0f992d4,5,56,True,10.163125,237050
01,WAVE,3b90ec17ea9dde89e995a9a46222a93df0f992d4,5,57,True,10.718042,237050
01,WAVE,3b90ec17ea9dde89e995a9a46222a93df0f992d4,5,58,True,10.3735,237050
01,WAVE,3b90ec17ea9dde89e995a9a46222a93df0f992d4,5,59,True,10.330667,237050
01,WAVE,3b90ec17ea9dde89e995a9a46222a93df0f992d4,5,60,True,10.703792,237050
01,WAVE,3b90ec17ea9dde89e995a9a46222a93df0f992d4,5,61,True,10.189459,237050
01,WAVE,3b90ec17ea9dde89e995a9a46222a93df0f992d4,5,62,True,10.3095,237050
01,WAVE,3b90ec17ea9dde89e995a9a46222a93df0f992d4,5,63,True,10.64175,237050
01,WAVE,3b90ec17ea9dde89e995a9a46222a93df0f992d4,5,64,True,10.328042,237050
01,WAVE,3b90ec17ea9dde89e995a9a46222a93df0f992d4,5,65,True,10.413417,237050
01,WAVE,3b90ec17ea9dde89e995a9a46222a93df0f992d4,5,66,True,10.870541,237050
01,WAVE,3b90ec17ea9dde89e995a9a46222a93df0f992d4,5,67,True,10.596541,237050
01,WAVE,3b90ec17ea9dde89e995a9a46222a93df0f992d4,5,68,True,10.455375,237050
01,WAVE,3b90ec17ea9dde89e995a9a46222a93df0f992d4,5,69,True,10.961333,237050
01,WAVE,3b90ec17ea9dde89e995a9a46222a93df0f992d4,5,70,True,10.441833,237050
01,WAVE,3b90ec17ea9dde89e995a9a46222a93df0f992d4,5,71,True,10.570458,237050
01,WAVE,3b90ec17ea9dde89e995a9a46222a93df0f992d4,5,72,True,10.781375,237050
01,WAVE,3b90ec17ea9dde89e995a9a46222a93df0f992d4,5,73,True,10.462125,237050
01,WAVE,3b90ec17ea9dde89e995a9a46222a93df0f992d4,5,74,True,10.09975,237050
01,WAVE,3b90ec17ea9dde89e995a9a46222a93df0f992d4,5,75,True,10.588458,237050
01,WAVE,3b90ec17ea9dde89e995a9a46222a93df0f992d4,5,76,True,10.329875,237050
01,WAVE,3b90ec17ea9dde89e995a9a46222a93df0f992d4,5,77,True,10.253417,237050
01,WAVE,3b90ec17ea9dde89e995a9a46222a93df0f992d4,5,78,True,10.557334,237050
01,WAVE,3b90ec17ea9dde89e995a9a46222a93df0f992d4,5,79,True,10.631417,237050
01,WAVE,3b90ec17ea9dde89e995a9a46222a93df0f992d4,5,80,True,10.480959,237050
01,WAVE,3b90ec17ea9dde89e995a9a46222a93df0f992d4,5,81,True,10.814875,237050
01,WAVE,3b90ec17ea9dde89e995a9a46222a93df0f992d4,5,82,True,10.576541,237050
01,WAVE,3b90ec17ea9dde89e995a9a46222a93df0f992d4,5,83,True,10.338791,237050
01,WAVE,3b90ec17ea9dde89e995a9a46222a93df0f992d4,5,84,True,10.503667,237050
01,WAVE,3b90ec17ea9dde89e995a9a46222a93df0f992d4,5,85,True,10.313042,237050
01,WAVE,3b90ec17ea9dde89e995a9a46222a93df0f992d4,5,86,True,10.215667,237050
01,WAVE,3b90ec17ea9dde89e995a9a46222a93df0f992d4,5,87,True,10.684083,237050
01,WAVE,3b90ec17ea9dde89e995a9a46222a93df0f992d4,5,88,True,10.361917,237050
01,WAVE,3b90ec17ea9dde89e995a9a46222a93df0f992d4,5,89,True,10.308084,237050
01,WAVE,3b90ec17ea9dde89e995a9a46222a93df0f992d4,5,90,True,10.9245,237050
01,WAVE,3b90ec17ea9dde89e995a9a46222a93df0f992d4,5,91,True,10.486833,237050
01,WAVE,3b90ec17ea9dde89e995a9a46222a93df0f992d4,5,92,True,10.409041,237050
01,WAVE,3b90ec17ea9dde89e995a9a46222a93df0f992d4,5,93,True,10.801625,237050
01,WAVE,3b90ec17ea9dde89e995a9a46222a93df0f992d4,5,94,True,10.377375,237050
01,WAVE,3b90ec17ea9dde89e995a9a46222a93df0f992d4,5,95,True,10.282625,237050
01,WAVE,3b90ec17ea9dde89e995a9a46222a93df0f992d4,5,96,True,10.632125,237050
01,WAVE,3b90ec17ea9dde89e995a9a46222a93df0f992d4,5,97,True,10.276084,237050
01,WAVE,3b90ec17ea9dde89e995a9a46222a93df0f992d4,5,98,True,10.2875,237050
01,WAVE,3b90ec17ea9dde89e995a9a46222a93df0f992d4,5,99,True,10.661166,237050
01,WAVE,3b90ec17ea9dde89e995a9a46222a93df0f992d4,5,100,True,10.531,237050
01,WAVE,3b90ec17ea9dde89e995a9a46222a93df0f992d4,10,1,True,19.933459,472075
01,WAVE,3b90ec17ea9dde89e995a9a46222a93df0f992d4,10,2,True,19.988542,472075
01,WAVE,3b90ec17ea9dde89e995a9a46222a93df0f992d4,10,3,True,19.988875,472075
01,WAVE,3b90ec17ea9dde89e995a9a46222a93df0f992d4,10,4,True,19.755666,472075
01,WAVE,3b90ec17ea9dde89e995a9a46222a93df0f992d4,10,5,True,19.633041,472075
01,WAVE,3b90ec17ea9dde89e995a9a46222a93df0f992d4,10,6,True,19.8745,472075
01,WAVE,3b90ec17ea9dde89e995a9a46222a93df0f992d4,10,7,True,19.778916,472075
01,WAVE,3b90ec17ea9dde89e995a9a46222a93df0f992d4,10,8,True,19.824084,472075
01,WAVE,3b90ec17ea9dde89e995a9a46222a93df0f992d4,10,9,True,19.665875,472075
01,WAVE,3b90ec17ea9dde89e995a9a46222a93df0f992d4,10,10,True,20.120083,472075
01,WAVE,3b90ec17ea9dde89e995a9a46222a93df0f992d4,10,11,True,19.845541,472075
01,WAVE,3b90ec17ea9dde89e995a9a46222a93df0f992d4,10,12,True,19.448042,472075
01,WAVE,3b90ec17ea9dde89e995a9a46222a93df0f992d4,10,13,True,19.282834,472075
01,WAVE,3b90ec17ea9dde89e995a9a46222a93df0f992d4,10,14,True,19.767417,472075
01,WAVE,3b90ec17ea9dde89e995a9a46222a93df0f992d4,10,15,True,19.851292,472075
01,WAVE,3b90ec17ea9dde89e995a9a46222a93df0f992d4,10,16,True,19.381333,472075
01,WAVE,3b90ec17ea9dde89e995a9a46222a93df0f992d4,10,17,True,19.75775,472075
01,WAVE,3b90ec17ea9dde89e995a9a46222a93df0f992d4,10,18,True,19.7515,472075
01,WAVE,3b90ec17ea9dde89e995a9a46222a93df0f992d4,10,19,True,19.781791,472075
01,WAVE,3b90ec17ea9dde89e995a9a46222a93df0f992d4,10,20,True,19.54375,472075
01,WAVE,3b90ec17ea9dde89e995a9a46222a93df0f992d4,10,21,True,19.884708,472075
01,WAVE,3b90ec17ea9dde89e995a9a46222a93df0f992d4,10,22,True,19.809791,472075
01,WAVE,3b90ec17ea9dde89e995a9a46222a93df0f992d4,10,23,True,19.758625,472075
01,WAVE,3b90ec17ea9dde89e995a9a46222a93df0f992d4,10,24,True,19.67925,472075
01,WAVE,3b90ec17ea9dde89e995a9a46222a93df0f992d4,10,25,True,19.592958,472075
01,WAVE,3b90ec17ea9dde89e995a9a46222a93df0f992d4,10,26,True,19.6065,472075
01,WAVE,3b90ec17ea9dde89e995a9a46222a93df0f992d4,10,27,True,19.779666,472075
01,WAVE,3b90ec17ea9dde89e995a9a46222a93df0f992d4,10,28,True,19.806916,472075
01,WAVE,3b90ec17ea9dde89e995a9a46222a93df0f992d4,10,29,True,19.972833,472075
01,WAVE,3b90ec17ea9dde89e995a9a46222a93df0f992d4,10,30,True,19.675875,472075
01,WAVE,3b90ec17ea9dde89e995a9a46222a93df0f992d4,10,31,True,19.78875,472075
01,WAVE,3b90ec17ea9dde89e995a9a46222a93df0f992d4,10,32,True,19.579625,472075
01,WAVE,3b90ec17ea9dde89e995a9a46222a93df0f992d4,10,33,True,19.576416,472075
01,WAVE,3b90ec17ea9dde89e995a9a46222a93df0f992d4,10,34,True,19.57025,472075
01,WAVE,3b90ec17ea9dde89e995a9a46222a93df0f992d4,10,35,True,19.90425,472075
01,WAVE,3b90ec17ea9dde89e995a9a46222a93df0f992d4,10,36,True,19.863625,472075
01,WAVE,3b90ec17ea9dde89e995a9a46222a93df0f992d4,10,37,True,19.911875,472075
01,WAVE,3b90ec17ea9dde89e995a9a46222a93df0f992d4,10,38,True,19.764333,472075
01,WAVE,3b90ec17ea9dde89e995a9a46222a93df0f992d4,10,39,True,19.804917,472075
01,WAVE,3b90ec17ea9dde89e995a9a46222a93df0f992d4,10,40,True,19.605042,472075
01,WAVE,3b90ec17ea9dde89e995a9a46222a93df0f992d4,10,41,True,19.645834,472075
01,WAVE,3b90ec17ea9dde89e995a9a46222a93df0f992d4,10,42,True,19.325958,472075
01,WAVE,3b90ec17ea9dde89e995a9a46222a93df0f992d4,10,43,True,19.708334,472075
01,WAVE,3b90ec17ea9dde89e995a9a46222a93df0f992d4,10,44,True,19.732583,472075
01,WAVE,3b90ec17ea9dde89e995a9a46222a93df0f992d4,10,45,True,20.009875,472075
01,WAVE,3b90ec17ea9dde89e995a9a46222a93df0f992d4,10,46,True,19.999375,472075
01,WAVE,3b90ec17ea9dde89e995a9a46222a93df0f992d4,10,47,True,19.781875,472075
01,WAVE,3b90ec17ea9dde89e995a9a46222a93df0f992d4,10,48,True,19.501,472075
01,WAVE,3b90ec17ea9dde89e995a9a46222a93df0f992d4,10,49,True,19.733917,472075
01,WAVE,3b90ec17ea9dde89e995a9a46222a93df0f992d4,10,50,True,19.761791,472075
01,WAVE,3b90ec17ea9dde89e995a9a46222a93df0f992d4,10,51,True,19.901083,472075
01,WAVE,3b90ec17ea9dde89e995a9a46222a93df0f992d4,10,52,True,19.594708,472075
01,WAVE,3b90ec17ea9dde89e995a9a46222a93df0f992d4,10,53,True,19.649042,472075
01,WAVE,3b90ec17ea9dde89e995a9a46222a93df0f992d4,10,54,True,26.605041,472075
01,WAVE,3b90ec17ea9dde89e995a9a46222a93df0f992d4,10,55,True,22.4315,472075
01,WAVE,3b90ec17ea9dde89e995a9a46222a93df0f992d4,10,56,True,23.392208,472075
01,WAVE,3b90ec17ea9dde89e995a9a46222a93df0f992d4,10,57,True,28.030875,472075
01,WAVE,3b90ec17ea9dde89e995a9a46222a93df0f992d4,10,58,True,22.965708,472075
01,WAVE,3b90ec17ea9dde89e995a9a46222a93df0f992d4,10,59,True,22.179291,472075
01,WAVE,3b90ec17ea9dde89e995a9a46222a93df0f992d4,10,60,True,22.928083,472075
01,WAVE,3b90ec17ea9dde89e995a9a46222a93df0f992d4,10,61,True,22.389958,472075
01,WAVE,3b90ec17ea9dde89e995a9a46222a93df0f992d4,10,62,True,20.846375,472075
01,WAVE,3b90ec17ea9dde89e995a9a46222a93df0f992d4,10,63,True,20.735291,472075
01,WAVE,3b90ec17ea9dde89e995a9a46222a93df0f992d4,10,64,True,21.35125,472075
01,WAVE,3b90ec17ea9dde89e995a9a46222a93df0f992d4,10,65,True,19.785458,472075
01,WAVE,3b90ec17ea9dde89e995a9a46222a93df0f992d4,10,66,True,19.965458,472075
01,WAVE,3b90ec17ea9dde89e995a9a46222a93df0f992d4,10,67,True,20.130875,472075
01,WAVE,3b90ec17ea9dde89e995a9a46222a93df0f992d4,10,68,True,19.743875,472075
01,WAVE,3b90ec17ea9dde89e995a9a46222a93df0f992d4,10,69,True,20.050334,472075
01,WAVE,3b90ec17ea9dde89e995a9a46222a93df0f992d4,10,70,True,20.146458,472075
01,WAVE,3b90ec17ea9dde89e995a9a46222a93df0f992d4,10,71,True,20.2005,472075
01,WAVE,3b90ec17ea9dde89e995a9a46222a93df0f992d4,10,72,True,20.046459,472075
01,WAVE,3b90ec17ea9dde89e995a9a46222a93df0f992d4,10,73,True,20.156875,472075
01,WAVE,3b90ec17ea9dde89e995a9a46222a93df0f992d4,10,74,True,19.455917,472075
01,WAVE,3b90ec17ea9dde89e995a9a46222a93df0f992d4,10,75,True,19.887001,472075
01,WAVE,3b90ec17ea9dde89e995a9a46222a93df0f992d4,10,76,True,19.795709,472075
01,WAVE,3b90ec17ea9dde89e995a9a46222a93df0f992d4,10,77,True,19.720958,472075
01,WAVE,3b90ec17ea9dde89e995a9a46222a93df0f992d4,10,78,True,20.028125,472075
01,WAVE,3b90ec17ea9dde89e995a9a46222a93df0f992d4,10,79,True,19.779792,472075
01,WAVE,3b90ec17ea9dde89e995a9a46222a93df0f992d4,10,80,True,19.622166,472075
01,WAVE,3b90ec17ea9dde89e995a9a46222a93df0f992d4,10,81,True,19.553208,472075
01,WAVE,3b90ec17ea9dde89e995a9a46222a93df0f992d4,10,82,True,19.610209,472075
01,WAVE,3b90ec17ea9dde89e995a9a46222a93df0f992d4,10,83,True,19.827833,472075
01,WAVE,3b90ec17ea9dde89e995a9a46222a93df0f992d4,10,84,True,19.638917,472075
01,WAVE,3b90ec17ea9dde89e995a9a46222a93df0f992d4,10,85,True,20.016125,472075
01,WAVE,3b90ec17ea9dde89e995a9a46222a93df0f992d4,10,86,True,19.950875,472075
01,WAVE,3b90ec17ea9dde89e995a9a46222a93df0f992d4,10,87,True,20.038,472075
01,WAVE,3b90ec17ea9dde89e995a9a46222a93df0f992d4,10,88,True,19.987459,472075
01,WAVE,3b90ec17ea9dde89e995a9a46222a93df0f992d4,10,89,True,19.971542,472075
01,WAVE,3b90ec17ea9dde89e995a9a46222a93df0f992d4,10,90,True,19.324834,472075
01,WAVE,3b90ec17ea9dde89e995a9a46222a93df0f992d4,10,91,True,19.49025,472075
01,WAVE,3b90ec17ea9dde89e995a9a46222a93df0f992d4,10,92,True,19.766042,472075
01,WAVE,3b90ec17ea9dde89e995a9a46222a93df0f992d4,10,93,True,19.956583,472075
01,WAVE,3b90ec17ea9dde89e995a9a46222a93df0f992d4,10,94,True,19.554209,472075
01,WAVE,3b90ec17ea9dde89e995a9a46222a93df0f992d4,10,95,True,19.525792,472075
01,WAVE,3b90ec17ea9dde89e995a9a46222a93df0f992d4,10,96,True,19.935875,472075
01,WAVE,3b90ec17ea9dde89e995a9a46222a93df0f992d4,10,97,True,20.149542,472075
01,WAVE,3b90ec17ea9dde89e995a9a46222a93df0f992d4,10,98,True,19.766792,472075
01,WAVE,3b90ec17ea9dde89e995a9a46222a93df0f992d4,10,99,True,19.846375,472075
01,WAVE,3b90ec17ea9dde89e995a9a46222a93df0f992d4,10,100,True,19.785583,472075
02,WAVE,3b90ec17ea9dde89e995a9a46222a93df0f992d4,1,1,True,3.860709,49026
02,WAVE,3b90ec17ea9dde89e995a9a46222a93df0f992d4,1,2,True,3.727042,49026
02,WAVE,3b90ec17ea9dde89e995a9a46222a93df0f992d4,1,3,True,3.587833,49026
02,WAVE,3b90ec17ea9dde89e995a9a46222a93df0f992d4,1,4,True,3.526125,49026
02,WAVE,3b90ec17ea9dde89e995a9a46222a93df0f992d4,1,5,True,3.583,49026
02,WAVE,3b90ec17ea9dde89e995a9a46222a93df0f992d4,1,6,True,3.543042,49026
02,WAVE,3b90ec17ea9dde89e995a9a46222a93df0f992d4,1,7,True,3.401417,49026
02,WAVE,3b90ec17ea9dde89e995a9a46222a93df0f992d4,1,8,True,3.516292,49026
02,WAVE,3b90ec17ea9dde89e995a9a46222a93df0f992d4,1,9,True,3.602209,49026
02,WAVE,3b90ec17ea9dde89e995a9a46222a93df0f992d4,1,10,True,3.382292,49026
02,WAVE,3b90ec17ea9dde89e995a9a46222a93df0f992d4,1,11,True,3.102083,49026
02,WAVE,3b90ec17ea9dde89e995a9a46222a93df0f992d4,1,12,True,3.064083,49026
02,WAVE,3b90ec17ea9dde89e995a9a46222a93df0f992d4,1,13,True,3.0535,49026
02,WAVE,3b90ec17ea9dde89e995a9a46222a93df0f992d4,1,14,True,3.064083,49026
02,WAVE,3b90ec17ea9dde89e995a9a46222a93df0f992d4,1,15,True,3.040834,49026
02,WAVE,3b90ec17ea9dde89e995a9a46222a93df0f992d4,1,16,True,2.996792,49026
02,WAVE,3b90ec17ea9dde89e995a9a46222a93df0f992d4,1,17,True,3.062542,49026
02,WAVE,3b90ec17ea9dde89e995a9a46222a93df0f992d4,1,18,True,3.07575,49026
02,WAVE,3b90ec17ea9dde89e995a9a46222a93df0f992d4,1,19,True,3.169792,49026
02,WAVE,3b90ec17ea9dde89e995a9a46222a93df0f992d4,1,20,True,3.248084,49026
02,WAVE,3b90ec17ea9dde89e995a9a46222a93df0f992d4,1,21,True,3.245875,49026
02,WAVE,3b90ec17ea9dde89e995a9a46222a93df0f992d4,1,22,True,3.081583,49026
02,WAVE,3b90ec17ea9dde89e995a9a46222a93df0f992d4,1,23,True,3.055,49026
02,WAVE,3b90ec17ea9dde89e995a9a46222a93df0f992d4,1,24,True,3.07325,49026
02,WAVE,3b90ec17ea9dde89e995a9a46222a93df0f992d4,1,25,True,3.05575,49026
02,WAVE,3b90ec17ea9dde89e995a9a46222a93df0f992d4,1,26,True,3.077584,49026
02,WAVE,3b90ec17ea9dde89e995a9a46222a93df0f992d4,1,27,True,3.063,49026
02,WAVE,3b90ec17ea9dde89e995a9a46222a93df0f992d4,1,28,True,3.117792,49026
02,WAVE,3b90ec17ea9dde89e995a9a46222a93df0f992d4,1,29,True,3.035583,49026
02,WAVE,3b90ec17ea9dde89e995a9a46222a93df0f992d4,1,30,True,3.04725,49026
02,WAVE,3b90ec17ea9dde89e995a9a46222a93df0f992d4,1,31,True,3.12275,49026
02,WAVE,3b90ec17ea9dde89e995a9a46222a93df0f992d4,1,32,True,3.328208,49026
02,WAVE,3b90ec17ea9dde89e995a9a46222a93df0f992d4,1,33,True,3.087459,49026
02,WAVE,3b90ec17ea9dde89e995a9a46222a93df0f992d4,1,34,True,3.105917,49026
02,WAVE,3b90ec17ea9dde89e995a9a46222a93df0f992d4,1,35,True,3.130875,49026
02,WAVE,3b90ec17ea9dde89e995a9a46222a93df0f992d4,1,36,True,3.099083,49026
02,WAVE,3b90ec17ea9dde89e995a9a46222a93df0f992d4,1,37,True,3.044042,49026
02,WAVE,3b90ec17ea9dde89e995a9a46222a93df0f992d4,1,38,True,3.034167,49026
02,WAVE,3b90ec17ea9dde89e995a9a46222a93df0f992d4,1,39,True,3.072583,49026
02,WAVE,3b90ec17ea9dde89e995a9a46222a93df0f992d4,1,40,True,3.149917,49026
02,WAVE,3b90ec17ea9dde89e995a9a46222a93df0f992d4,1,41,True,3.148292,49026
02,WAVE,3b90ec17ea9dde89e995a9a46222a93df0f992d4,1,42,True,3.119834,49026
02,WAVE,3b90ec17ea9dde89e995a9a46222a93df0f992d4,1,43,True,3.030833,49026
02,WAVE,3b90ec17ea9dde89e995a9a46222a93df0f992d4,1,44,True,3.035792,49026
02,WAVE,3b90ec17ea9dde89e995a9a46222a93df0f992d4,1,45,True,3.009417,49026
02,WAVE,3b90ec17ea9dde89e995a9a46222a93df0f992d4,1,46,True,3.052084,49026
02,WAVE,3b90ec17ea9dde89e995a9a46222a93df0f992d4,1,47,True,3.027958,49026
02,WAVE,3b90ec17ea9dde89e995a9a46222a93df0f992d4,1,48,True,3.106333,49026
02,WAVE,3b90ec17ea9dde89e995a9a46222a93df0f992d4,1,49,True,3.072583,49026
02,WAVE,3b90ec17ea9dde89e995a9a46222a93df0f992d4,1,50,True,3.059709,49026
02,WAVE,3b90ec17ea9dde89e995a9a46222a93df0f992d4,1,51,True,3.1565,49026
02,WAVE,3b90ec17ea9dde89e995a9a46222a93df0f992d4,1,52,True,3.198333,49026
02,WAVE,3b90ec17ea9dde89e995a9a46222a93df0f992d4,1,53,True,3.078333,49026
02,WAVE,3b90ec17ea9dde89e995a9a46222a93df0f992d4,1,54,True,3.051708,49026
02,WAVE,3b90ec17ea9dde89e995a9a46222a93df0f992d4,1,55,True,3.086125,49026
02,WAVE,3b90ec17ea9dde89e995a9a46222a93df0f992d4,1,56,True,3.075667,49026
02,WAVE,3b90ec17ea9dde89e995a9a46222a93df0f992d4,1,57,True,3.04725,49026
02,WAVE,3b90ec17ea9dde89e995a9a46222a93df0f992d4,1,58,True,3.071,49026
02,WAVE,3b90ec17ea9dde89e995a9a46222a93df0f992d4,1,59,True,3.066208,49026
02,WAVE,3b90ec17ea9dde89e995a9a46222a93df0f992d4,1,60,True,3.16825,49026
02,WAVE,3b90ec17ea9dde89e995a9a46222a93df0f992d4,1,61,True,3.122417,49026
02,WAVE,3b90ec17ea9dde89e995a9a46222a93df0f992d4,1,62,True,3.151,49026
02,WAVE,3b90ec17ea9dde89e995a9a46222a93df0f992d4,1,63,True,3.270584,49026
02,WAVE,3b90ec17ea9dde89e995a9a46222a93df0f992d4,1,64,True,3.319708,49026
02,WAVE,3b90ec17ea9dde89e995a9a46222a93df0f992d4,1,65,True,3.146,49026
02,WAVE,3b90ec17ea9dde89e995a9a46222a93df0f992d4,1,66,True,3.065791,49026
02,WAVE,3b90ec17ea9dde89e995a9a46222a93df0f992d4,1,67,True,3.1355,49026
02,WAVE,3b90ec17ea9dde89e995a9a46222a93df0f992d4,1,68,True,3.063667,49026
02,WAVE,3b90ec17ea9dde89e995a9a46222a93df0f992d4,1,69,True,3.097625,49026
02,WAVE,3b90ec17ea9dde89e995a9a46222a93df0f992d4,1,70,True,3.067375,49026
02,WAVE,3b90ec17ea9dde89e995a9a46222a93df0f992d4,1,71,True,3.081666,49026
02,WAVE,3b90ec17ea9dde89e995a9a46222a93df0f992d4,1,72,True,3.087416,49026
02,WAVE,3b90ec17ea9dde89e995a9a46222a93df0f992d4,1,73,True,3.066583,49026
02,WAVE,3b90ec17ea9dde89e995a9a46222a93df0f992d4,1,74,True,3.167041,49026
02,WAVE,3b90ec17ea9dde89e995a9a46222a93df0f992d4,1,75,True,3.200416,49026
02,WAVE,3b90ec17ea9dde89e995a9a46222a93df0f992d4,1,76,True,3.072,49026
02,WAVE,3b90ec17ea9dde89e995a9a46222a93df0f992d4,1,77,True,3.113125,49026
02,WAVE,3b90ec17ea9dde89e995a9a46222a93df0f992d4,1,78,True,3.08625,49026
02,WAVE,3b90ec17ea9dde89e995a9a46222a93df0f992d4,1,79,True,3.034667,49026
02,WAVE,3b90ec17ea9dde89e995a9a46222a93df0f992d4,1,80,True,3.043417,49026
02,WAVE,3b90ec17ea9dde89e995a9a46222a93df0f992d4,1,81,True,3.090292,49026
02,WAVE,3b90ec17ea9dde89e995a9a46222a93df0f992d4,1,82,True,3.098209,49026
02,WAVE,3b90ec17ea9dde89e995a9a46222a93df0f992d4,1,83,True,3.235292,49026
02,WAVE,3b90ec17ea9dde89e995a9a46222a93df0f992d4,1,84,True,3.177625,49026
02,WAVE,3b90ec17ea9dde89e995a9a46222a93df0f992d4,1,85,True,3.033084,49026
02,WAVE,3b90ec17ea9dde89e995a9a46222a93df0f992d4,1,86,True,3.059042,49026
02,WAVE,3b90ec17ea9dde89e995a9a46222a93df0f992d4,1,87,True,3.0455,49026
02,WAVE,3b90ec17ea9dde89e995a9a46222a93df0f992d4,1,88,True,3.140833,49026
02,WAVE,3b90ec17ea9dde89e995a9a46222a93df0f992d4,1,89,True,3.079792,49026
02,WAVE,3b90ec17ea9dde89e995a9a46222a93df0f992d4,1,90,True,3.144709,49026
02,WAVE,3b90ec17ea9dde89e995a9a46222a93df0f992d4,1,91,True,3.13725,49026
02,WAVE,3b90ec17ea9dde89e995a9a46222a93df0f992d4,1,92,True,3.181083,49026
02,WAVE,3b90ec17ea9dde89e995a9a46222a93df0f992d4,1,93,True,3.330209,49026
02,WAVE,3b90ec17ea9dde89e995a9a46222a93df0f992d4,1,94,True,3.186333,49026
02,WAVE,3b90ec17ea9dde89e995a9a46222a93df0f992d4,1,95,True,3.206625,49026
02,WAVE,3b90ec17ea9dde89e995a9a46222a93df0f992d4,1,96,True,3.29675,49026
02,WAVE,3b90ec17ea9dde89e995a9a46222a93df0f992d4,1,97,True,3.17675,49026
02,WAVE,3b90ec17ea9dde89e995a9a46222a93df0f992d4,1,98,True,3.11125,49026
02,WAVE,3b90ec17ea9dde89e995a9a46222a93df0f992d4,1,99,True,3.152667,49026
02,WAVE,3b90ec17ea9dde89e995a9a46222a93df0f992d4,1,100,True,3.109541,49026
02,WAVE,3b90ec17ea9dde89e995a9a46222a93df0f992d4,2,1,True,5.058958,96035
02,WAVE,3b90ec17ea9dde89e995a9a46222a93df0f992d4,2,2,True,5.116125,96035
02,WAVE,3b90ec17ea9dde89e995a9a46222a93df0f992d4,2,3,True,5.32225,96035
02,WAVE,3b90ec17ea9dde89e995a9a46222a93df0f992d4,2,4,True,5.083167,96035
02,WAVE,3b90ec17ea9dde89e995a9a46222a93df0f992d4,2,5,True,5.003375,96035
02,WAVE,3b90ec17ea9dde89e995a9a46222a93df0f992d4,2,6,True,4.945708,96035
02,WAVE,3b90ec17ea9dde89e995a9a46222a93df0f992d4,2,7,True,4.956541,96035
02,WAVE,3b90ec17ea9dde89e995a9a46222a93df0f992d4,2,8,True,4.937833,96035
02,WAVE,3b90ec17ea9dde89e995a9a46222a93df0f992d4,2,9,True,5.29975,96035
02,WAVE,3b90ec17ea9dde89e995a9a46222a93df0f992d4,2,10,True,5.150958,96035
02,WAVE,3b90ec17ea9dde89e995a9a46222a93df0f992d4,2,11,True,5.035125,96035
02,WAVE,3b90ec17ea9dde89e995a9a46222a93df0f992d4,2,12,True,4.981208,96035
02,WAVE,3b90ec17ea9dde89e995a9a46222a93df0f992d4,2,13,True,4.925917,96035
02,WAVE,3b90ec17ea9dde89e995a9a46222a93df0f992d4,2,14,True,5.173,96035
02,WAVE,3b90ec17ea9dde89e995a9a46222a93df0f992d4,2,15,True,5.365458,96035
02,WAVE,3b90ec17ea9dde89e995a9a46222a93df0f992d4,2,16,True,5.049792,96035
02,WAVE,3b90ec17ea9dde89e995a9a46222a93df0f992d4,2,17,True,5.057667,96035
02,WAVE,3b90ec17ea9dde89e995a9a46222a93df0f992d4,2,18,True,5.156,96035
02,WAVE,3b90ec17ea9dde89e995a9a46222a93df0f992d4,2,19,True,4.955541,96035
02,WAVE,3b90ec17ea9dde89e995a9a46222a93df0f992d4,2,20,True,4.874958,96035
02,WAVE,3b90ec17ea9dde89e995a9a46222a93df0f992d4,2,21,True,4.986833,96035
02,WAVE,3b90ec17ea9dde89e995a9a46222a93df0f992d4,2,22,True,4.841208,96035
02,WAVE,3b90ec17ea9dde89e995a9a46222a93df0f992d4,2,23,True,4.949834,96035
02,WAVE,3b90ec17ea9dde89e995a9a46222a93df0f992d4,2,24,True,4.895,96035
02,WAVE,3b90ec17ea9dde89e995a9a46222a93df0f992d4,2,25,True,5.082959,96035
02,WAVE,3b90ec17ea9dde89e995a9a46222a93df0f992d4,2,26,True,5.09175,96035
02,WAVE,3b90ec17ea9dde89e995a9a46222a93df0f992d4,2,27,True,4.930791,96035
02,WAVE,3b90ec17ea9dde89e995a9a46222a93df0f992d4,2,28,True,4.888375,96035
02,WAVE,3b90ec17ea9dde89e995a9a46222a93df0f992d4,2,29,True,4.900375,96035
02,WAVE,3b90ec17ea9dde89e995a9a46222a93df0f992d4,2,30,True,4.896375,96035
02,WAVE,3b90ec17ea9dde89e995a9a46222a93df0f992d4,2,31,True,5.117458,96035
02,WAVE,3b90ec17ea9dde89e995a9a46222a93df0f992d4,2,32,True,4.9525,96035
02,WAVE,3b90ec17ea9dde89e995a9a46222a93df0f992d4,2,33,True,4.927333,96035
02,WAVE,3b90ec17ea9dde89e995a9a46222a93df0f992d4,2,34,True,5.061208,96035
02,WAVE,3b90ec17ea9dde89e995a9a46222a93df0f992d4,2,35,True,5.1765,96035
02,WAVE,3b90ec17ea9dde89e995a9a46222a93df0f992d4,2,36,True,5.735375,96035
02,WAVE,3b90ec17ea9dde89e995a9a46222a93df0f992d4,2,37,True,5.564041,96035
02,WAVE,3b90ec17ea9dde89e995a9a46222a93df0f992d4,2,38,True,5.437,96035
02,WAVE,3b90ec17ea9dde89e995a9a46222a93df0f992d4,2,39,True,5.113208,96035
02,WAVE,3b90ec17ea9dde89e995a9a46222a93df0f992d4,2,40,True,5.044833,96035
02,WAVE,3b90ec17ea9dde89e995a9a46222a93df0f992d4,2,41,True,5.0955,96035
02,WAVE,3b90ec17ea9dde89e995a9a46222a93df0f992d4,2,42,True,5.294541,96035
02,WAVE,3b90ec17ea9dde89e995a9a46222a93df0f992d4,2,43,True,5.077083,96035
02,WAVE,3b90ec17ea9dde89e995a9a46222a93df0f992d4,2,44,True,4.932125,96035
02,WAVE,3b90ec17ea9dde89e995a9a46222a93df0f992d4,2,45,True,4.963833,96035
02,WAVE,3b90ec17ea9dde89e995a9a46222a93df0f992d4,2,46,True,4.952708,96035
02,WAVE,3b90ec17ea9dde89e995a9a46222a93df0f992d4,2,47,True,4.938791,96035
02,WAVE,3b90ec17ea9dde89e995a9a46222a93df0f992d4,2,48,True,5.191792,96035
02,WAVE,3b90ec17ea9dde89e995a9a46222a93df0f992d4,2,49,True,5.188208,96035
02,WAVE,3b90ec17ea9dde89e995a9a46222a93df0f992d4,2,50,True,4.998791,96035
02,WAVE,3b90ec17ea9dde89e995a9a46222a93df0f992d4,2,51,True,4.9695,96035
02,WAVE,3b90ec17ea9dde89e995a9a46222a93df0f992d4,2,52,True,5.031166,96035
02,WAVE,3b90ec17ea9dde89e995a9a46222a93df0f992d4,2,53,True,5.037791,96035
02,WAVE,3b90ec17ea9dde89e995a9a46222a93df0f992d4,2,54,True,5.333125,96035
02,WAVE,3b90ec17ea9dde89e995a9a46222a93df0f992d4,2,55,True,5.223833,96035
02,WAVE,3b90ec17ea9dde89e995a9a46222a93df0f992d4,2,56,True,5.071125,96035
02,WAVE,3b90ec17ea9dde89e995a9a46222a93df0f992d4,2,57,True,5.038416,96035
02,WAVE,3b90ec17ea9dde89e995a9a46222a93df0f992d4,2,58,True,5.091083,96035
02,WAVE,3b90ec17ea9dde89e995a9a46222a93df0f992d4,2,59,True,5.027625,96035
02,WAVE,3b90ec17ea9dde89e995a9a46222a93df0f992d4,2,60,True,5.399958,96035
02,WAVE,3b90ec17ea9dde89e995a9a46222a93df0f992d4,2,61,True,5.115166,96035
02,WAVE,3b90ec17ea9dde89e995a9a46222a93df0f992d4,2,62,True,5.057167,96035
02,WAVE,3b90ec17ea9dde89e995a9a46222a93df0f992d4,2,63,True,5.031125,96035
02,WAVE,3b90ec17ea9dde89e995a9a46222a93df0f992d4,2,64,True,5.102875,96035
02,WAVE,3b90ec17ea9dde89e995a9a46222a93df0f992d4,2,65,True,5.297167,96035
02,WAVE,3b90ec17ea9dde89e995a9a46222a93df0f992d4,2,66,True,5.108125,96035
02,WAVE,3b90ec17ea9dde89e995a9a46222a93df0f992d4,2,67,True,4.884,96035
02,WAVE,3b90ec17ea9dde89e995a9a46222a93df0f992d4,2,68,True,4.868542,96035
02,WAVE,3b90ec17ea9dde89e995a9a46222a93df0f992d4,2,69,True,4.8285,96035
02,WAVE,3b90ec17ea9dde89e995a9a46222a93df0f992d4,2,70,True,5.035542,96035
02,WAVE,3b90ec17ea9dde89e995a9a46222a93df0f992d4,2,71,True,5.20775,96035
02,WAVE,3b90ec17ea9dde89e995a9a46222a93df0f992d4,2,72,True,4.949042,96035
02,WAVE,3b90ec17ea9dde89e995a9a46222a93df0f992d4,2,73,True,4.898625,96035
02,WAVE,3b90ec17ea9dde89e995a9a46222a93df0f992d4,2,74,True,4.906666,96035
02,WAVE,3b90ec17ea9dde89e995a9a46222a93df0f992d4,2,75,True,4.909125,96035
02,WAVE,3b90ec17ea9dde89e995a9a46222a93df0f992d4,2,76,True,5.02725,96035
02,WAVE,3b90ec17ea9dde89e995a9a46222a93df0f992d4,2,77,True,5.156542,96035
02,WAVE,3b90ec17ea9dde89e995a9a46222a93df0f992d4,2,78,True,4.955084,96035
02,WAVE,3b90ec17ea9dde89e995a9a46222a93df0f992d4,2,79,True,4.886292,96035
02,WAVE,3b90ec17ea9dde89e995a9a46222a93df0f992d4,2,80,True,4.991584,96035
02,WAVE,3b90ec17ea9dde89e995a9a46222a93df0f992d4,2,81,True,5.207292,96035
02,WAVE,3b90ec17ea9dde89e995a9a46222a93df0f992d4,2,82,True,5.24125,96035
02,WAVE,3b90ec17ea9dde89e995a9a46222a93df0f992d4,2,83,True,5.05,96035
02,WAVE,3b90ec17ea9dde89e995a9a46222a93df0f992d4,2,84,True,5.002125,96035
02,WAVE,3b90ec17ea9dde89e995a9a46222a93df0f992d4,2,85,True,4.89,96035
02,WAVE,3b90ec17ea9dde89e995a9a46222a93df0f992d4,2,86,True,5.016167,96035
02,WAVE,3b90ec17ea9dde89e995a9a46222a93df0f992d4,2,87,True,5.166417,96035
02,WAVE,3b90ec17ea9dde89e995a9a46222a93df0f992d4,2,88,True,5.065083,96035
02,WAVE,3b90ec17ea9dde89e995a9a46222a93df0f992d4,2,89,True,4.990416,96035
02,WAVE,3b90ec17ea9dde89e995a9a46222a93df0f992d4,2,90,True,5.012333,96035
02,WAVE,3b90ec17ea9dde89e995a9a46222a93df0f992d4,2,91,True,5.185667,96035
02,WAVE,3b90ec17ea9dde89e995a9a46222a93df0f992d4,2,92,True,5.086209,96035
02,WAVE,3b90ec17ea9dde89e995a9a46222a93df0f992d4,2,93,True,5.140833,96035
02,WAVE,3b90ec17ea9dde89e995a9a46222a93df0f992d4,2,94,True,5.034375,96035
02,WAVE,3b90ec17ea9dde89e995a9a46222a93df0f992d4,2,95,True,5.015291,96035
02,WAVE,3b90ec17ea9dde89e995a9a46222a93df0f992d4,2,96,True,5.036208,96035
02,WAVE,3b90ec17ea9dde89e995a9a46222a93df0f992d4,2,97,True,5.400208,96035
02,WAVE,3b90ec17ea9dde89e995a9a46222a93df0f992d4,2,98,True,5.070667,96035
02,WAVE,3b90ec17ea9dde89e995a9a46222a93df0f992d4,2,99,True,4.767167,96035
02,WAVE,3b90ec17ea9dde89e995a9a46222a93df0f992d4,2,100,True,4.853209,96035
02,WAVE,3b90ec17ea9dde89e995a9a46222a93df0f992d4,3,1,True,6.622042,143040
02,WAVE,3b90ec17ea9dde89e995a9a46222a93df0f992d4,3,2,True,6.956125,143040
02,WAVE,3b90ec17ea9dde89e995a9a46222a93df0f992d4,3,3,True,6.706709,143040
02,WAVE,3b90ec17ea9dde89e995a9a46222a93df0f992d4,3,4,True,6.771083,143040
02,WAVE,3b90ec17ea9dde89e995a9a46222a93df0f992d4,3,5,True,7.107958,143040
02,WAVE,3b90ec17ea9dde89e995a9a46222a93df0f992d4,3,6,True,6.77275,143040
02,WAVE,3b90ec17ea9dde89e995a9a46222a93df0f992d4,3,7,True,6.69425,143040
02,WAVE,3b90ec17ea9dde89e995a9a46222a93df0f992d4,3,8,True,6.753667,143040
02,WAVE,3b90ec17ea9dde89e995a9a46222a93df0f992d4,3,9,True,7.054084,143040
02,WAVE,3b90ec17ea9dde89e995a9a46222a93df0f992d4,3,10,True,6.935416,143040
02,WAVE,3b90ec17ea9dde89e995a9a46222a93df0f992d4,3,11,True,6.603583,143040
02,WAVE,3b90ec17ea9dde89e995a9a46222a93df0f992d4,3,12,True,6.632,143040
02,WAVE,3b90ec17ea9dde89e995a9a46222a93df0f992d4,3,13,True,6.823167,143040
02,WAVE,3b90ec17ea9dde89e995a9a46222a93df0f992d4,3,14,True,6.841958,143040
02,WAVE,3b90ec17ea9dde89e995a9a46222a93df0f992d4,3,15,True,6.764375,143040
02,WAVE,3b90ec17ea9dde89e995a9a46222a93df0f992d4,3,16,True,6.769583,143040
02,WAVE,3b90ec17ea9dde89e995a9a46222a93df0f992d4,3,17,True,7.35,143040
02,WAVE,3b90ec17ea9dde89e995a9a46222a93df0f992d4,3,18,True,8.198333,143040
02,WAVE,3b90ec17ea9dde89e995a9a46222a93df0f992d4,3,19,True,9.113625,143040
02,WAVE,3b90ec17ea9dde89e995a9a46222a93df0f992d4,3,20,True,7.883459,143040
02,WAVE,3b90ec17ea9dde89e995a9a46222a93df0f992d4,3,21,True,7.60075,143040
02,WAVE,3b90ec17ea9dde89e995a9a46222a93df0f992d4,3,22,True,7.808125,143040
02,WAVE,3b90ec17ea9dde89e995a9a46222a93df0f992d4,3,23,True,12.132375,143040
02,WAVE,3b90ec17ea9dde89e995a9a46222a93df0f992d4,3,24,True,14.052291,143040
02,WAVE,3b90ec17ea9dde89e995a9a46222a93df0f992d4,3,25,True,20.392375,143040
02,WAVE,3b90ec17ea9dde89e995a9a46222a93df0f992d4,3,26,True,17.60375,143040
02,WAVE,3b90ec17ea9dde89e995a9a46222a93df0f992d4,3,27,True,17.162333,143040
02,WAVE,3b90ec17ea9dde89e995a9a46222a93df0f992d4,3,28,True,17.34175,143040
02,WAVE,3b90ec17ea9dde89e995a9a46222a93df0f992d4,3,29,True,10.223792,143040
02,WAVE,3b90ec17ea9dde89e995a9a46222a93df0f992d4,3,30,True,7.886708,143040
02,WAVE,3b90ec17ea9dde89e995a9a46222a93df0f992d4,3,31,True,7.284833,143040
02,WAVE,3b90ec17ea9dde89e995a9a46222a93df0f992d4,3,32,True,7.023625,143040
02,WAVE,3b90ec17ea9dde89e995a9a46222a93df0f992d4,3,33,True,7.162458,143040
02,WAVE,3b90ec17ea9dde89e995a9a46222a93df0f992d4,3,34,True,7.394542,143040
02,WAVE,3b90ec17ea9dde89e995a9a46222a93df0f992d4,3,35,True,7.189,143040
02,WAVE,3b90ec17ea9dde89e995a9a46222a93df0f992d4,3,36,True,7.17025,143040
02,WAVE,3b90ec17ea9dde89e995a9a46222a93df0f992d4,3,37,True,6.974167,143040
02,WAVE,3b90ec17ea9dde89e995a9a46222a93df0f992d4,3,38,True,7.346084,143040
02,WAVE,3b90ec17ea9dde89e995a9a46222a93df0f992d4,3,39,True,7.20475,143040
02,WAVE,3b90ec17ea9dde89e995a9a46222a93df0f992d4,3,40,True,7.1675,143040
02,WAVE,3b90ec17ea9dde89e995a9a46222a93df0f992d4,3,41,True,7.170459,143040
02,WAVE,3b90ec17ea9dde89e995a9a46222a93df0f992d4,3,42,True,7.399,143040
02,WAVE,3b90ec17ea9dde89e995a9a46222a93df0f992d4,3,43,True,7.163083,143040
02,WAVE,3b90ec17ea9dde89e995a9a46222a93df0f992d4,3,44,True,7.073625,143040
02,WAVE,3b90ec17ea9dde89e995a9a46222a93df0f992d4,3,45,True,7.018125,143040
02,WAVE,3b90ec17ea9dde89e995a9a46222a93df0f992d4,3,46,True,7.242625,143040
02,WAVE,3b90ec17ea9dde89e995a9a46222a93df0f992d4,3,47,True,6.940834,143040
02,WAVE,3b90ec17ea9dde89e995a9a46222a93df0f992d4,3,48,True,6.860042,143040
02,WAVE,3b90ec17ea9dde89e995a9a46222a93df0f992d4,3,49,True,6.923208,143040
02,WAVE,3b90ec17ea9dde89e995a9a46222a93df0f992d4,3,50,True,7.143167,143040
02,WAVE,3b90ec17ea9dde89e995a9a46222a93df0f992d4,3,51,True,7.130125,143040
02,WAVE,3b90ec17ea9dde89e995a9a46222a93df0f992d4,3,52,True,6.645084,143040
02,WAVE,3b90ec17ea9dde89e995a9a46222a93df0f992d4,3,53,True,6.71725,143040
02,WAVE,3b90ec17ea9dde89e995a9a46222a93df0f992d4,3,54,True,6.981458,143040
02,WAVE,3b90ec17ea9dde89e995a9a46222a93df0f992d4,3,55,True,7.022542,143040
02,WAVE,3b90ec17ea9dde89e995a9a46222a93df0f992d4,3,56,True,6.83725,143040
02,WAVE,3b90ec17ea9dde89e995a9a46222a93df0f992d4,3,57,True,6.824167,143040
02,WAVE,3b90ec17ea9dde89e995a9a46222a93df0f992d4,3,58,True,6.949541,143040
02,WAVE,3b90ec17ea9dde89e995a9a46222a93df0f992d4,3,59,True,6.790041,143040
02,WAVE,3b90ec17ea9dde89e995a9a46222a93df0f992d4,3,60,True,6.703458,143040
02,WAVE,3b90ec17ea9dde89e995a9a46222a93df0f992d4,3,61,True,6.802,143040
02,WAVE,3b90ec17ea9dde89e995a9a46222a93df0f992d4,3,62,True,6.947292,143040
02,WAVE,3b90ec17ea9dde89e995a9a46222a93df0f992d4,3,63,True,6.788958,143040
02,WAVE,3b90ec17ea9dde89e995a9a46222a93df0f992d4,3,64,True,6.828,143040
02,WAVE,3b90ec17ea9dde89e995a9a46222a93df0f992d4,3,65,True,6.743959,143040
02,WAVE,3b90ec17ea9dde89e995a9a46222a93df0f992d4,3,66,True,7.143542,143040
02,WAVE,3b90ec17ea9dde89e995a9a46222a93df0f992d4,3,67,True,6.909458,143040
02,WAVE,3b90ec17ea9dde89e995a9a46222a93df0f992d4,3,68,True,6.805958,143040
02,WAVE,3b90ec17ea9dde89e995a9a46222a93df0f992d4,3,69,True,6.815459,143040
02,WAVE,3b90ec17ea9dde89e995a9a46222a93df0f992d4,3,70,True,7.004792,143040
02,WAVE,3b90ec17ea9dde89e995a9a46222a93df0f992d4,3,71,True,6.922417,143040
02,WAVE,3b90ec17ea9dde89e995a9a46222a93df0f992d4,3,72,True,6.808583,143040
02,WAVE,3b90ec17ea9dde89e995a9a46222a93df0f992d4,3,73,True,6.737583,143040
02,WAVE,3b90ec17ea9dde89e995a9a46222a93df0f992d4,3,74,True,6.872291,143040
02,WAVE,3b90ec17ea9dde89e995a9a46222a93df0f992d4,3,75,True,6.739,143040
02,WAVE,3b90ec17ea9dde89e995a9a46222a93df0f992d4,3,76,True,6.743833,143040
02,WAVE,3b90ec17ea9dde89e995a9a46222a93df0f992d4,3,77,True,6.65725,143040
02,WAVE,3b90ec17ea9dde89e995a9a46222a93df0f992d4,3,78,True,6.98425,143040
02,WAVE,3b90ec17ea9dde89e995a9a46222a93df0f992d4,3,79,True,7.028625,143040
02,WAVE,3b90ec17ea9dde89e995a9a46222a93df0f992d4,3,80,True,6.791375,143040
02,WAVE,3b90ec17ea9dde89e995a9a46222a93df0f992d4,3,81,True,6.7285,143040
02,WAVE,3b90ec17ea9dde89e995a9a46222a93df0f992d4,3,82,True,6.868084,143040
02,WAVE,3b90ec17ea9dde89e995a9a46222a93df0f992d4,3,83,True,6.869833,143040
02,WAVE,3b90ec17ea9dde89e995a9a46222a93df0f992d4,3,84,True,6.85175,143040
02,WAVE,3b90ec17ea9dde89e995a9a46222a93df0f992d4,3,85,True,6.890792,143040
02,WAVE,3b90ec17ea9dde89e995a9a46222a93df0f992d4,3,86,True,7.336584,143040
02,WAVE,3b90ec17ea9dde89e995a9a46222a93df0f992d4,3,87,True,6.980584,143040
02,WAVE,3b90ec17ea9dde89e995a9a46222a93df0f992d4,3,88,True,6.965625,143040
02,WAVE,3b90ec17ea9dde89e995a9a46222a93df0f992d4,3,89,True,7.001333,143040
02,WAVE,3b90ec17ea9dde89e995a9a46222a93df0f992d4,3,90,True,6.915208,143040
02,WAVE,3b90ec17ea9dde89e995a9a46222a93df0f992d4,3,91,True,6.681292,143040
02,WAVE,3b90ec17ea9dde89e995a9a46222a93df0f992d4,3,92,True,6.88325,143040
02,WAVE,3b90ec17ea9dde89e995a9a46222a93df0f992d4,3,93,True,6.85525,143040
02,WAVE,3b90ec17ea9dde89e995a9a46222a93df0f992d4,3,94,True,6.803709,143040
02,WAVE,3b90ec17ea9dde89e995a9a46222a93df0f992d4,3,95,True,6.946459,143040
02,WAVE,3b90ec17ea9dde89e995a9a46222a93df0f992d4,3,96,True,7.2215,143040
02,WAVE,3b90ec17ea9dde89e995a9a46222a93df0f992d4,3,97,True,6.816584,143040
02,WAVE,3b90ec17ea9dde89e995a9a46222a93df0f992d4,3,98,True,6.649958,143040
02,WAVE,3b90ec17ea9dde89e995a9a46222a93df0f992d4,3,99,True,6.736917,143040
02,WAVE,3b90ec17ea9dde89e995a9a46222a93df0f992d4,3,100,True,7.061042,143040
02,WAVE,3b90ec17ea9dde89e995a9a46222a93df0f992d4,5,1,True,12.489417,237050
02,WAVE,3b90ec17ea9dde89e995a9a46222a93df0f992d4,5,2,True,12.262375,237050
02,WAVE,3b90ec17ea9dde89e995a9a46222a93df0f992d4,5,3,True,11.577708,237050
02,WAVE,3b90ec17ea9dde89e995a9a46222a93df0f992d4,5,4,True,11.951625,237050
02,WAVE,3b90ec17ea9dde89e995a9a46222a93df0f992d4,5,5,True,11.911666,237050
02,WAVE,3b90ec17ea9dde89e995a9a46222a93df0f992d4,5,6,True,12.051625,237050
02,WAVE,3b90ec17ea9dde89e995a9a46222a93df0f992d4,5,7,True,11.913958,237050
02,WAVE,3b90ec17ea9dde89e995a9a46222a93df0f992d4,5,8,True,12.38225,237050
02,WAVE,3b90ec17ea9dde89e995a9a46222a93df0f992d4,5,9,True,29.279958,237050
02,WAVE,3b90ec17ea9dde89e995a9a46222a93df0f992d4,5,10,True,24.435875,237050
02,WAVE,3b90ec17ea9dde89e995a9a46222a93df0f992d4,5,11,True,12.125708,237050
02,WAVE,3b90ec17ea9dde89e995a9a46222a93df0f992d4,5,12,True,11.614875,237050
02,WAVE,3b90ec17ea9dde89e995a9a46222a93df0f992d4,5,13,True,11.120125,237050
02,WAVE,3b90ec17ea9dde89e995a9a46222a93df0f992d4,5,14,True,11.050041,237050
02,WAVE,3b90ec17ea9dde89e995a9a46222a93df0f992d4,5,15,True,11.196625,237050
02,WAVE,3b90ec17ea9dde89e995a9a46222a93df0f992d4,5,16,True,11.230375,237050
02,WAVE,3b90ec17ea9dde89e995a9a46222a93df0f992d4,5,17,True,10.882125,237050
02,WAVE,3b90ec17ea9dde89e995a9a46222a93df0f992d4,5,18,True,11.308917,237050
02,WAVE,3b90ec17ea9dde89e995a9a46222a93df0f992d4,5,19,True,10.607875,237050
02,WAVE,3b90ec17ea9dde89e995a9a46222a93df0f992d4,5,20,True,10.58125,237050
02,WAVE,3b90ec17ea9dde89e995a9a46222a93df0f992d4,5,21,True,11.286542,237050
02,WAVE,3b90ec17ea9dde89e995a9a46222a93df0f992d4,5,22,True,10.626542,237050
02,WAVE,3b90ec17ea9dde89e995a9a46222a93df0f992d4,5,23,True,10.483625,237050
02,WAVE,3b90ec17ea9dde89e995a9a46222a93df0f992d4,5,24,True,10.621291,237050
02,WAVE,3b90ec17ea9dde89e995a9a46222a93df0f992d4,5,25,True,10.801,237050
02,WAVE,3b90ec17ea9dde89e995a9a46222a93df0f992d4,5,26,True,10.757333,237050
02,WAVE,3b90ec17ea9dde89e995a9a46222a93df0f992d4,5,27,True,11.100791,237050
02,WAVE,3b90ec17ea9dde89e995a9a46222a93df0f992d4,5,28,True,10.970959,237050
02,WAVE,3b90ec17ea9dde89e995a9a46222a93df0f992d4,5,29,True,10.689209,237050
02,WAVE,3b90ec17ea9dde89e995a9a46222a93df0f992d4,5,30,True,11.340708,237050
02,WAVE,3b90ec17ea9dde89e995a9a46222a93df0f992d4,5,31,True,10.827333,237050
02,WAVE,3b90ec17ea9dde89e995a9a46222a93df0f992d4,5,32,True,10.832208,237050
02,WAVE,3b90ec17ea9dde89e995a9a46222a93df0f992d4,5,33,True,11.090916,237050
02,WAVE,3b90ec17ea9dde89e995a9a46222a93df0f992d4,5,34,True,10.46375,237050
02,WAVE,3b90ec17ea9dde89e995a9a46222a93df0f992d4,5,35,True,10.377417,237050
02,WAVE,3b90ec17ea9dde89e995a9a46222a93df0f992d4,5,36,True,10.804667,237050
02,WAVE,3b90ec17ea9dde89e995a9a46222a93df0f992d4,5,37,True,10.445917,237050
02,WAVE,3b90ec17ea9dde89e995a9a46222a93df0f992d4,5,38,True,10.487541,237050
02,WAVE,3b90ec17ea9dde89e995a9a46222a93df0f992d4,5,39,True,11.290375,237050
02,WAVE,3b90ec17ea9dde89e995a9a46222a93df0f992d4,5,40,True,10.911208,237050
02,WAVE,3b90ec17ea9dde89e995a9a46222a93df0f992d4,5,41,True,10.826041,237050
02,WAVE,3b90ec17ea9dde89e995a9a46222a93df0f992d4,5,42,True,10.943,237050
02,WAVE,3b90ec17ea9dde89e995a9a46222a93df0f992d4,5,43,True,10.597958,237050
02,WAVE,3b90ec17ea9dde89e995a9a46222a93df0f992d4,5,44,True,10.62225,237050
02,WAVE,3b90ec17ea9dde89e995a9a46222a93df0f992d4,5,45,True,11.278667,237050
02,WAVE,3b90ec17ea9dde89e995a9a46222a93df0f992d4,5,46,True,10.840583,237050
02,WAVE,3b90ec17ea9dde89e995a9a46222a93df0f992d4,5,47,True,10.863458,237050
02,WAVE,3b90ec17ea9dde89e995a9a46222a93df0f992d4,5,48,True,10.873959,237050
02,WAVE,3b90ec17ea9dde89e995a9a46222a93df0f992d4,5,49,True,10.772208,237050
02,WAVE,3b90ec17ea9dde89e995a9a46222a93df0f992d4,5,50,True,11.108958,237050
02,WAVE,3b90ec17ea9dde89e995a9a46222a93df0f992d4,5,51,True,10.779291,237050
02,WAVE,3b90ec17ea9dde89e995a9a46222a93df0f992d4,5,52,True,11.21675,237050
02,WAVE,3b90ec17ea9dde89e995a9a46222a93df0f992d4,5,53,True,10.087709,237050
02,WAVE,3b90ec17ea9dde89e995a9a46222a93df0f992d4,5,54,True,10.192625,237050
02,WAVE,3b90ec17ea9dde89e995a9a46222a93df0f992d4,5,55,True,10.455166,237050
02,WAVE,3b90ec17ea9dde89e995a9a46222a93df0f992d4,5,56,True,10.368291,237050
02,WAVE,3b90ec17ea9dde89e995a9a46222a93df0f992d4,5,57,True,10.715792,237050
02,WAVE,3b90ec17ea9dde89e995a9a46222a93df0f992d4,5,58,True,10.656875,237050
02,WAVE,3b90ec17ea9dde89e995a9a46222a93df0f992d4,5,59,True,10.388041,237050
02,WAVE,3b90ec17ea9dde89e995a9a46222a93df0f992d4,5,60,True,10.553667,237050
02,WAVE,3b90ec17ea9dde89e995a9a46222a93df0f992d4,5,61,True,10.674292,237050
02,WAVE,3b90ec17ea9dde89e995a9a46222a93df0f992d4,5,62,True,11.211333,237050
02,WAVE,3b90ec17ea9dde89e995a9a46222a93df0f992d4,5,63,True,10.802583,237050
02,WAVE,3b90ec17ea9dde89e995a9a46222a93df0f992d4,5,64,True,10.915916,237050
02,WAVE,3b90ec17ea9dde89e995a9a46222a93df0f992d4,5,65,True,10.775833,237050
02,WAVE,3b90ec17ea9dde89e995a9a46222a93df0f992d4,5,66,True,10.171416,237050
02,WAVE,3b90ec17ea9dde89e995a9a46222a93df0f992d4,5,67,True,10.711959,237050
02,WAVE,3b90ec17ea9dde89e995a9a46222a93df0f992d4,5,68,True,10.520292,237050
02,WAVE,3b90ec17ea9dde89e995a9a46222a93df0f992d4,5,69,True,10.519,237050
02,WAVE,3b90ec17ea9dde89e995a9a46222a93df0f992d4,5,70,True,10.448625,237050
02,WAVE,3b90ec17ea9dde89e995a9a46222a93df0f992d4,5,71,True,10.368,237050
02,WAVE,3b90ec17ea9dde89e995a9a46222a93df0f992d4,5,72,True,11.243042,237050
02,WAVE,3b90ec17ea9dde89e995a9a46222a93df0f992d4,5,73,True,10.646292,237050
02,WAVE,3b90ec17ea9dde89e995a9a46222a93df0f992d4,5,74,True,10.789041,237050
02,WAVE,3b90ec17ea9dde89e995a9a46222a93df0f992d4,5,75,True,10.508459,237050
02,WAVE,3b90ec17ea9dde89e995a9a46222a93df0f992d4,5,76,True,10.367584,237050
02,WAVE,3b90ec17ea9dde89e995a9a46222a93df0f992d4,5,77,True,10.927375,237050
02,WAVE,3b90ec17ea9dde89e995a9a46222a93df0f992d4,5,78,True,10.4415,237050
02,WAVE,3b90ec17ea9dde89e995a9a46222a93df0f992d4,5,79,True,10.398166,237050
02,WAVE,3b90ec17ea9dde89e995a9a46222a93df0f992d4,5,80,True,10.728417,237050
02,WAVE,3b90ec17ea9dde89e995a9a46222a93df0f992d4,5,81,True,10.157334,237050
02,WAVE,3b90ec17ea9dde89e995a9a46222a93df0f992d4,5,82,True,10.5205,237050
02,WAVE,3b90ec17ea9dde89e995a9a46222a93df0f992d4,5,83,True,10.766958,237050
02,WAVE,3b90ec17ea9dde89e995a9a46222a93df0f992d4,5,84,True,10.245084,237050
02,WAVE,3b90ec17ea9dde89e995a9a46222a93df0f992d4,5,85,True,10.587333,237050
02,WAVE,3b90ec17ea9dde89e995a9a46222a93df0f992d4,5,86,True,10.468292,237050
02,WAVE,3b90ec17ea9dde89e995a9a46222a93df0f992d4,5,87,True,10.955542,237050
02,WAVE,3b90ec17ea9dde89e995a9a46222a93df0f992d4,5,88,True,10.525792,237050
02,WAVE,3b90ec17ea9dde89e995a9a46222a93df0f992d4,5,89,True,10.158333,237050
02,WAVE,3b90ec17ea9dde89e995a9a46222a93df0f992d4,5,90,True,10.497875,237050
02,WAVE,3b90ec17ea9dde89e995a9a46222a93df0f992d4,5,91,True,10.4805,237050
02,WAVE,3b90ec17ea9dde89e995a9a46222a93df0f992d4,5,92,True,10.716625,237050
02,WAVE,3b90ec17ea9dde89e995a9a46222a93df0f992d4,5,93,True,10.390458,237050
02,WAVE,3b90ec17ea9dde89e995a9a46222a93df0f992d4,5,94,True,10.484583,237050
02,WAVE,3b90ec17ea9dde89e995a9a46222a93df0f992d4,5,95,True,10.553708,237050
02,WAVE,3b90ec17ea9dde89e995a9a46222a93df0f992d4,5,96,True,10.797875,237050
02,WAVE,3b90ec17ea9dde89e995a9a46222a93df0f992d4,5,97,True,11.033,237050
02,WAVE,3b90ec17ea9dde89e995a9a46222a93df0f992d4,5,98,True,10.811958,237050
02,WAVE,3b90ec17ea9dde89e995a9a46222a93df0f992d4,5,99,True,10.53775,237050
02,WAVE,3b90ec17ea9dde89e995a9a46222a93df0f992d4,5,100,True,10.614334,237050
02,WAVE,3b90ec17ea9dde89e995a9a46222a93df0f992d4,10,1,True,19.798792,472075
02,WAVE,3b90ec17ea9dde89e995a9a46222a93df0f992d4,10,2,True,20.128583,472075
02,WAVE,3b90ec17ea9dde89e995a9a46222a93df0f992d4,10,3,True,19.727334,472075
02,WAVE,3b90ec17ea9dde89e995a9a46222a93df0f992d4,10,4,True,19.717916,472075
02,WAVE,3b90ec17ea9dde89e995a9a46222a93df0f992d4,10,5,True,19.4875,472075
02,WAVE,3b90ec17ea9dde89e995a9a46222a93df0f992d4,10,6,True,19.656583,472075
02,WAVE,3b90ec17ea9dde89e995a9a46222a93df0f992d4,10,7,True,19.960042,472075
02,WAVE,3b90ec17ea9dde89e995a9a46222a93df0f992d4,10,8,True,19.716667,472075
02,WAVE,3b90ec17ea9dde89e995a9a46222a93df0f992d4,10,9,True,20.173708,472075
02,WAVE,3b90ec17ea9dde89e995a9a46222a93df0f992d4,10,10,True,20.75375,472075
02,WAVE,3b90ec17ea9dde89e995a9a46222a93df0f992d4,10,11,True,20.670583,472075
02,WAVE,3b90ec17ea9dde89e995a9a46222a93df0f992d4,10,12,True,20.201875,472075
02,WAVE,3b90ec17ea9dde89e995a9a46222a93df0f992d4,10,13,True,19.837209,472075
02,WAVE,3b90ec17ea9dde89e995a9a46222a93df0f992d4,10,14,True,20.235917,472075
02,WAVE,3b90ec17ea9dde89e995a9a46222a93df0f992d4,10,15,True,19.973458,472075
02,WAVE,3b90ec17ea9dde89e995a9a46222a93df0f992d4,10,16,True,20.25925,472075
02,WAVE,3b90ec17ea9dde89e995a9a46222a93df0f992d4,10,17,True,19.783166,472075
02,WAVE,3b90ec17ea9dde89e995a9a46222a93df0f992d4,10,18,True,20.040208,472075
02,WAVE,3b90ec17ea9dde89e995a9a46222a93df0f992d4,10,19,True,20.351916,472075
02,WAVE,3b90ec17ea9dde89e995a9a46222a93df0f992d4,10,20,True,20.342458,472075
02,WAVE,3b90ec17ea9dde89e995a9a46222a93df0f992d4,10,21,True,19.959709,472075
02,WAVE,3b90ec17ea9dde89e995a9a46222a93df0f992d4,10,22,True,20.240875,472075
02,WAVE,3b90ec17ea9dde89e995a9a46222a93df0f992d4,10,23,True,20.499209,472075
02,WAVE,3b90ec17ea9dde89e995a9a46222a93df0f992d4,10,24,True,19.742958,472075
02,WAVE,3b90ec17ea9dde89e995a9a46222a93df0f992d4,10,25,True,20.162958,472075
02,WAVE,3b90ec17ea9dde89e995a9a46222a93df0f992d4,10,26,True,20.409292,472075
02,WAVE,3b90ec17ea9dde89e995a9a46222a93df0f992d4,10,27,True,20.54275,472075
02,WAVE,3b90ec17ea9dde89e995a9a46222a93df0f992d4,10,28,True,20.827,472075
02,WAVE,3b90ec17ea9dde89e995a9a46222a93df0f992d4,10,29,True,20.085542,472075
02,WAVE,3b90ec17ea9dde89e995a9a46222a93df0f992d4,10,30,True,20.516708,472075
02,WAVE,3b90ec17ea9dde89e995a9a46222a93df0f992d4,10,31,True,20.300834,472075
02,WAVE,3b90ec17ea9dde89e995a9a46222a93df0f992d4,10,32,True,20.16975,472075
02,WAVE,3b90ec17ea9dde89e995a9a46222a93df0f992d4,10,33,True,20.232667,472075
02,WAVE,3b90ec17ea9dde89e995a9a46222a93df0f992d4,10,34,True,20.118833,472075
02,WAVE,3b90ec17ea9dde89e995a9a46222a93df0f992d4,10,35,True,20.23175,472075
02,WAVE,3b90ec17ea9dde89e995a9a46222a93df0f992d4,10,36,True,20.092292,472075
02,WAVE,3b90ec17ea9dde89e995a9a46222a93df0f992d4,10,37,True,20.34575,472075
02,WAVE,3b90ec17ea9dde89e995a9a46222a93df0f992d4,10,38,True,19.996708,472075
02,WAVE,3b90ec17ea9dde89e995a9a46222a93df0f992d4,10,39,True,20.089292,472075
02,WAVE,3b90ec17ea9dde89e995a9a46222a93df0f992d4,10,40,True,20.553583,472075
02,WAVE,3b90ec17ea9dde89e995a9a46222a93df0f992d4,10,41,True,20.124666,472075
02,WAVE,3b90ec17ea9dde89e995a9a46222a93df0f992d4,10,42,True,20.820625,472075
02,WAVE,3b90ec17ea9dde89e995a9a46222a93df0f992d4,10,43,True,20.288375,472075
02,WAVE,3b90ec17ea9dde89e995a9a46222a93df0f992d4,10,44,True,20.825375,472075
02,WAVE,3b90ec17ea9dde89e995a9a46222a93df0f992d4,10,45,True,20.386791,472075
02,WAVE,3b90ec17ea9dde89e995a9a46222a93df0f992d4,10,46,True,20.768041,472075
02,WAVE,3b90ec17ea9dde89e995a9a46222a93df0f992d4,10,47,True,19.754625,472075
02,WAVE,3b90ec17ea9dde89e995a9a46222a93df0f992d4,10,48,True,20.337042,472075
02,WAVE,3b90ec17ea9dde89e995a9a46222a93df0f992d4,10,49,True,20.200917,472075
02,WAVE,3b90ec17ea9dde89e995a9a46222a93df0f992d4,10,50,True,19.942959,472075
02,WAVE,3b90ec17ea9dde89e995a9a46222a93df0f992d4,10,51,True,19.966083,472075
02,WAVE,3b90ec17ea9dde89e995a9a46222a93df0f992d4,10,52,True,20.137459,472075
02,WAVE,3b90ec17ea9dde89e995a9a46222a93df0f992d4,10,53,True,20.1655,472075
02,WAVE,3b90ec17ea9dde89e995a9a46222a93df0f992d4,10,54,True,20.563583,472075
02,WAVE,3b90ec17ea9dde89e995a9a46222a93df0f992d4,10,55,True,20.446292,472075
02,WAVE,3b90ec17ea9dde89e995a9a46222a93df0f992d4,10,56,True,20.409417,472075
02,WAVE,3b90ec17ea9dde89e995a9a46222a93df0f992d4,10,57,True,19.699333,472075
02,WAVE,3b90ec17ea9dde89e995a9a46222a93df0f992d4,10,58,True,20.002416,472075
02,WAVE,3b90ec17ea9dde89e995a9a46222a93df0f992d4,10,59,True,20.146167,472075
02,WAVE,3b90ec17ea9dde89e995a9a46222a93df0f992d4,10,60,True,20.703334,472075
02,WAVE,3b90ec17ea9dde89e995a9a46222a93df0f992d4,10,61,True,24.842125,472075
02,WAVE,3b90ec17ea9dde89e995a9a46222a93df0f992d4,10,62,True,23.043917,472075
02,WAVE,3b90ec17ea9dde89e995a9a46222a93df0f992d4,10,63,True,27.313833,472075
02,WAVE,3b90ec17ea9dde89e995a9a46222a93df0f992d4,10,64,True,28.989334,472075
02,WAVE,3b90ec17ea9dde89e995a9a46222a93df0f992d4,10,65,True,25.416542,472075
02,WAVE,3b90ec17ea9dde89e995a9a46222a93df0f992d4,10,66,True,34.666084,472075
02,WAVE,3b90ec17ea9dde89e995a9a46222a93df0f992d4,10,67,True,21.6365,472075
02,WAVE,3b90ec17ea9dde89e995a9a46222a93df0f992d4,10,68,True,21.137166,472075
02,WAVE,3b90ec17ea9dde89e995a9a46222a93df0f992d4,10,69,True,21.234791,472075
02,WAVE,3b90ec17ea9dde89e995a9a46222a93df0f992d4,10,70,True,21.26725,472075
02,WAVE,3b90ec17ea9dde89e995a9a46222a93df0f992d4,10,71,True,20.985375,472075
02,WAVE,3b90ec17ea9dde89e995a9a46222a93df0f992d4,10,72,True,20.721167,472075
02,WAVE,3b90ec17ea9dde89e995a9a46222a93df0f992d4,10,73,True,20.265625,472075
02,WAVE,3b90ec17ea9dde89e995a9a46222a93df0f992d4,10,74,True,20.476583,472075
02,WAVE,3b90ec17ea9dde89e995a9a46222a93df0f992d4,10,75,True,19.9255,472075
02,WAVE,3b90ec17ea9dde89e995a9a46222a93df0f992d4,10,76,True,20.274625,472075
02,WAVE,3b90ec17ea9dde89e995a9a46222a93df0f992d4,10,77,True,20.188292,472075
02,WAVE,3b90ec17ea9dde89e995a9a46222a93df0f992d4,10,78,True,20.588625,472075
02,WAVE,3b90ec17ea9dde89e995a9a46222a93df0f992d4,10,79,True,20.0005,472075
02,WAVE,3b90ec17ea9dde89e995a9a46222a93df0f992d4,10,80,True,19.790541,472075
02,WAVE,3b90ec17ea9dde89e995a9a46222a93df0f992d4,10,81,True,19.800208,472075
02,WAVE,3b90ec17ea9dde89e995a9a46222a93df0f992d4,10,82,True,20.127583,472075
02,WAVE,3b90ec17ea9dde89e995a9a46222a93df0f992d4,10,83,True,20.117625,472075
02,WAVE,3b90ec17ea9dde89e995a9a46222a93df0f992d4,10,84,True,20.288375,472075
02,WAVE,3b90ec17ea9dde89e995a9a46222a93df0f992d4,10,85,True,20.035167,472075
02,WAVE,3b90ec17ea9dde89e995a9a46222a93df0f992d4,10,86,True,20.596166,472075
02,WAVE,3b90ec17ea9dde89e995a9a46222a93df0f992d4,10,87,True,20.760458,472075
02,WAVE,3b90ec17ea9dde89e995a9a46222a93df0f992d4,10,88,True,20.807334,472075
02,WAVE,3b90ec17ea9dde89e995a9a46222a93df0f992d4,10,89,True,20.407542,472075
02,WAVE,3b90ec17ea9dde89e995a9a46222a93df0f992d4,10,90,True,20.814875,472075
02,WAVE,3b90ec17ea9dde89e995a9a46222a93df0f992d4,10,91,True,20.725667,472075
02,WAVE,3b90ec17ea9dde89e995a9a46222a93df0f992d4,10,92,True,20.756667,472075
02,WAVE,3b90ec17ea9dde89e995a9a46222a93df0f992d4,10,93,True,20.598625,472075
02,WAVE,3b90ec17ea9dde89e995a9a46222a93df0f992d4,10,94,True,20.525458,472075
02,WAVE,3b90ec17ea9dde89e995a9a46222a93df0f992d4,10,95,True,19.661667,472075
02,WAVE,3b90ec17ea9dde89e995a9a46222a93df0f992d4,10,96,True,20.007917,472075
02,WAVE,3b90ec17ea9dde89e995a9a46222a93df0f992d4,10,97,True,20.152333,472075
02,WAVE,3b90ec17ea9dde89e995a9a46222a93df0f992d4,10,98,True,20.428,472075
02,WAVE,3b90ec17ea9dde89e995a9a46222a93df0f992d4,10,99,True,19.731125,472075
02,WAVE,3b90ec17ea9dde89e995a9a46222a93df0f992d4,10,100,True,20.066416,472075
03,WAVE,3b90ec17ea9dde89e995a9a46222a93df0f992d4,1,1,True,3.394583,49026
03,WAVE,3b90ec17ea9dde89e995a9a46222a93df0f992d4,1,2,True,3.258666,49026
03,WAVE,3b90ec17ea9dde89e995a9a46222a93df0f992d4,1,3,True,3.232542,49026
03,WAVE,3b90ec17ea9dde89e995a9a46222a93df0f992d4,1,4,True,3.26375,49026
03,WAVE,3b90ec17ea9dde89e995a9a46222a93df0f992d4,1,5,True,3.506042,49026
03,WAVE,3b90ec17ea9dde89e995a9a46222a93df0f992d4,1,6,True,3.454708,49026
03,WAVE,3b90ec17ea9dde89e995a9a46222a93df0f992d4,1,7,True,3.507583,49026
03,WAVE,3b90ec17ea9dde89e995a9a46222a93df0f992d4,1,8,True,3.219291,49026
03,WAVE,3b90ec17ea9dde89e995a9a46222a93df0f992d4,1,9,True,3.276,49026
03,WAVE,3b90ec17ea9dde89e995a9a46222a93df0f992d4,1,10,True,3.237208,49026
03,WAVE,3b90ec17ea9dde89e995a9a46222a93df0f992d4,1,11,True,3.181917,49026
03,WAVE,3b90ec17ea9dde89e995a9a46222a93df0f992d4,1,12,True,3.253584,49026
03,WAVE,3b90ec17ea9dde89e995a9a46222a93df0f992d4,1,13,True,3.26625,49026
03,WAVE,3b90ec17ea9dde89e995a9a46222a93df0f992d4,1,14,True,3.562833,49026
03,WAVE,3b90ec17ea9dde89e995a9a46222a93df0f992d4,1,15,True,3.362209,49026
03,WAVE,3b90ec17ea9dde89e995a9a46222a93df0f992d4,1,16,True,3.301125,49026
03,WAVE,3b90ec17ea9dde89e995a9a46222a93df0f992d4,1,17,True,3.277542,49026
03,WAVE,3b90ec17ea9dde89e995a9a46222a93df0f992d4,1,18,True,3.169333,49026
03,WAVE,3b90ec17ea9dde89e995a9a46222a93df0f992d4,1,19,True,3.027666,49026
03,WAVE,3b90ec17ea9dde89e995a9a46222a93df0f992d4,1,20,True,3.069,49026
03,WAVE,3b90ec17ea9dde89e995a9a46222a93df0f992d4,1,21,True,3.101834,49026
03,WAVE,3b90ec17ea9dde89e995a9a46222a93df0f992d4,1,22,True,3.073959,49026
03,WAVE,3b90ec17ea9dde89e995a9a46222a93df0f992d4,1,23,True,3.12175,49026
03,WAVE,3b90ec17ea9dde89e995a9a46222a93df0f992d4,1,24,True,3.127083,49026
03,WAVE,3b90ec17ea9dde89e995a9a46222a93df0f992d4,1,25,True,3.123917,49026
03,WAVE,3b90ec17ea9dde89e995a9a46222a93df0f992d4,1,26,True,3.292958,49026
03,WAVE,3b90ec17ea9dde89e995a9a46222a93df0f992d4,1,27,True,3.291583,49026
03,WAVE,3b90ec17ea9dde89e995a9a46222a93df0f992d4,1,28,True,3.372375,49026
03,WAVE,3b90ec17ea9dde89e995a9a46222a93df0f992d4,1,29,True,3.230042,49026
03,WAVE,3b90ec17ea9dde89e995a9a46222a93df0f992d4,1,30,True,3.428459,49026
03,WAVE,3b90ec17ea9dde89e995a9a46222a93df0f992d4,1,31,True,3.577708,49026
03,WAVE,3b90ec17ea9dde89e995a9a46222a93df0f992d4,1,32,True,3.60025,49026
03,WAVE,3b90ec17ea9dde89e995a9a46222a93df0f992d4,1,33,True,3.462208,49026
03,WAVE,3b90ec17ea9dde89e995a9a46222a93df0f992d4,1,34,True,3.445,49026
03,WAVE,3b90ec17ea9dde89e995a9a46222a93df0f992d4,1,35,True,3.264791,49026
03,WAVE,3b90ec17ea9dde89e995a9a46222a93df0f992d4,1,36,True,3.300291,49026
03,WAVE,3b90ec17ea9dde89e995a9a46222a93df0f992d4,1,37,True,3.323958,49026
03,WAVE,3b90ec17ea9dde89e995a9a46222a93df0f992d4,1,38,True,3.167625,49026
03,WAVE,3b90ec17ea9dde89e995a9a46222a93df0f992d4,1,39,True,3.163084,49026
03,WAVE,3b90ec17ea9dde89e995a9a46222a93df0f992d4,1,40,True,3.21875,49026
03,WAVE,3b90ec17ea9dde89e995a9a46222a93df0f992d4,1,41,True,3.14625,49026
03,WAVE,3b90ec17ea9dde89e995a9a46222a93df0f992d4,1,42,True,3.150166,49026
03,WAVE,3b90ec17ea9dde89e995a9a46222a93df0f992d4,1,43,True,3.127417,49026
03,WAVE,3b90ec17ea9dde89e995a9a46222a93df0f992d4,1,44,True,3.146625,49026
03,WAVE,3b90ec17ea9dde89e995a9a46222a93df0f992d4,1,45,True,3.131708,49026
03,WAVE,3b90ec17ea9dde89e995a9a46222a93df0f992d4,1,46,True,3.293625,49026
03,WAVE,3b90ec17ea9dde89e995a9a46222a93df0f992d4,1,47,True,3.473584,49026
03,WAVE,3b90ec17ea9dde89e995a9a46222a93df0f992d4,1,48,True,3.175833,49026
03,WAVE,3b90ec17ea9dde89e995a9a46222a93df0f992d4,1,49,True,3.207208,49026
03,WAVE,3b90ec17ea9dde89e995a9a46222a93df0f992d4,1,50,True,3.051375,49026
03,WAVE,3b90ec17ea9dde89e995a9a46222a93df0f992d4,1,51,True,3.024666,49026
03,WAVE,3b90ec17ea9dde89e995a9a46222a93df0f992d4,1,52,True,3.065917,49026
03,WAVE,3b90ec17ea9dde89e995a9a46222a93df0f992d4,1,53,True,3.08525,49026
03,WAVE,3b90ec17ea9dde89e995a9a46222a93df0f992d4,1,54,True,3.0785,49026
03,WAVE,3b90ec17ea9dde89e995a9a46222a93df0f992d4,1,55,True,3.208125,49026
03,WAVE,3b90ec17ea9dde89e995a9a46222a93df0f992d4,1,56,True,3.268375,49026
03,WAVE,3b90ec17ea9dde89e995a9a46222a93df0f992d4,1,57,True,3.263583,49026
03,WAVE,3b90ec17ea9dde89e995a9a46222a93df0f992d4,1,58,True,3.174334,49026
03,WAVE,3b90ec17ea9dde89e995a9a46222a93df0f992d4,1,59,True,3.096417,49026
03,WAVE,3b90ec17ea9dde89e995a9a46222a93df0f992d4,1,60,True,3.123792,49026
03,WAVE,3b90ec17ea9dde89e995a9a46222a93df0f992d4,1,61,True,3.082541,49026
03,WAVE,3b90ec17ea9dde89e995a9a46222a93df0f992d4,1,62,True,3.119792,49026
03,WAVE,3b90ec17ea9dde89e995a9a46222a93df0f992d4,1,63,True,3.148917,49026
03,WAVE,3b90ec17ea9dde89e995a9a46222a93df0f992d4,1,64,True,3.122333,49026
03,WAVE,3b90ec17ea9dde89e995a9a46222a93df0f992d4,1,65,True,3.117,49026
03,WAVE,3b90ec17ea9dde89e995a9a46222a93df0f992d4,1,66,True,3.12875,49026
03,WAVE,3b90ec17ea9dde89e995a9a46222a93df0f992d4,1,67,True,3.143083,49026
03,WAVE,3b90ec17ea9dde89e995a9a46222a93df0f992d4,1,68,True,3.351417,49026
03,WAVE,3b90ec17ea9dde89e995a9a46222a93df0f992d4,1,69,True,3.336,49026
03,WAVE,3b90ec17ea9dde89e995a9a46222a93df0f992d4,1,70,True,3.152667,49026
03,WAVE,3b90ec17ea9dde89e995a9a46222a93df0f992d4,1,71,True,3.132709,49026
03,WAVE,3b90ec17ea9dde89e995a9a46222a93df0f992d4,1,72,True,3.149917,49026
03,WAVE,3b90ec17ea9dde89e995a9a46222a93df0f992d4,1,73,True,3.031,49026
03,WAVE,3b90ec17ea9dde89e995a9a46222a93df0f992d4,1,74,True,3.038667,49026
03,WAVE,3b90ec17ea9dde89e995a9a46222a93df0f992d4,1,75,True,3.116708,49026
03,WAVE,3b90ec17ea9dde89e995a9a46222a93df0f992d4,1,76,True,3.108167,49026
03,WAVE,3b90ec17ea9dde89e995a9a46222a93df0f992d4,1,77,True,3.083333,49026
03,WAVE,3b90ec17ea9dde89e995a9a46222a93df0f992d4,1,78,True,3.077208,49026
03,WAVE,3b90ec17ea9dde89e995a9a46222a93df0f992d4,1,79,True,3.19875,49026
03,WAVE,3b90ec17ea9dde89e995a9a46222a93df0f992d4,1,80,True,3.148958,49026
03,WAVE,3b90ec17ea9dde89e995a9a46222a93df0f992d4,1,81,True,3.11375,49026
03,WAVE,3b90ec17ea9dde89e995a9a46222a93df0f992d4,1,82,True,3.102208,49026
03,WAVE,3b90ec17ea9dde89e995a9a46222a93df0f992d4,1,83,True,3.094166,49026
03,WAVE,3b90ec17ea9dde89e995a9a46222a93df0f992d4,1,84,True,3.141958,49026
03,WAVE,3b90ec17ea9dde89e995a9a46222a93df0f992d4,1,85,True,3.081583,49026
03,WAVE,3b90ec17ea9dde89e995a9a46222a93df0f992d4,1,86,True,3.135667,49026
03,WAVE,3b90ec17ea9dde89e995a9a46222a93df0f992d4,1,87,True,3.126375,49026
03,WAVE,3b90ec17ea9dde89e995a9a46222a93df0f992d4,1,88,True,3.241291,49026
03,WAVE,3b90ec17ea9dde89e995a9a46222a93df0f992d4,1,89,True,3.24875,49026
03,WAVE,3b90ec17ea9dde89e995a9a46222a93df0f992d4,1,90,True,3.13675,49026
03,WAVE,3b90ec17ea9dde89e995a9a46222a93df0f992d4,1,91,True,3.103583,49026
03,WAVE,3b90ec17ea9dde89e995a9a46222a93df0f992d4,1,92,True,3.135791,49026
03,WAVE,3b90ec17ea9dde89e995a9a46222a93df0f992d4,1,93,True,3.233041,49026
03,WAVE,3b90ec17ea9dde89e995a9a46222a93df0f992d4,1,94,True,3.145292,49026
03,WAVE,3b90ec17ea9dde89e995a9a46222a93df0f992d4,1,95,True,3.102792,49026
03,WAVE,3b90ec17ea9dde89e995a9a46222a93df0f992d4,1,96,True,3.067833,49026
03,WAVE,3b90ec17ea9dde89e995a9a46222a93df0f992d4,1,97,True,3.158084,49026
03,WAVE,3b90ec17ea9dde89e995a9a46222a93df0f992d4,1,98,True,3.282042,49026
03,WAVE,3b90ec17ea9dde89e995a9a46222a93df0f992d4,1,99,True,3.242917,49026
03,WAVE,3b90ec17ea9dde89e995a9a46222a93df0f992d4,1,100,True,3.142625,49026
03,WAVE,3b90ec17ea9dde89e995a9a46222a93df0f992d4,2,1,True,4.81875,96035
03,WAVE,3b90ec17ea9dde89e995a9a46222a93df0f992d4,2,2,True,4.989416,96035
03,WAVE,3b90ec17ea9dde89e995a9a46222a93df0f992d4,2,3,True,5.010583,96035
03,WAVE,3b90ec17ea9dde89e995a9a46222a93df0f992d4,2,4,True,4.960292,96035
03,WAVE,3b90ec17ea9dde89e995a9a46222a93df0f992d4,2,5,True,4.9665,96035
03,WAVE,3b90ec17ea9dde89e995a9a46222a93df0f992d4,2,6,True,5.363666,96035
03,WAVE,3b90ec17ea9dde89e995a9a46222a93df0f992d4,2,7,True,5.116083,96035
03,WAVE,3b90ec17ea9dde89e995a9a46222a93df0f992d4,2,8,True,5.086417,96035
03,WAVE,3b90ec17ea9dde89e995a9a46222a93df0f992d4,2,9,True,4.961125,96035
03,WAVE,3b90ec17ea9dde89e995a9a46222a93df0f992d4,2,10,True,4.730791,96035
03,WAVE,3b90ec17ea9dde89e995a9a46222a93df0f992d4,2,11,True,4.85925,96035
03,WAVE,3b90ec17ea9dde89e995a9a46222a93df0f992d4,2,12,True,4.897083,96035
03,WAVE,3b90ec17ea9dde89e995a9a46222a93df0f992d4,2,13,True,5.268916,96035
03,WAVE,3b90ec17ea9dde89e995a9a46222a93df0f992d4,2,14,True,5.310042,96035
03,WAVE,3b90ec17ea9dde89e995a9a46222a93df0f992d4,2,15,True,5.256458,96035
03,WAVE,3b90ec17ea9dde89e995a9a46222a93df0f992d4,2,16,True,4.832416,96035
03,WAVE,3b90ec17ea9dde89e995a9a46222a93df0f992d4,2,17,True,4.877042,96035
03,WAVE,3b90ec17ea9dde89e995a9a46222a93df0f992d4,2,18,True,4.797583,96035
03,WAVE,3b90ec17ea9dde89e995a9a46222a93df0f992d4,2,19,True,5.114292,96035
03,WAVE,3b90ec17ea9dde89e995a9a46222a93df0f992d4,2,20,True,5.103625,96035
03,WAVE,3b90ec17ea9dde89e995a9a46222a93df0f992d4,2,21,True,4.955,96035
03,WAVE,3b90ec17ea9dde89e995a9a46222a93df0f992d4,2,22,True,4.781041,96035
03,WAVE,3b90ec17ea9dde89e995a9a46222a93df0f992d4,2,23,True,4.907375,96035
03,WAVE,3b90ec17ea9dde89e995a9a46222a93df0f992d4,2,24,True,4.973167,96035
03,WAVE,3b90ec17ea9dde89e995a9a46222a93df0f992d4,2,25,True,5.093667,96035
03,WAVE,3b90ec17ea9dde89e995a9a46222a93df0f992d4,2,26,True,5.028167,96035
03,WAVE,3b90ec17ea9dde89e995a9a46222a93df0f992d4,2,27,True,4.960458,96035
03,WAVE,3b90ec17ea9dde89e995a9a46222a93df0f992d4,2,28,True,4.968042,96035
03,WAVE,3b90ec17ea9dde89e995a9a46222a93df0f992d4,2,29,True,4.982417,96035
03,WAVE,3b90ec17ea9dde89e995a9a46222a93df0f992d4,2,30,True,5.15575,96035
03,WAVE,3b90ec17ea9dde89e995a9a46222a93df0f992d4,2,31,True,5.337667,96035
03,WAVE,3b90ec17ea9dde89e995a9a46222a93df0f992d4,2,32,True,4.99475,96035
03,WAVE,3b90ec17ea9dde89e995a9a46222a93df0f992d4,2,33,True,5.047125,96035
03,WAVE,3b90ec17ea9dde89e995a9a46222a93df0f992d4,2,34,True,5.037959,96035
03,WAVE,3b90ec17ea9dde89e995a9a46222a93df0f992d4,2,35,True,5.13525,96035
03,WAVE,3b90ec17ea9dde89e995a9a46222a93df0f992d4,2,36,True,5.192958,96035
03,WAVE,3b90ec17ea9dde89e995a9a46222a93df0f992d4,2,37,True,5.131375,96035
03,WAVE,3b90ec17ea9dde89e995a9a46222a93df0f992d4,2,38,True,4.921625,96035
03,WAVE,3b90ec17ea9dde89e995a9a46222a93df0f992d4,2,39,True,5.046292,96035
03,WAVE,3b90ec17ea9dde89e995a9a46222a93df0f992d4,2,40,True,5.009625,96035
03,WAVE,3b90ec17ea9dde89e995a9a46222a93df0f992d4,2,41,True,5.111083,96035
03,WAVE,3b90ec17ea9dde89e995a9a46222a93df0f992d4,2,42,True,4.926041,96035
03,WAVE,3b90ec17ea9dde89e995a9a46222a93df0f992d4,2,43,True,4.912916,96035
03,WAVE,3b90ec17ea9dde89e995a9a46222a93df0f992d4,2,44,True,4.876833,96035
03,WAVE,3b90ec17ea9dde89e995a9a46222a93df0f992d4,2,45,True,4.909167,96035
03,WAVE,3b90ec17ea9dde89e995a9a46222a93df0f992d4,2,46,True,4.882375,96035
03,WAVE,3b90ec17ea9dde89e995a9a46222a93df0f992d4,2,47,True,5.009666,96035
03,WAVE,3b90ec17ea9dde89e995a9a46222a93df0f992d4,2,48,True,4.909708,96035
03,WAVE,3b90ec17ea9dde89e995a9a46222a93df0f992d4,2,49,True,4.951958,96035
03,WAVE,3b90ec17ea9dde89e995a9a46222a93df0f992d4,2,50,True,4.950333,96035
03,WAVE,3b90ec17ea9dde89e995a9a46222a93df0f992d4,2,51,True,5.084042,96035
03,WAVE,3b90ec17ea9dde89e995a9a46222a93df0f992d4,2,52,True,5.004125,96035
03,WAVE,3b90ec17ea9dde89e995a9a46222a93df0f992d4,2,53,True,4.956292,96035
03,WAVE,3b90ec17ea9dde89e995a9a46222a93df0f992d4,2,54,True,4.924959,96035
03,WAVE,3b90ec17ea9dde89e995a9a46222a93df0f992d4,2,55,True,4.937584,96035
03,WAVE,3b90ec17ea9dde89e995a9a46222a93df0f992d4,2,56,True,4.962375,96035
03,WAVE,3b90ec17ea9dde89e995a9a46222a93df0f992d4,2,57,True,5.18625,96035
03,WAVE,3b90ec17ea9dde89e995a9a46222a93df0f992d4,2,58,True,4.975542,96035
03,WAVE,3b90ec17ea9dde89e995a9a46222a93df0f992d4,2,59,True,4.936209,96035
03,WAVE,3b90ec17ea9dde89e995a9a46222a93df0f992d4,2,60,True,4.948584,96035
03,WAVE,3b90ec17ea9dde89e995a9a46222a93df0f992d4,2,61,True,4.925084,96035
03,WAVE,3b90ec17ea9dde89e995a9a46222a93df0f992d4,2,62,True,4.913542,96035
03,WAVE,3b90ec17ea9dde89e995a9a46222a93df0f992d4,2,63,True,4.982792,96035
03,WAVE,3b90ec17ea9dde89e995a9a46222a93df0f992d4,2,64,True,4.870959,96035
03,WAVE,3b90ec17ea9dde89e995a9a46222a93df0f992d4,2,65,True,4.95525,96035
03,WAVE,3b90ec17ea9dde89e995a9a46222a93df0f992d4,2,66,True,5.008708,96035
03,WAVE,3b90ec17ea9dde89e995a9a46222a93df0f992d4,2,67,True,4.993958,96035
03,WAVE,3b90ec17ea9dde89e995a9a46222a93df0f992d4,2,68,True,5.066958,96035
03,WAVE,3b90ec17ea9dde89e995a9a46222a93df0f992d4,2,69,True,5.29375,96035
03,WAVE,3b90ec17ea9dde89e995a9a46222a93df0f992d4,2,70,True,4.975541,96035
03,WAVE,3b90ec17ea9dde89e995a9a46222a93df0f992d4,2,71,True,4.803,96035
03,WAVE,3b90ec17ea9dde89e995a9a46222a93df0f992d4,2,72,True,4.900083,96035
03,WAVE,3b90ec17ea9dde89e995a9a46222a93df0f992d4,2,73,True,4.917333,96035
03,WAVE,3b90ec17ea9dde89e995a9a46222a93df0f992d4,2,74,True,4.928792,96035
03,WAVE,3b90ec17ea9dde89e995a9a46222a93df0f992d4,2,75,True,5.013667,96035
03,WAVE,3b90ec17ea9dde89e995a9a46222a93df0f992d4,2,76,True,5.069959,96035
03,WAVE,3b90ec17ea9dde89e995a9a46222a93df0f992d4,2,77,True,4.991917,96035
03,WAVE,3b90ec17ea9dde89e995a9a46222a93df0f992d4,2,78,True,5.00275,96035
03,WAVE,3b90ec17ea9dde89e995a9a46222a93df0f992d4,2,79,True,5.003625,96035
03,WAVE,3b90ec17ea9dde89e995a9a46222a93df0f992d4,2,80,True,4.995416,96035
03,WAVE,3b90ec17ea9dde89e995a9a46222a93df0f992d4,2,81,True,5.207458,96035
03,WAVE,3b90ec17ea9dde89e995a9a46222a93df0f992d4,2,82,True,5.146667,96035
03,WAVE,3b90ec17ea9dde89e995a9a46222a93df0f992d4,2,83,True,4.763416,96035
03,WAVE,3b90ec17ea9dde89e995a9a46222a93df0f992d4,2,84,True,4.874958,96035
03,WAVE,3b90ec17ea9dde89e995a9a46222a93df0f992d4,2,85,True,5.541042,96035
03,WAVE,3b90ec17ea9dde89e995a9a46222a93df0f992d4,2,86,True,5.654125,96035
03,WAVE,3b90ec17ea9dde89e995a9a46222a93df0f992d4,2,87,True,5.754167,96035
03,WAVE,3b90ec17ea9dde89e995a9a46222a93df0f992d4,2,88,True,5.930416,96035
03,WAVE,3b90ec17ea9dde89e995a9a46222a93df0f992d4,2,89,True,7.207251,96035
03,WAVE,3b90ec17ea9dde89e995a9a46222a93df0f992d4,2,90,True,7.792042,96035
03,WAVE,3b90ec17ea9dde89e995a9a46222a93df0f992d4,2,91,True,5.923542,96035
03,WAVE,3b90ec17ea9dde89e995a9a46222a93df0f992d4,2,92,True,5.91025,96035
03,WAVE,3b90ec17ea9dde89e995a9a46222a93df0f992d4,2,93,True,6.085958,96035
03,WAVE,3b90ec17ea9dde89e995a9a46222a93df0f992d4,2,94,True,6.01675,96035
03,WAVE,3b90ec17ea9dde89e995a9a46222a93df0f992d4,2,95,True,5.686667,96035
03,WAVE,3b90ec17ea9dde89e995a9a46222a93df0f992d4,2,96,True,6.508917,96035
03,WAVE,3b90ec17ea9dde89e995a9a46222a93df0f992d4,2,97,True,5.370375,96035
03,WAVE,3b90ec17ea9dde89e995a9a46222a93df0f992d4,2,98,True,6.449584,96035
03,WAVE,3b90ec17ea9dde89e995a9a46222a93df0f992d4,2,99,True,5.672666,96035
03,WAVE,3b90ec17ea9dde89e995a9a46222a93df0f992d4,2,100,True,5.648666,96035
03,WAVE,3b90ec17ea9dde89e995a9a46222a93df0f992d4,3,1,True,6.767417,143040
03,WAVE,3b90ec17ea9dde89e995a9a46222a93df0f992d4,3,2,True,6.728916,143040
03,WAVE,3b90ec17ea9dde89e995a9a46222a93df0f992d4,3,3,True,6.91925,143040
03,WAVE,3b90ec17ea9dde89e995a9a46222a93df0f992d4,3,4,True,6.798375,143040
03,WAVE,3b90ec17ea9dde89e995a9a46222a93df0f992d4,3,5,True,6.766333,143040
03,WAVE,3b90ec17ea9dde89e995a9a46222a93df0f992d4,3,6,True,6.749458,143040
03,WAVE,3b90ec17ea9dde89e995a9a46222a93df0f992d4,3,7,True,7.043791,143040
03,WAVE,3b90ec17ea9dde89e995a9a46222a93df0f992d4,3,8,True,6.699292,143040
03,WAVE,3b90ec17ea9dde89e995a9a46222a93df0f992d4,3,9,True,6.70675,143040
03,WAVE,3b90ec17ea9dde89e995a9a46222a93df0f992d4,3,10,True,6.606916,143040
03,WAVE,3b90ec17ea9dde89e995a9a46222a93df0f992d4,3,11,True,7.289375,143040
03,WAVE,3b90ec17ea9dde89e995a9a46222a93df0f992d4,3,12,True,6.794625,143040
03,WAVE,3b90ec17ea9dde89e995a9a46222a93df0f992d4,3,13,True,6.75825,143040
03,WAVE,3b90ec17ea9dde89e995a9a46222a93df0f992d4,3,14,True,7.031333,143040
03,WAVE,3b90ec17ea9dde89e995a9a46222a93df0f992d4,3,15,True,6.887917,143040
03,WAVE,3b90ec17ea9dde89e995a9a46222a93df0f992d4,3,16,True,6.505958,143040
03,WAVE,3b90ec17ea9dde89e995a9a46222a93df0f992d4,3,17,True,6.60375,143040
03,WAVE,3b90ec17ea9dde89e995a9a46222a93df0f992d4,3,18,True,6.901542,143040
03,WAVE,3b90ec17ea9dde89e995a9a46222a93df0f992d4,3,19,True,6.82275,143040
03,WAVE,3b90ec17ea9dde89e995a9a46222a93df0f992d4,3,20,True,6.595834,143040
03,WAVE,3b90ec17ea9dde89e995a9a46222a93df0f992d4,3,21,True,6.780625,143040
03,WAVE,3b90ec17ea9dde89e995a9a46222a93df0f992d4,3,22,True,6.991,143040
03,WAVE,3b90ec17ea9dde89e995a9a46222a93df0f992d4,3,23,True,6.846375,143040
03,WAVE,3b90ec17ea9dde89e995a9a46222a93df0f992d4,3,24,True,6.868,143040
03,WAVE,3b90ec17ea9dde89e995a9a46222a93df0f992d4,3,25,True,6.881666,143040
03,WAVE,3b90ec17ea9dde89e995a9a46222a93df0f992d4,3,26,True,6.899083,143040
03,WAVE,3b90ec17ea9dde89e995a9a46222a93df0f992d4,3,27,True,6.796334,143040
03,WAVE,3b90ec17ea9dde89e995a9a46222a93df0f992d4,3,28,True,6.689458,143040
03,WAVE,3b90ec17ea9dde89e995a9a46222a93df0f992d4,3,29,True,6.958417,143040
03,WAVE,3b90ec17ea9dde89e995a9a46222a93df0f992d4,3,30,True,7.002708,143040
03,WAVE,3b90ec17ea9dde89e995a9a46222a93df0f992d4,3,31,True,6.922125,143040
03,WAVE,3b90ec17ea9dde89e995a9a46222a93df0f992d4,3,32,True,6.852084,143040
03,WAVE,3b90ec17ea9dde89e995a9a46222a93df0f992d4,3,33,True,6.710167,143040
03,WAVE,3b90ec17ea9dde89e995a9a46222a93df0f992d4,3,34,True,6.738,143040
03,WAVE,3b90ec17ea9dde89e995a9a46222a93df0f992d4,3,35,True,6.857584,143040
03,WAVE,3b90ec17ea9dde89e995a9a46222a93df0f992d4,3,36,True,6.7585,143040
03,WAVE,3b90ec17ea9dde89e995a9a46222a93df0f992d4,3,37,True,6.790084,143040
03,WAVE,3b90ec17ea9dde89e995a9a46222a93df0f992d4,3,38,True,7.014292,143040
03,WAVE,3b90ec17ea9dde89e995a9a46222a93df0f992d4,3,39,True,6.877834,143040
03,WAVE,3b90ec17ea9dde89e995a9a46222a93df0f992d4,3,40,True,6.631042,143040
03,WAVE,3b90ec17ea9dde89e995a9a46222a93df0f992d4,3,41,True,6.734542,143040
03,WAVE,3b90ec17ea9dde89e995a9a46222a93df0f992d4,3,42,True,6.992459,143040
03,WAVE,3b90ec17ea9dde89e995a9a46222a93df0f992d4,3,43,True,6.691,143040
03,WAVE,3b90ec17ea9dde89e995a9a46222a93df0f992d4,3,44,True,6.66275,143040
03,WAVE,3b90ec17ea9dde89e995a9a46222a93df0f992d4,3,45,True,6.725458,143040
03,WAVE,3b90ec17ea9dde89e995a9a46222a93df0f992d4,3,46,True,6.995916,143040
03,WAVE,3b90ec17ea9dde89e995a9a46222a93df0f992d4,3,47,True,6.939959,143040
03,WAVE,3b90ec17ea9dde89e995a9a46222a93df0f992d4,3,48,True,6.689292,143040
03,WAVE,3b90ec17ea9dde89e995a9a46222a93df0f992d4,3,49,True,6.814834,143040
03,WAVE,3b90ec17ea9dde89e995a9a46222a93df0f992d4,3,50,True,6.75025,143040
03,WAVE,3b90ec17ea9dde89e995a9a46222a93df0f992d4,3,51,True,6.857083,143040
03,WAVE,3b90ec17ea9dde89e995a9a46222a93df0f992d4,3,52,True,6.652667,143040
03,WAVE,3b90ec17ea9dde89e995a9a46222a93df0f992d4,3,53,True,6.70425,143040
03,WAVE,3b90ec17ea9dde89e995a9a46222a93df0f992d4,3,54,True,6.9685,143040
03,WAVE,3b90ec17ea9dde89e995a9a46222a93df0f992d4,3,55,True,6.755833,143040
03,WAVE,3b90ec17ea9dde89e995a9a46222a93df0f992d4,3,56,True,6.505958,143040
03,WAVE,3b90ec17ea9dde89e995a9a46222a93df0f992d4,3,57,True,6.687334,143040
03,WAVE,3b90ec17ea9dde89e995a9a46222a93df0f992d4,3,58,True,7.009458,143040
03,WAVE,3b90ec17ea9dde89e995a9a46222a93df0f992d4,3,59,True,6.616291,143040
03,WAVE,3b90ec17ea9dde89e995a9a46222a93df0f992d4,3,60,True,6.672583,143040
03,WAVE,3b90ec17ea9dde89e995a9a46222a93df0f992d4,3,61,True,6.72375,143040
03,WAVE,3b90ec17ea9dde89e995a9a46222a93df0f992d4,3,62,True,6.973167,143040
03,WAVE,3b90ec17ea9dde89e995a9a46222a93df0f992d4,3,63,True,6.873,143040
03,WAVE,3b90ec17ea9dde89e995a9a46222a93df0f992d4,3,64,True,6.669916,143040
03,WAVE,3b90ec17ea9dde89e995a9a46222a93df0f992d4,3,65,True,6.537083,143040
03,WAVE,3b90ec17ea9dde89e995a9a46222a93df0f992d4,3,66,True,7.069958,143040
03,WAVE,3b90ec17ea9dde89e995a9a46222a93df0f992d4,3,67,True,6.770541,143040
03,WAVE,3b90ec17ea9dde89e995a9a46222a93df0f992d4,3,68,True,6.796416,143040
03,WAVE,3b90ec17ea9dde89e995a9a46222a93df0f992d4,3,69,True,6.790875,143040
03,WAVE,3b90ec17ea9dde89e995a9a46222a93df0f992d4,3,70,True,7.10375,143040
03,WAVE,3b90ec17ea9dde89e995a9a46222a93df0f992d4,3,71,True,6.951125,143040
03,WAVE,3b90ec17ea9dde89e995a9a46222a93df0f992d4,3,72,True,6.852458,143040
03,WAVE,3b90ec17ea9dde89e995a9a46222a93df0f992d4,3,73,True,6.826958,143040
03,WAVE,3b90ec17ea9dde89e995a9a46222a93df0f992d4,3,74,True,7.058166,143040
03,WAVE,3b90ec17ea9dde89e995a9a46222a93df0f992d4,3,75,True,6.771084,143040
03,WAVE,3b90ec17ea9dde89e995a9a46222a93df0f992d4,3,76,True,6.645209,143040
03,WAVE,3b90ec17ea9dde89e995a9a46222a93df0f992d4,3,77,True,6.718792,143040
03,WAVE,3b90ec17ea9dde89e995a9a46222a93df0f992d4,3,78,True,7.024084,143040
03,WAVE,3b90ec17ea9dde89e995a9a46222a93df0f992d4,3,79,True,6.813167,143040
03,WAVE,3b90ec17ea9dde89e995a9a46222a93df0f992d4,3,80,True,6.680875,143040
03,WAVE,3b90ec17ea9dde89e995a9a46222a93df0f992d4,3,81,True,6.761958,143040
03,WAVE,3b90ec17ea9dde89e995a9a46222a93df0f992d4,3,82,True,6.98625,143040
03,WAVE,3b90ec17ea9dde89e995a9a46222a93df0f992d4,3,83,True,6.860875,143040
03,WAVE,3b90ec17ea9dde89e995a9a46222a93df0f992d4,3,84,True,6.534541,143040
03,WAVE,3b90ec17ea9dde89e995a9a46222a93df0f992d4,3,85,True,6.57125,143040
03,WAVE,3b90ec17ea9dde89e995a9a46222a93df0f992d4,3,86,True,6.970917,143040
03,WAVE,3b90ec17ea9dde89e995a9a46222a93df0f992d4,3,87,True,6.681167,143040
03,WAVE,3b90ec17ea9dde89e995a9a46222a93df0f992d4,3,88,True,6.702542,143040
03,WAVE,3b90ec17ea9dde89e995a9a46222a93df0f992d4,3,89,True,6.630291,143040
03,WAVE,3b90ec17ea9dde89e995a9a46222a93df0f992d4,3,90,True,6.973,143040
03,WAVE,3b90ec17ea9dde89e995a9a46222a93df0f992d4,3,91,True,6.662541,143040
03,WAVE,3b90ec17ea9dde89e995a9a46222a93df0f992d4,3,92,True,6.549792,143040
03,WAVE,3b90ec17ea9dde89e995a9a46222a93df0f992d4,3,93,True,6.632333,143040
03,WAVE,3b90ec17ea9dde89e995a9a46222a93df0f992d4,3,94,True,6.776791,143040
03,WAVE,3b90ec17ea9dde89e995a9a46222a93df0f992d4,3,95,True,6.979166,143040
03,WAVE,3b90ec17ea9dde89e995a9a46222a93df0f992d4,3,96,True,6.818333,143040
03,WAVE,3b90ec17ea9dde89e995a9a46222a93df0f992d4,3,97,True,6.839459,143040
03,WAVE,3b90ec17ea9dde89e995a9a46222a93df0f992d4,3,98,True,6.9335,143040
03,WAVE,3b90ec17ea9dde89e995a9a46222a93df0f992d4,3,99,True,6.819583,143040
03,WAVE,3b90ec17ea9dde89e995a9a46222a93df0f992d4,3,100,True,6.824542,143040
03,WAVE,3b90ec17ea9dde89e995a9a46222a93df0f992d4,5,1,True,11.226708,237050
03,WAVE,3b90ec17ea9dde89e995a9a46222a93df0f992d4,5,2,True,10.475708,237050
03,WAVE,3b90ec17ea9dde89e995a9a46222a93df0f992d4,5,3,True,10.777917,237050
03,WAVE,3b90ec17ea9dde89e995a9a46222a93df0f992d4,5,4,True,10.545584,237050
03,WAVE,3b90ec17ea9dde89e995a9a46222a93df0f992d4,5,5,True,10.607583,237050
03,WAVE,3b90ec17ea9dde89e995a9a46222a93df0f992d4,5,6,True,11.121292,237050
03,WAVE,3b90ec17ea9dde89e995a9a46222a93df0f992d4,5,7,True,10.271541,237050
03,WAVE,3b90ec17ea9dde89e995a9a46222a93df0f992d4,5,8,True,10.428625,237050
03,WAVE,3b90ec17ea9dde89e995a9a46222a93df0f992d4,5,9,True,10.909334,237050
03,WAVE,3b90ec17ea9dde89e995a9a46222a93df0f992d4,5,10,True,10.57675,237050
03,WAVE,3b90ec17ea9dde89e995a9a46222a93df0f992d4,5,11,True,10.509375,237050
03,WAVE,3b90ec17ea9dde89e995a9a46222a93df0f992d4,5,12,True,11.020041,237050
03,WAVE,3b90ec17ea9dde89e995a9a46222a93df0f992d4,5,13,True,10.376458,237050
03,WAVE,3b90ec17ea9dde89e995a9a46222a93df0f992d4,5,14,True,10.399334,237050
03,WAVE,3b90ec17ea9dde89e995a9a46222a93df0f992d4,5,15,True,10.696917,237050
03,WAVE,3b90ec17ea9dde89e995a9a46222a93df0f992d4,5,16,True,10.498958,237050
03,WAVE,3b90ec17ea9dde89e995a9a46222a93df0f992d4,5,17,True,10.677458,237050
03,WAVE,3b90ec17ea9dde89e995a9a46222a93df0f992d4,5,18,True,11.07175,237050
03,WAVE,3b90ec17ea9dde89e995a9a46222a93df0f992d4,5,19,True,10.438792,237050
03,WAVE,3b90ec17ea9dde89e995a9a46222a93df0f992d4,5,20,True,10.342542,237050
03,WAVE,3b90ec17ea9dde89e995a9a46222a93df0f992d4,5,21,True,10.786167,237050
03,WAVE,3b90ec17ea9dde89e995a9a46222a93df0f992d4,5,22,True,10.448333,237050
03,WAVE,3b90ec17ea9dde89e995a9a46222a93df0f992d4,5,23,True,10.466334,237050
03,WAVE,3b90ec17ea9dde89e995a9a46222a93df0f992d4,5,24,True,10.93425,237050
03,WAVE,3b90ec17ea9dde89e995a9a46222a93df0f992d4,5,25,True,10.554292,237050
03,WAVE,3b90ec17ea9dde89e995a9a46222a93df0f992d4,5,26,True,10.530583,237050
03,WAVE,3b90ec17ea9dde89e995a9a46222a93df0f992d4,5,27,True,10.748167,237050
03,WAVE,3b90ec17ea9dde89e995a9a46222a93df0f992d4,5,28,True,10.981583,237050
03,WAVE,3b90ec17ea9dde89e995a9a46222a93df0f992d4,5,29,True,10.829375,237050
03,WAVE,3b90ec17ea9dde89e995a9a46222a93df0f992d4,5,30,True,11.316916,237050
03,WAVE,3b90ec17ea9dde89e995a9a46222a93df0f992d4,5,31,True,10.333875,237050
03,WAVE,3b90ec17ea9dde89e995a9a46222a93df0f992d4,5,32,True,10.60125,237050
03,WAVE,3b90ec17ea9dde89e995a9a46222a93df0f992d4,5,33,True,11.042125,237050
03,WAVE,3b90ec17ea9dde89e995a9a46222a93df0f992d4,5,34,True,10.644875,237050
03,WAVE,3b90ec17ea9dde89e995a9a46222a93df0f992d4,5,35,True,10.440834,237050
03,WAVE,3b90ec17ea9dde89e995a9a46222a93df0f992d4,5,36,True,11.10025,237050
03,WAVE,3b90ec17ea9dde89e995a9a46222a93df0f992d4,5,37,True,10.538291,237050
03,WAVE,3b90ec17ea9dde89e995a9a46222a93df0f992d4,5,38,True,10.924708,237050
03,WAVE,3b90ec17ea9dde89e995a9a46222a93df0f992d4,5,39,True,10.982209,237050
03,WAVE,3b90ec17ea9dde89e995a9a46222a93df0f992d4,5,40,True,10.762083,237050
03,WAVE,3b90ec17ea9dde89e995a9a46222a93df0f992d4,5,41,True,11.054459,237050
03,WAVE,3b90ec17ea9dde89e995a9a46222a93df0f992d4,5,42,True,10.665209,237050
03,WAVE,3b90ec17ea9dde89e995a9a46222a93df0f992d4,5,43,True,10.718417,237050
03,WAVE,3b90ec17ea9dde89e995a9a46222a93df0f992d4,5,44,True,10.780208,237050
03,WAVE,3b90ec17ea9dde89e995a9a46222a93df0f992d4,5,45,True,10.589458,237050
03,WAVE,3b90ec17ea9dde89e995a9a46222a93df0f992d4,5,46,True,10.730125,237050
03,WAVE,3b90ec17ea9dde89e995a9a46222a93df0f992d4,5,47,True,10.231208,237050
03,WAVE,3b90ec17ea9dde89e995a9a46222a93df0f992d4,5,48,True,10.415708,237050
03,WAVE,3b90ec17ea9dde89e995a9a46222a93df0f992d4,5,49,True,10.922209,237050
03,WAVE,3b90ec17ea9dde89e995a9a46222a93df0f992d4,5,50,True,10.508208,237050
03,WAVE,3b90ec17ea9dde89e995a9a46222a93df0f992d4,5,51,True,10.9715,237050
03,WAVE,3b90ec17ea9dde89e995a9a46222a93df0f992d4,5,52,True,10.667708,237050
03,WAVE,3b90ec17ea9dde89e995a9a46222a93df0f992d4,5,53,True,11.088875,237050
03,WAVE,3b90ec17ea9dde89e995a9a46222a93df0f992d4,5,54,True,10.2565,237050
03,WAVE,3b90ec17ea9dde89e995a9a46222a93df0f992d4,5,55,True,10.407208,237050
03,WAVE,3b90ec17ea9dde89e995a9a46222a93df0f992d4,5,56,True,10.779125,237050
03,WAVE,3b90ec17ea9dde89e995a9a46222a93df0f992d4,5,57,True,11.144084,237050
03,WAVE,3b90ec17ea9dde89e995a9a46222a93df0f992d4,5,58,True,10.669417,237050
03,WAVE,3b90ec17ea9dde89e995a9a46222a93df0f992d4,5,59,True,12.056,237050
03,WAVE,3b90ec17ea9dde89e995a9a46222a93df0f992d4,5,60,True,16.702334,237050
03,WAVE,3b90ec17ea9dde89e995a9a46222a93df0f992d4,5,61,True,11.692916,237050
03,WAVE,3b90ec17ea9dde89e995a9a46222a93df0f992d4,5,62,True,12.16575,237050
03,WAVE,3b90ec17ea9dde89e995a9a46222a93df0f992d4,5,63,True,12.265667,237050
03,WAVE,3b90ec17ea9dde89e995a9a46222a93df0f992d4,5,64,True,12.713875,237050
03,WAVE,3b90ec17ea9dde89e995a9a46222a93df0f992d4,5,65,True,12.033208,237050
03,WAVE,3b90ec17ea9dde89e995a9a46222a93df0f992d4,5,66,True,13.989292,237050
03,WAVE,3b90ec17ea9dde89e995a9a46222a93df0f992d4,5,67,True,16.11225,237050
03,WAVE,3b90ec17ea9dde89e995a9a46222a93df0f992d4,5,68,True,12.38425,237050
03,WAVE,3b90ec17ea9dde89e995a9a46222a93df0f992d4,5,69,True,12.439833,237050
03,WAVE,3b90ec17ea9dde89e995a9a46222a93df0f992d4,5,70,True,11.543959,237050
03,WAVE,3b90ec17ea9dde89e995a9a46222a93df0f992d4,5,71,True,13.058541,237050
03,WAVE,3b90ec17ea9dde89e995a9a46222a93df0f992d4,5,72,True,11.319875,237050
03,WAVE,3b90ec17ea9dde89e995a9a46222a93df0f992d4,5,73,True,11.031125,237050
03,WAVE,3b90ec17ea9dde89e995a9a46222a93df0f992d4,5,74,True,11.732167,237050
03,WAVE,3b90ec17ea9dde89e995a9a46222a93df0f992d4,5,75,True,11.20775,237050
03,WAVE,3b90ec17ea9dde89e995a9a46222a93df0f992d4,5,76,True,11.209416,237050
03,WAVE,3b90ec17ea9dde89e995a9a46222a93df0f992d4,5,77,True,11.3365,237050
03,WAVE,3b90ec17ea9dde89e995a9a46222a93df0f992d4,5,78,True,11.326792,237050
03,WAVE,3b90ec17ea9dde89e995a9a46222a93df0f992d4,5,79,True,11.361,237050
03,WAVE,3b90ec17ea9dde89e995a9a46222a93df0f992d4,5,80,True,10.534,237050
03,WAVE,3b90ec17ea9dde89e995a9a46222a93df0f992d4,5,81,True,11.039667,237050
03,WAVE,3b90ec17ea9dde89e995a9a46222a93df0f992d4,5,82,True,10.57775,237050
03,WAVE,3b90ec17ea9dde89e995a9a46222a93df0f992d4,5,83,True,10.604459,237050
03,WAVE,3b90ec17ea9dde89e995a9a46222a93df0f992d4,5,84,True,11.24475,237050
03,WAVE,3b90ec17ea9dde89e995a9a46222a93df0f992d4,5,85,True,10.888917,237050
03,WAVE,3b90ec17ea9dde89e995a9a46222a93df0f992d4,5,86,True,11.045417,237050
03,WAVE,3b90ec17ea9dde89e995a9a46222a93df0f992d4,5,87,True,11.026958,237050
03,WAVE,3b90ec17ea9dde89e995a9a46222a93df0f992d4,5,88,True,10.544167,237050
03,WAVE,3b90ec17ea9dde89e995a9a46222a93df0f992d4,5,89,True,11.116959,237050
03,WAVE,3b90ec17ea9dde89e995a9a46222a93df0f992d4,5,90,True,10.45275,237050
03,WAVE,3b90ec17ea9dde89e995a9a46222a93df0f992d4,5,91,True,10.606625,237050
03,WAVE,3b90ec17ea9dde89e995a9a46222a93df0f992d4,5,92,True,10.545959,237050
03,WAVE,3b90ec17ea9dde89e995a9a46222a93df0f992d4,5,93,True,10.748292,237050
03,WAVE,3b90ec17ea9dde89e995a9a46222a93df0f992d4,5,94,True,11.308125,237050
03,WAVE,3b90ec17ea9dde89e995a9a46222a93df0f992d4,5,95,True,10.8755,237050
03,WAVE,3b90ec17ea9dde89e995a9a46222a93df0f992d4,5,96,True,10.786417,237050
03,WAVE,3b90ec17ea9dde89e995a9a46222a93df0f992d4,5,97,True,11.35775,237050
03,WAVE,3b90ec17ea9dde89e995a9a46222a93df0f992d4,5,98,True,11.167917,237050
03,WAVE,3b90ec17ea9dde89e995a9a46222a93df0f992d4,5,99,True,11.011667,237050
03,WAVE,3b90ec17ea9dde89e995a9a46222a93df0f992d4,5,100,True,11.45,237050
03,WAVE,3b90ec17ea9dde89e995a9a46222a93df0f992d4,10,1,True,20.446208,472075
03,WAVE,3b90ec17ea9dde89e995a9a46222a93df0f992d4,10,2,True,19.892333,472075
03,WAVE,3b90ec17ea9dde89e995a9a46222a93df0f992d4,10,3,True,19.973542,472075
03,WAVE,3b90ec17ea9dde89e995a9a46222a93df0f992d4,10,4,True,20.187333,472075
03,WAVE,3b90ec17ea9dde89e995a9a46222a93df0f992d4,10,5,True,20.198958,472075
03,WAVE,3b90ec17ea9dde89e995a9a46222a93df0f992d4,10,6,True,20.237625,472075
03,WAVE,3b90ec17ea9dde89e995a9a46222a93df0f992d4,10,7,True,20.268,472075
03,WAVE,3b90ec17ea9dde89e995a9a46222a93df0f992d4,10,8,True,19.753917,472075
03,WAVE,3b90ec17ea9dde89e995a9a46222a93df0f992d4,10,9,True,20.292,472075
03,WAVE,3b90ec17ea9dde89e995a9a46222a93df0f992d4,10,10,True,20.269458,472075
03,WAVE,3b90ec17ea9dde89e995a9a46222a93df0f992d4,10,11,True,20.003375,472075
03,WAVE,3b90ec17ea9dde89e995a9a46222a93df0f992d4,10,12,True,20.373833,472075
03,WAVE,3b90ec17ea9dde89e995a9a46222a93df0f992d4,10,13,True,20.385208,472075
03,WAVE,3b90ec17ea9dde89e995a9a46222a93df0f992d4,10,14,True,19.671208,472075
03,WAVE,3b90ec17ea9dde89e995a9a46222a93df0f992d4,10,15,True,19.835542,472075
03,WAVE,3b90ec17ea9dde89e995a9a46222a93df0f992d4,10,16,True,19.859167,472075
03,WAVE,3b90ec17ea9dde89e995a9a46222a93df0f992d4,10,17,True,19.761959,472075
03,WAVE,3b90ec17ea9dde89e995a9a46222a93df0f992d4,10,18,True,19.980042,472075
03,WAVE,3b90ec17ea9dde89e995a9a46222a93df0f992d4,10,19,True,19.832709,472075
03,WAVE,3b90ec17ea9dde89e995a9a46222a93df0f992d4,10,20,True,19.581958,472075
03,WAVE,3b90ec17ea9dde89e995a9a46222a93df0f992d4,10,21,True,19.890667,472075
03,WAVE,3b90ec17ea9dde89e995a9a46222a93df0f992d4,10,22,True,19.935,472075
03,WAVE,3b90ec17ea9dde89e995a9a46222a93df0f992d4,10,23,True,19.879625,472075
03,WAVE,3b90ec17ea9dde89e995a9a46222a93df0f992d4,10,24,True,20.087958,472075
03,WAVE,3b90ec17ea9dde89e995a9a46222a93df0f992d4,10,25,True,19.855791,472075
03,WAVE,3b90ec17ea9dde89e995a9a46222a93df0f992d4,10,26,True,19.836666,472075
03,WAVE,3b90ec17ea9dde89e995a9a46222a93df0f992d4,10,27,True,20.1005,472075
03,WAVE,3b90ec17ea9dde89e995a9a46222a93df0f992d4,10,28,True,19.881041,472075
03,WAVE,3b90ec17ea9dde89e995a9a46222a93df0f992d4,10,29,True,19.986167,472075
03,WAVE,3b90ec17ea9dde89e995a9a46222a93df0f992d4,10,30,True,19.8055,472075
03,WAVE,3b90ec17ea9dde89e995a9a46222a93df0f992d4,10,31,True,20.111791,472075
03,WAVE,3b90ec17ea9dde89e995a9a46222a93df0f992d4,10,32,True,20.098875,472075
03,WAVE,3b90ec17ea9dde89e995a9a46222a93df0f992d4,10,33,True,20.419333,472075
03,WAVE,3b90ec17ea9dde89e995a9a46222a93df0f992d4,10,34,True,19.334292,472075
03,WAVE,3b90ec17ea9dde89e995a9a46222a93df0f992d4,10,35,True,19.588709,472075
03,WAVE,3b90ec17ea9dde89e995a9a46222a93df0f992d4,10,36,True,19.914208,472075
03,WAVE,3b90ec17ea9dde89e995a9a46222a93df0f992d4,10,37,True,19.949417,472075
03,WAVE,3b90ec17ea9dde89e995a9a46222a93df0f992d4,10,38,True,19.434042,472075
03,WAVE,3b90ec17ea9dde89e995a9a46222a93df0f992d4,10,39,True,20.153667,472075
03,WAVE,3b90ec17ea9dde89e995a9a46222a93df0f992d4,10,40,True,20.144417,472075
03,WAVE,3b90ec17ea9dde89e995a9a46222a93df0f992d4,10,41,True,20.308459,472075
03,WAVE,3b90ec17ea9dde89e995a9a46222a93df0f992d4,10,42,True,19.79375,472075
03,WAVE,3b90ec17ea9dde89e995a9a46222a93df0f992d4,10,43,True,20.230917,472075
03,WAVE,3b90ec17ea9dde89e995a9a46222a93df0f992d4,10,44,True,20.299959,472075
03,WAVE,3b90ec17ea9dde89e995a9a46222a93df0f992d4,10,45,True,20.037667,472075
03,WAVE,3b90ec17ea9dde89e995a9a46222a93df0f992d4,10,46,True,19.598834,472075
03,WAVE,3b90ec17ea9dde89e995a9a46222a93df0f992d4,10,47,True,20.050708,472075
03,WAVE,3b90ec17ea9dde89e995a9a46222a93df0f992d4,10,48,True,19.754125,472075
03,WAVE,3b90ec17ea9dde89e995a9a46222a93df0f992d4,10,49,True,20.10775,472075
03,WAVE,3b90ec17ea9dde89e995a9a46222a93df0f992d4,10,50,True,20.141334,472075
03,WAVE,3b90ec17ea9dde89e995a9a46222a93df0f992d4,10,51,True,19.844209,472075
03,WAVE,3b90ec17ea9dde89e995a9a46222a93df0f992d4,10,52,True,19.382125,472075
03,WAVE,3b90ec17ea9dde89e995a9a46222a93df0f992d4,10,53,True,19.8185,472075
03,WAVE,3b90ec17ea9dde89e995a9a46222a93df0f992d4,10,54,True,19.622667,472075
03,WAVE,3b90ec17ea9dde89e995a9a46222a93df0f992d4,10,55,True,20.024333,472075
03,WAVE,3b90ec17ea9dde89e995a9a46222a93df0f992d4,10,56,True,20.038917,472075
03,WAVE,3b90ec17ea9dde89e995a9a46222a93df0f992d4,10,57,True,20.23575,472075
03,WAVE,3b90ec17ea9dde89e995a9a46222a93df0f992d4,10,58,True,19.670333,472075
03,WAVE,3b90ec17ea9dde89e995a9a46222a93df0f992d4,10,59,True,20.01775,472075
03,WAVE,3b90ec17ea9dde89e995a9a46222a93df0f992d4,10,60,True,20.16025,472075
03,WAVE,3b90ec17ea9dde89e995a9a46222a93df0f992d4,10,61,True,20.196084,472075
03,WAVE,3b90ec17ea9dde89e995a9a46222a93df0f992d4,10,62,True,19.63075,472075
03,WAVE,3b90ec17ea9dde89e995a9a46222a93df0f992d4,10,63,True,20.3445,472075
03,WAVE,3b90ec17ea9dde89e995a9a46222a93df0f992d4,10,64,True,19.918458,472075
03,WAVE,3b90ec17ea9dde89e995a9a46222a93df0f992d4,10,65,True,19.672291,472075
03,WAVE,3b90ec17ea9dde89e995a9a46222a93df0f992d4,10,66,True,19.719709,472075
03,WAVE,3b90ec17ea9dde89e995a9a46222a93df0f992d4,10,67,True,20.03425,472075
03,WAVE,3b90ec17ea9dde89e995a9a46222a93df0f992d4,10,68,True,20.140667,472075
03,WAVE,3b90ec17ea9dde89e995a9a46222a93df0f992d4,10,69,True,20.134,472075
03,WAVE,3b90ec17ea9dde89e995a9a46222a93df0f992d4,10,70,True,19.679,472075
03,WAVE,3b90ec17ea9dde89e995a9a46222a93df0f992d4,10,71,True,20.166583,472075
03,WAVE,3b90ec17ea9dde89e995a9a46222a93df0f992d4,10,72,True,20.03425,472075
03,WAVE,3b90ec17ea9dde89e995a9a46222a93df0f992d4,10,73,True,19.842041,472075
03,WAVE,3b90ec17ea9dde89e995a9a46222a93df0f992d4,10,74,True,19.567583,472075
03,WAVE,3b90ec17ea9dde89e995a9a46222a93df0f992d4,10,75,True,20.095417,472075
03,WAVE,3b90ec17ea9dde89e995a9a46222a93df0f992d4,10,76,True,19.775584,472075
03,WAVE,3b90ec17ea9dde89e995a9a46222a93df0f992d4,10,77,True,19.942875,472075
03,WAVE,3b90ec17ea9dde89e995a9a46222a93df0f992d4,10,78,True,19.767292,472075
03,WAVE,3b90ec17ea9dde89e995a9a46222a93df0f992d4,10,79,True,20.04525,472075
03,WAVE,3b90ec17ea9dde89e995a9a46222a93df0f992d4,10,80,True,19.996375,472075
03,WAVE,3b90ec17ea9dde89e995a9a46222a93df0f992d4,10,81,True,20.280041,472075
03,WAVE,3b90ec17ea9dde89e995a9a46222a93df0f992d4,10,82,True,20.483708,472075
03,WAVE,3b90ec17ea9dde89e995a9a46222a93df0f992d4,10,83,True,19.752209,472075
03,WAVE,3b90ec17ea9dde89e995a9a46222a93df0f992d4,10,84,True,19.763625,472075
03,WAVE,3b90ec17ea9dde89e995a9a46222a93df0f992d4,10,85,True,20.415167,472075
03,WAVE,3b90ec17ea9dde89e995a9a46222a93df0f992d4,10,86,True,19.667542,472075
03,WAVE,3b90ec17ea9dde89e995a9a46222a93df0f992d4,10,87,True,19.664583,472075
03,WAVE,3b90ec17ea9dde89e995a9a46222a93df0f992d4,10,88,True,20.886917,472075
03,WAVE,3b90ec17ea9dde89e995a9a46222a93df0f992d4,10,89,True,21.55225,472075
03,WAVE,3b90ec17ea9dde89e995a9a46222a93df0f992d4,10,90,True,21.08125,472075
03,WAVE,3b90ec17ea9dde89e995a9a46222a93df0f992d4,10,91,True,21.426458,472075
03,WAVE,3b90ec17ea9dde89e995a9a46222a93df0f992d4,10,92,True,23.396083,472075
03,WAVE,3b90ec17ea9dde89e995a9a46222a93df0f992d4,10,93,True,22.287125,472075
03,WAVE,3b90ec17ea9dde89e995a9a46222a93df0f992d4,10,94,True,24.218834,472075
03,WAVE,3b90ec17ea9dde89e995a9a46222a93df0f992d4,10,95,True,23.1315,472075
03,WAVE,3b90ec17ea9dde89e995a9a46222a93df0f992d4,10,96,True,22.762709,472075
03,WAVE,3b90ec17ea9dde89e995a9a46222a93df0f992d4,10,97,True,22.827167,472075
03,WAVE,3b90ec17ea9dde89e995a9a46222a93df0f992d4,10,98,True,21.231833,472075
03,WAVE,3b90ec17ea9dde89e995a9a46222a93df0f992d4,10,99,True,21.117916,472075
03,WAVE,3b90ec17ea9dde89e995a9a46222a93df0f992d4,10,100,True,20.982542,472075
04,WAVE,3b90ec17ea9dde89e995a9a46222a93df0f992d4,1,1,True,3.664167,49026
04,WAVE,3b90ec17ea9dde89e995a9a46222a93df0f992d4,1,2,True,3.553333,49026
04,WAVE,3b90ec17ea9dde89e995a9a46222a93df0f992d4,1,3,True,3.498709,49026
04,WAVE,3b90ec17ea9dde89e995a9a46222a93df0f992d4,1,4,True,3.399042,49026
04,WAVE,3b90ec17ea9dde89e995a9a46222a93df0f992d4,1,5,True,3.38075,49026
04,WAVE,3b90ec17ea9dde89e995a9a46222a93df0f992d4,1,6,True,3.335,49026
04,WAVE,3b90ec17ea9dde89e995a9a46222a93df0f992d4,1,7,True,3.329792,49026
04,WAVE,3b90ec17ea9dde89e995a9a46222a93df0f992d4,1,8,True,3.550833,49026
04,WAVE,3b90ec17ea9dde89e995a9a46222a93df0f992d4,1,9,True,3.795625,49026
04,WAVE,3b90ec17ea9dde89e995a9a46222a93df0f992d4,1,10,True,3.527625,49026
04,WAVE,3b90ec17ea9dde89e995a9a46222a93df0f992d4,1,11,True,3.321125,49026
04,WAVE,3b90ec17ea9dde89e995a9a46222a93df0f992d4,1,12,True,3.223417,49026
04,WAVE,3b90ec17ea9dde89e995a9a46222a93df0f992d4,1,13,True,3.145291,49026
04,WAVE,3b90ec17ea9dde89e995a9a46222a93df0f992d4,1,14,True,3.115916,49026
04,WAVE,3b90ec17ea9dde89e995a9a46222a93df0f992d4,1,15,True,3.205,49026
04,WAVE,3b90ec17ea9dde89e995a9a46222a93df0f992d4,1,16,True,3.084,49026
04,WAVE,3b90ec17ea9dde89e995a9a46222a93df0f992d4,1,17,True,3.1055,49026
04,WAVE,3b90ec17ea9dde89e995a9a46222a93df0f992d4,1,18,True,3.102709,49026
04,WAVE,3b90ec17ea9dde89e995a9a46222a93df0f992d4,1,19,True,3.265584,49026
04,WAVE,3b90ec17ea9dde89e995a9a46222a93df0f992d4,1,20,True,3.434875,49026
04,WAVE,3b90ec17ea9dde89e995a9a46222a93df0f992d4,1,21,True,3.286334,49026
04,WAVE,3b90ec17ea9dde89e995a9a46222a93df0f992d4,1,22,True,3.128,49026
04,WAVE,3b90ec17ea9dde89e995a9a46222a93df0f992d4,1,23,True,3.081,49026
04,WAVE,3b90ec17ea9dde89e995a9a46222a93df0f992d4,1,24,True,3.090541,49026
04,WAVE,3b90ec17ea9dde89e995a9a46222a93df0f992d4,1,25,True,3.209542,49026
04,WAVE,3b90ec17ea9dde89e995a9a46222a93df0f992d4,1,26,True,3.141417,49026
04,WAVE,3b90ec17ea9dde89e995a9a46222a93df0f992d4,1,27,True,3.09725,49026
04,WAVE,3b90ec17ea9dde89e995a9a46222a93df0f992d4,1,28,True,3.273875,49026
04,WAVE,3b90ec17ea9dde89e995a9a46222a93df0f992d4,1,29,True,3.267667,49026
04,WAVE,3b90ec17ea9dde89e995a9a46222a93df0f992d4,1,30,True,3.272625,49026
04,WAVE,3b90ec17ea9dde89e995a9a46222a93df0f992d4,1,31,True,3.163625,49026
04,WAVE,3b90ec17ea9dde89e995a9a46222a93df0f992d4,1,32,True,3.122959,49026
04,WAVE,3b90ec17ea9dde89e995a9a46222a93df0f992d4,1,33,True,3.119875,49026
04,WAVE,3b90ec17ea9dde89e995a9a46222a93df0f992d4,1,34,True,3.084125,49026
04,WAVE,3b90ec17ea9dde89e995a9a46222a93df0f992d4,1,35,True,3.109292,49026
04,WAVE,3b90ec17ea9dde89e995a9a46222a93df0f992d4,1,36,True,3.094916,49026
04,WAVE,3b90ec17ea9dde89e995a9a46222a93df0f992d4,1,37,True,3.093583,49026
04,WAVE,3b90ec17ea9dde89e995a9a46222a93df0f992d4,1,38,True,3.119958,49026
04,WAVE,3b90ec17ea9dde89e995a9a46222a93df0f992d4,1,39,True,3.097875,49026
04,WAVE,3b90ec17ea9dde89e995a9a46222a93df0f992d4,1,40,True,3.141208,49026
04,WAVE,3b90ec17ea9dde89e995a9a46222a93df0f992d4,1,41,True,3.394708,49026
04,WAVE,3b90ec17ea9dde89e995a9a46222a93df0f992d4,1,42,True,3.336167,49026
04,WAVE,3b90ec17ea9dde89e995a9a46222a93df0f992d4,1,43,True,3.215,49026
04,WAVE,3b90ec17ea9dde89e995a9a46222a93df0f992d4,1,44,True,3.111167,49026
04,WAVE,3b90ec17ea9dde89e995a9a46222a93df0f992d4,1,45,True,3.101959,49026
04,WAVE,3b90ec17ea9dde89e995a9a46222a93df0f992d4,1,46,True,3.1315,49026
04,WAVE,3b90ec17ea9dde89e995a9a46222a93df0f992d4,1,47,True,3.101208,49026
04,WAVE,3b90ec17ea9dde89e995a9a46222a93df0f992d4,1,48,True,3.098292,49026
04,WAVE,3b90ec17ea9dde89e995a9a46222a93df0f992d4,1,49,True,3.106,49026
04,WAVE,3b90ec17ea9dde89e995a9a46222a93df0f992d4,1,50,True,3.097583,49026
04,WAVE,3b90ec17ea9dde89e995a9a46222a93df0f992d4,1,51,True,3.035167,49026
04,WAVE,3b90ec17ea9dde89e995a9a46222a93df0f992d4,1,52,True,3.230667,49026
04,WAVE,3b90ec17ea9dde89e995a9a46222a93df0f992d4,1,53,True,3.2445,49026
04,WAVE,3b90ec17ea9dde89e995a9a46222a93df0f992d4,1,54,True,3.264042,49026
04,WAVE,3b90ec17ea9dde89e995a9a46222a93df0f992d4,1,55,True,3.149459,49026
04,WAVE,3b90ec17ea9dde89e995a9a46222a93df0f992d4,1,56,True,3.158667,49026
04,WAVE,3b90ec17ea9dde89e995a9a46222a93df0f992d4,1,57,True,3.173875,49026
04,WAVE,3b90ec17ea9dde89e995a9a46222a93df0f992d4,1,58,True,3.108209,49026
04,WAVE,3b90ec17ea9dde89e995a9a46222a93df0f992d4,1,59,True,3.169876,49026
04,WAVE,3b90ec17ea9dde89e995a9a46222a93df0f992d4,1,60,True,3.162292,49026
04,WAVE,3b90ec17ea9dde89e995a9a46222a93df0f992d4,1,61,True,3.14075,49026
04,WAVE,3b90ec17ea9dde89e995a9a46222a93df0f992d4,1,62,True,3.150625,49026
04,WAVE,3b90ec17ea9dde89e995a9a46222a93df0f992d4,1,63,True,3.201833,49026
04,WAVE,3b90ec17ea9dde89e995a9a46222a93df0f992d4,1,64,True,3.318334,49026
04,WAVE,3b90ec17ea9dde89e995a9a46222a93df0f992d4,1,65,True,3.285542,49026
04,WAVE,3b90ec17ea9dde89e995a9a46222a93df0f992d4,1,66,True,3.050375,49026
04,WAVE,3b90ec17ea9dde89e995a9a46222a93df0f992d4,1,67,True,3.090417,49026
04,WAVE,3b90ec17ea9dde89e995a9a46222a93df0f992d4,1,68,True,3.13325,49026
04,WAVE,3b90ec17ea9dde89e995a9a46222a93df0f992d4,1,69,True,3.13775,49026
04,WAVE,3b90ec17ea9dde89e995a9a46222a93df0f992d4,1,70,True,3.125125,49026
04,WAVE,3b90ec17ea9dde89e995a9a46222a93df0f992d4,1,71,True,3.124834,49026
04,WAVE,3b90ec17ea9dde89e995a9a46222a93df0f992d4,1,72,True,3.113625,49026
04,WAVE,3b90ec17ea9dde89e995a9a46222a93df0f992d4,1,73,True,3.198708,49026
04,WAVE,3b90ec17ea9dde89e995a9a46222a93df0f992d4,1,74,True,3.238417,49026
04,WAVE,3b90ec17ea9dde89e995a9a46222a93df0f992d4,1,75,True,3.198042,49026
04,WAVE,3b90ec17ea9dde89e995a9a46222a93df0f992d4,1,76,True,3.117042,49026
04,WAVE,3b90ec17ea9dde89e995a9a46222a93df0f992d4,1,77,True,3.113417,49026
04,WAVE,3b90ec17ea9dde89e995a9a46222a93df0f992d4,1,78,True,3.094959,49026
04,WAVE,3b90ec17ea9dde89e995a9a46222a93df0f992d4,1,79,True,3.078792,49026
04,WAVE,3b90ec17ea9dde89e995a9a46222a93df0f992d4,1,80,True,3.068291,49026
04,WAVE,3b90ec17ea9dde89e995a9a46222a93df0f992d4,1,81,True,3.107667,49026
04,WAVE,3b90ec17ea9dde89e995a9a46222a93df0f992d4,1,82,True,3.176459,49026
04,WAVE,3b90ec17ea9dde89e995a9a46222a93df0f992d4,1,83,True,3.167959,49026
04,WAVE,3b90ec17ea9dde89e995a9a46222a93df0f992d4,1,84,True,3.154375,49026
04,WAVE,3b90ec17ea9dde89e995a9a46222a93df0f992d4,1,85,True,3.143875,49026
04,WAVE,3b90ec17ea9dde89e995a9a46222a93df0f992d4,1,86,True,3.123167,49026
04,WAVE,3b90ec17ea9dde89e995a9a46222a93df0f992d4,1,87,True,3.032875,49026
04,WAVE,3b90ec17ea9dde89e995a9a46222a93df0f992d4,1,88,True,3.075542,49026
04,WAVE,3b90ec17ea9dde89e995a9a46222a93df0f992d4,1,89,True,3.166209,49026
04,WAVE,3b90ec17ea9dde89e995a9a46222a93df0f992d4,1,90,True,3.190167,49026
04,WAVE,3b90ec17ea9dde89e995a9a46222a93df0f992d4,1,91,True,3.119625,49026
04,WAVE,3b90ec17ea9dde89e995a9a46222a93df0f992d4,1,92,True,3.122458,49026
04,WAVE,3b90ec17ea9dde89e995a9a46222a93df0f992d4,1,93,True,3.077667,49026
04,WAVE,3b90ec17ea9dde89e995a9a46222a93df0f992d4,1,94,True,3.158667,49026
04,WAVE,3b90ec17ea9dde89e995a9a46222a93df0f992d4,1,95,True,3.3285,49026
04,WAVE,3b90ec17ea9dde89e995a9a46222a93df0f992d4,1,96,True,3.28625,49026
04,WAVE,3b90ec17ea9dde89e995a9a46222a93df0f992d4,1,97,True,3.172417,49026
04,WAVE,3b90ec17ea9dde89e995a9a46222a93df0f992d4,1,98,True,3.145291,49026
04,WAVE,3b90ec17ea9dde89e995a9a46222a93df0f992d4,1,99,True,3.169333,49026
04,WAVE,3b90ec17ea9dde89e995a9a46222a93df0f992d4,1,100,True,3.305333,49026
04,WAVE,3b90ec17ea9dde89e995a9a46222a93df0f992d4,2,1,True,5.1025,96035
04,WAVE,3b90ec17ea9dde89e995a9a46222a93df0f992d4,2,2,True,5.1185,96035
04,WAVE,3b90ec17ea9dde89e995a9a46222a93df0f992d4,2,3,True,5.128042,96035
04,WAVE,3b90ec17ea9dde89e995a9a46222a93df0f992d4,2,4,True,5.0935,96035
04,WAVE,3b90ec17ea9dde89e995a9a46222a93df0f992d4,2,5,True,4.969125,96035
04,WAVE,3b90ec17ea9dde89e995a9a46222a93df0f992d4,2,6,True,4.747125,96035
04,WAVE,3b90ec17ea9dde89e995a9a46222a93df0f992d4,2,7,True,4.790583,96035
04,WAVE,3b90ec17ea9dde89e995a9a46222a93df0f992d4,2,8,True,4.903458,96035
04,WAVE,3b90ec17ea9dde89e995a9a46222a93df0f992d4,2,9,True,4.867959,96035
04,WAVE,3b90ec17ea9dde89e995a9a46222a93df0f992d4,2,10,True,5.239667,96035
04,WAVE,3b90ec17ea9dde89e995a9a46222a93df0f992d4,2,11,True,4.999291,96035
04,WAVE,3b90ec17ea9dde89e995a9a46222a93df0f992d4,2,12,True,4.938792,96035
04,WAVE,3b90ec17ea9dde89e995a9a46222a93df0f992d4,2,13,True,5.035,96035
04,WAVE,3b90ec17ea9dde89e995a9a46222a93df0f992d4,2,14,True,4.9215,96035
04,WAVE,3b90ec17ea9dde89e995a9a46222a93df0f992d4,2,15,True,5.172958,96035
04,WAVE,3b90ec17ea9dde89e995a9a46222a93df0f992d4,2,16,True,5.112292,96035
04,WAVE,3b90ec17ea9dde89e995a9a46222a93df0f992d4,2,17,True,4.9035,96035
04,WAVE,3b90ec17ea9dde89e995a9a46222a93df0f992d4,2,18,True,4.787792,96035
04,WAVE,3b90ec17ea9dde89e995a9a46222a93df0f992d4,2,19,True,4.849542,96035
04,WAVE,3b90ec17ea9dde89e995a9a46222a93df0f992d4,2,20,True,4.883166,96035
04,WAVE,3b90ec17ea9dde89e995a9a46222a93df0f992d4,2,21,True,5.123291,96035
04,WAVE,3b90ec17ea9dde89e995a9a46222a93df0f992d4,2,22,True,5.139583,96035
04,WAVE,3b90ec17ea9dde89e995a9a46222a93df0f992d4,2,23,True,4.808792,96035
04,WAVE,3b90ec17ea9dde89e995a9a46222a93df0f992d4,2,24,True,4.896209,96035
04,WAVE,3b90ec17ea9dde89e995a9a46222a93df0f992d4,2,25,True,4.956542,96035
04,WAVE,3b90ec17ea9dde89e995a9a46222a93df0f992d4,2,26,True,4.959584,96035
04,WAVE,3b90ec17ea9dde89e995a9a46222a93df0f992d4,2,27,True,4.942084,96035
04,WAVE,3b90ec17ea9dde89e995a9a46222a93df0f992d4,2,28,True,5.094209,96035
04,WAVE,3b90ec17ea9dde89e995a9a46222a93df0f992d4,2,29,True,4.976167,96035
04,WAVE,3b90ec17ea9dde89e995a9a46222a93df0f992d4,2,30,True,4.946667,96035
04,WAVE,3b90ec17ea9dde89e995a9a46222a93df0f992d4,2,31,True,4.957291,96035
04,WAVE,3b90ec17ea9dde89e995a9a46222a93df0f992d4,2,32,True,5.109083,96035
04,WAVE,3b90ec17ea9dde89e995a9a46222a93df0f992d4,2,33,True,5.20425,96035
04,WAVE,3b90ec17ea9dde89e995a9a46222a93df0f992d4,2,34,True,5.047458,96035
04,WAVE,3b90ec17ea9dde89e995a9a46222a93df0f992d4,2,35,True,5.024333,96035
04,WAVE,3b90ec17ea9dde89e995a9a46222a93df0f992d4,2,36,True,5.016666,96035
04,WAVE,3b90ec17ea9dde89e995a9a46222a93df0f992d4,2,37,True,4.960583,96035
04,WAVE,3b90ec17ea9dde89e995a9a46222a93df0f992d4,2,38,True,4.995708,96035
04,WAVE,3b90ec17ea9dde89e995a9a46222a93df0f992d4,2,39,True,5.222083,96035
04,WAVE,3b90ec17ea9dde89e995a9a46222a93df0f992d4,2,40,True,5.149208,96035
04,WAVE,3b90ec17ea9dde89e995a9a46222a93df0f992d4,2,41,True,4.897916,96035
04,WAVE,3b90ec17ea9dde89e995a9a46222a93df0f992d4,2,42,True,4.825125,96035
04,WAVE,3b90ec17ea9dde89e995a9a46222a93df0f992d4,2,43,True,4.897291,96035
04,WAVE,3b90ec17ea9dde89e995a9a46222a93df0f992d4,2,44,True,4.900083,96035
04,WAVE,3b90ec17ea9dde89e995a9a46222a93df0f992d4,2,45,True,5.132083,96035
04,WAVE,3b90ec17ea9dde89e995a9a46222a93df0f992d4,2,46,True,5.075041,96035
04,WAVE,3b90ec17ea9dde89e995a9a46222a93df0f992d4,2,47,True,4.939458,96035
04,WAVE,3b90ec17ea9dde89e995a9a46222a93df0f992d4,2,48,True,4.996667,96035
04,WAVE,3b90ec17ea9dde89e995a9a46222a93df0f992d4,2,49,True,4.9765,96035
04,WAVE,3b90ec17ea9dde89e995a9a46222a93df0f992d4,2,50,True,5.056666,96035
04,WAVE,3b90ec17ea9dde89e995a9a46222a93df0f992d4,2,51,True,5.049208,96035
04,WAVE,3b90ec17ea9dde89e995a9a46222a93df0f992d4,2,52,True,4.878083,96035
04,WAVE,3b90ec17ea9dde89e995a9a46222a93df0f992d4,2,53,True,5.017459,96035
04,WAVE,3b90ec17ea9dde89e995a9a46222a93df0f992d4,2,54,True,4.809208,96035
04,WAVE,3b90ec17ea9dde89e995a9a46222a93df0f992d4,2,55,True,5.069167,96035
04,WAVE,3b90ec17ea9dde89e995a9a46222a93df0f992d4,2,56,True,5.062417,96035
04,WAVE,3b90ec17ea9dde89e995a9a46222a93df0f992d4,2,57,True,5.067917,96035
04,WAVE,3b90ec17ea9dde89e995a9a46222a93df0f992d4,2,58,True,4.790167,96035
04,WAVE,3b90ec17ea9dde89e995a9a46222a93df0f992d4,2,59,True,4.860125,96035
04,WAVE,3b90ec17ea9dde89e995a9a46222a93df0f992d4,2,60,True,4.936333,96035
04,WAVE,3b90ec17ea9dde89e995a9a46222a93df0f992d4,2,61,True,4.963958,96035
04,WAVE,3b90ec17ea9dde89e995a9a46222a93df0f992d4,2,62,True,5.015,96035
04,WAVE,3b90ec17ea9dde89e995a9a46222a93df0f992d4,2,63,True,5.305958,96035
04,WAVE,3b90ec17ea9dde89e995a9a46222a93df0f992d4,2,64,True,5.319375,96035
04,WAVE,3b90ec17ea9dde89e995a9a46222a93df0f992d4,2,65,True,5.011541,96035
04,WAVE,3b90ec17ea9dde89e995a9a46222a93df0f992d4,2,66,True,4.964042,96035
04,WAVE,3b90ec17ea9dde89e995a9a46222a93df0f992d4,2,67,True,5.001875,96035
04,WAVE,3b90ec17ea9dde89e995a9a46222a93df0f992d4,2,68,True,5.017708,96035
04,WAVE,3b90ec17ea9dde89e995a9a46222a93df0f992d4,2,69,True,5.248792,96035
04,WAVE,3b90ec17ea9dde89e995a9a46222a93df0f992d4,2,70,True,4.90275,96035
04,WAVE,3b90ec17ea9dde89e995a9a46222a93df0f992d4,2,71,True,4.720333,96035
04,WAVE,3b90ec17ea9dde89e995a9a46222a93df0f992d4,2,72,True,4.832833,96035
04,WAVE,3b90ec17ea9dde89e995a9a46222a93df0f992d4,2,73,True,4.816166,96035
04,WAVE,3b90ec17ea9dde89e995a9a46222a93df0f992d4,2,74,True,5.111625,96035
04,WAVE,3b90ec17ea9dde89e995a9a46222a93df0f992d4,2,75,True,5.114583,96035
04,WAVE,3b90ec17ea9dde89e995a9a46222a93df0f992d4,2,76,True,5.073166,96035
04,WAVE,3b90ec17ea9dde89e995a9a46222a93df0f992d4,2,77,True,4.989375,96035
04,WAVE,3b90ec17ea9dde89e995a9a46222a93df0f992d4,2,78,True,4.96125,96035
04,WAVE,3b90ec17ea9dde89e995a9a46222a93df0f992d4,2,79,True,4.960208,96035
04,WAVE,3b90ec17ea9dde89e995a9a46222a93df0f992d4,2,80,True,5.168833,96035
04,WAVE,3b90ec17ea9dde89e995a9a46222a93df0f992d4,2,81,True,5.020291,96035
04,WAVE,3b90ec17ea9dde89e995a9a46222a93df0f992d4,2,82,True,4.844542,96035
04,WAVE,3b90ec17ea9dde89e995a9a46222a93df0f992d4,2,83,True,4.988625,96035
04,WAVE,3b90ec17ea9dde89e995a9a46222a93df0f992d4,2,84,True,4.841208,96035
04,WAVE,3b90ec17ea9dde89e995a9a46222a93df0f992d4,2,85,True,5.306541,96035
04,WAVE,3b90ec17ea9dde89e995a9a46222a93df0f992d4,2,86,True,4.92125,96035
04,WAVE,3b90ec17ea9dde89e995a9a46222a93df0f992d4,2,87,True,4.907417,96035
04,WAVE,3b90ec17ea9dde89e995a9a46222a93df0f992d4,2,88,True,4.792,96035
04,WAVE,3b90ec17ea9dde89e995a9a46222a93df0f992d4,2,89,True,4.946917,96035
04,WAVE,3b90ec17ea9dde89e995a9a46222a93df0f992d4,2,90,True,5.214,96035
04,WAVE,3b90ec17ea9dde89e995a9a46222a93df0f992d4,2,91,True,5.140125,96035
04,WAVE,3b90ec17ea9dde89e995a9a46222a93df0f992d4,2,92,True,5.070667,96035
04,WAVE,3b90ec17ea9dde89e995a9a46222a93df0f992d4,2,93,True,5.029916,96035
04,WAVE,3b90ec17ea9dde89e995a9a46222a93df0f992d4,2,94,True,5.043583,96035
04,WAVE,3b90ec17ea9dde89e995a9a46222a93df0f992d4,2,95,True,5.0485,96035
04,WAVE,3b90ec17ea9dde89e995a9a46222a93df0f992d4,2,96,True,5.124792,96035
04,WAVE,3b90ec17ea9dde89e995a9a46222a93df0f992d4,2,97,True,5.238917,96035
04,WAVE,3b90ec17ea9dde89e995a9a46222a93df0f992d4,2,98,True,5.049625,96035
04,WAVE,3b90ec17ea9dde89e995a9a46222a93df0f992d4,2,99,True,5.036292,96035
04,WAVE,3b90ec17ea9dde89e995a9a46222a93df0f992d4,2,100,True,5.0155,96035
04,WAVE,3b90ec17ea9dde89e995a9a46222a93df0f992d4,3,1,True,7.149792,143040
04,WAVE,3b90ec17ea9dde89e995a9a46222a93df0f992d4,3,2,True,6.850167,143040
04,WAVE,3b90ec17ea9dde89e995a9a46222a93df0f992d4,3,3,True,6.884416,143040
04,WAVE,3b90ec17ea9dde89e995a9a46222a93df0f992d4,3,4,True,6.99425,143040
04,WAVE,3b90ec17ea9dde89e995a9a46222a93df0f992d4,3,5,True,7.08,143040
04,WAVE,3b90ec17ea9dde89e995a9a46222a93df0f992d4,3,6,True,6.99675,143040
04,WAVE,3b90ec17ea9dde89e995a9a46222a93df0f992d4,3,7,True,6.960042,143040
04,WAVE,3b90ec17ea9dde89e995a9a46222a93df0f992d4,3,8,True,6.794458,143040
04,WAVE,3b90ec17ea9dde89e995a9a46222a93df0f992d4,3,9,True,7.056125,143040
04,WAVE,3b90ec17ea9dde89e995a9a46222a93df0f992d4,3,10,True,7.0045,143040
04,WAVE,3b90ec17ea9dde89e995a9a46222a93df0f992d4,3,11,True,6.797375,143040
04,WAVE,3b90ec17ea9dde89e995a9a46222a93df0f992d4,3,12,True,6.783625,143040
04,WAVE,3b90ec17ea9dde89e995a9a46222a93df0f992d4,3,13,True,6.829375,143040
04,WAVE,3b90ec17ea9dde89e995a9a46222a93df0f992d4,3,14,True,6.925459,143040
04,WAVE,3b90ec17ea9dde89e995a9a46222a93df0f992d4,3,15,True,6.664917,143040
04,WAVE,3b90ec17ea9dde89e995a9a46222a93df0f992d4,3,16,True,6.712958,143040
04,WAVE,3b90ec17ea9dde89e995a9a46222a93df0f992d4,3,17,True,7.185375,143040
04,WAVE,3b90ec17ea9dde89e995a9a46222a93df0f992d4,3,18,True,6.930375,143040
04,WAVE,3b90ec17ea9dde89e995a9a46222a93df0f992d4,3,19,True,6.853959,143040
04,WAVE,3b90ec17ea9dde89e995a9a46222a93df0f992d4,3,20,True,6.824917,143040
04,WAVE,3b90ec17ea9dde89e995a9a46222a93df0f992d4,3,21,True,7.000875,143040
04,WAVE,3b90ec17ea9dde89e995a9a46222a93df0f992d4,3,22,True,6.975875,143040
04,WAVE,3b90ec17ea9dde89e995a9a46222a93df0f992d4,3,23,True,7.0655,143040
04,WAVE,3b90ec17ea9dde89e995a9a46222a93df0f992d4,3,24,True,6.990667,143040
04,WAVE,3b90ec17ea9dde89e995a9a46222a93df0f992d4,3,25,True,6.852792,143040
04,WAVE,3b90ec17ea9dde89e995a9a46222a93df0f992d4,3,26,True,6.769792,143040
04,WAVE,3b90ec17ea9dde89e995a9a46222a93df0f992d4,3,27,True,6.80275,143040
04,WAVE,3b90ec17ea9dde89e995a9a46222a93df0f992d4,3,28,True,6.922708,143040
04,WAVE,3b90ec17ea9dde89e995a9a46222a93df0f992d4,3,29,True,7.18975,143040
04,WAVE,3b90ec17ea9dde89e995a9a46222a93df0f992d4,3,30,True,7.130041,143040
04,WAVE,3b90ec17ea9dde89e995a9a46222a93df0f992d4,3,31,True,7.099917,143040
04,WAVE,3b90ec17ea9dde89e995a9a46222a93df0f992d4,3,32,True,6.966833,143040
04,WAVE,3b90ec17ea9dde89e995a9a46222a93df0f992d4,3,33,True,7.241625,143040
04,WAVE,3b90ec17ea9dde89e995a9a46222a93df0f992d4,3,34,True,7.093209,143040
04,WAVE,3b90ec17ea9dde89e995a9a46222a93df0f992d4,3,35,True,7.01075,143040
04,WAVE,3b90ec17ea9dde89e995a9a46222a93df0f992d4,3,36,True,6.970875,143040
04,WAVE,3b90ec17ea9dde89e995a9a46222a93df0f992d4,3,37,True,7.229958,143040
04,WAVE,3b90ec17ea9dde89e995a9a46222a93df0f992d4,3,38,True,7.210541,143040
04,WAVE,3b90ec17ea9dde89e995a9a46222a93df0f992d4,3,39,True,6.813458,143040
04,WAVE,3b90ec17ea9dde89e995a9a46222a93df0f992d4,3,40,True,6.734125,143040
04,WAVE,3b90ec17ea9dde89e995a9a46222a93df0f992d4,3,41,True,6.830792,143040
04,WAVE,3b90ec17ea9dde89e995a9a46222a93df0f992d4,3,42,True,6.872583,143040
04,WAVE,3b90ec17ea9dde89e995a9a46222a93df0f992d4,3,43,True,6.79325,143040
04,WAVE,3b90ec17ea9dde89e995a9a46222a93df0f992d4,3,44,True,6.922042,143040
04,WAVE,3b90ec17ea9dde89e995a9a46222a93df0f992d4,3,45,True,7.358375,143040
04,WAVE,3b90ec17ea9dde89e995a9a46222a93df0f992d4,3,46,True,6.945,143040
04,WAVE,3b90ec17ea9dde89e995a9a46222a93df0f992d4,3,47,True,6.996666,143040
04,WAVE,3b90ec17ea9dde89e995a9a46222a93df0f992d4,3,48,True,7.07525,143040
04,WAVE,3b90ec17ea9dde89e995a9a46222a93df0f992d4,3,49,True,7.353292,143040
04,WAVE,3b90ec17ea9dde89e995a9a46222a93df0f992d4,3,50,True,7.143625,143040
04,WAVE,3b90ec17ea9dde89e995a9a46222a93df0f992d4,3,51,True,6.979417,143040
04,WAVE,3b90ec17ea9dde89e995a9a46222a93df0f992d4,3,52,True,7.027459,143040
04,WAVE,3b90ec17ea9dde89e995a9a46222a93df0f992d4,3,53,True,7.212583,143040
04,WAVE,3b90ec17ea9dde89e995a9a46222a93df0f992d4,3,54,True,6.85675,143040
04,WAVE,3b90ec17ea9dde89e995a9a46222a93df0f992d4,3,55,True,6.791583,143040
04,WAVE,3b90ec17ea9dde89e995a9a46222a93df0f992d4,3,56,True,6.84275,143040
04,WAVE,3b90ec17ea9dde89e995a9a46222a93df0f992d4,3,57,True,7.177541,143040
04,WAVE,3b90ec17ea9dde89e995a9a46222a93df0f992d4,3,58,True,6.833792,143040
04,WAVE,3b90ec17ea9dde89e995a9a46222a93df0f992d4,3,59,True,6.667917,143040
04,WAVE,3b90ec17ea9dde89e995a9a46222a93df0f992d4,3,60,True,6.898542,143040
04,WAVE,3b90ec17ea9dde89e995a9a46222a93df0f992d4,3,61,True,7.102625,143040
04,WAVE,3b90ec17ea9dde89e995a9a46222a93df0f992d4,3,62,True,6.818625,143040
04,WAVE,3b90ec17ea9dde89e995a9a46222a93df0f992d4,3,63,True,6.745792,143040
04,WAVE,3b90ec17ea9dde89e995a9a46222a93df0f992d4,3,64,True,6.850916,143040
04,WAVE,3b90ec17ea9dde89e995a9a46222a93df0f992d4,3,65,True,7.11975,143040
04,WAVE,3b90ec17ea9dde89e995a9a46222a93df0f992d4,3,66,True,7.266959,143040
04,WAVE,3b90ec17ea9dde89e995a9a46222a93df0f992d4,3,67,True,6.524292,143040
04,WAVE,3b90ec17ea9dde89e995a9a46222a93df0f992d4,3,68,True,6.753875,143040
04,WAVE,3b90ec17ea9dde89e995a9a46222a93df0f992d4,3,69,True,7.086208,143040
04,WAVE,3b90ec17ea9dde89e995a9a46222a93df0f992d4,3,70,True,7.039042,143040
04,WAVE,3b90ec17ea9dde89e995a9a46222a93df0f992d4,3,71,True,6.933708,143040
04,WAVE,3b90ec17ea9dde89e995a9a46222a93df0f992d4,3,72,True,6.89625,143040
04,WAVE,3b90ec17ea9dde89e995a9a46222a93df0f992d4,3,73,True,7.008792,143040
04,WAVE,3b90ec17ea9dde89e995a9a46222a93df0f992d4,3,74,True,6.835625,143040
04,WAVE,3b90ec17ea9dde89e995a9a46222a93df0f992d4,3,75,True,6.496334,143040
04,WAVE,3b90ec17ea9dde89e995a9a46222a93df0f992d4,3,76,True,6.611417,143040
04,WAVE,3b90ec17ea9dde89e995a9a46222a93df0f992d4,3,77,True,6.903833,143040
04,WAVE,3b90ec17ea9dde89e995a9a46222a93df0f992d4,3,78,True,6.7985,143040
04,WAVE,3b90ec17ea9dde89e995a9a46222a93df0f992d4,3,79,True,6.739125,143040
04,WAVE,3b90ec17ea9dde89e995a9a46222a93df0f992d4,3,80,True,6.746375,143040
04,WAVE,3b90ec17ea9dde89e995a9a46222a93df0f992d4,3,81,True,6.891042,143040
04,WAVE,3b90ec17ea9dde89e995a9a46222a93df0f992d4,3,82,True,6.649333,143040
04,WAVE,3b90ec17ea9dde89e995a9a46222a93df0f992d4,3,83,True,6.749125,143040
04,WAVE,3b90ec17ea9dde89e995a9a46222a93df0f992d4,3,84,True,7.013417,143040
04,WAVE,3b90ec17ea9dde89e995a9a46222a93df0f992d4,3,85,True,6.832667,143040
04,WAVE,3b90ec17ea9dde89e995a9a46222a93df0f992d4,3,86,True,6.688958,143040
04,WAVE,3b90ec17ea9dde89e995a9a46222a93df0f992d4,3,87,True,7.240916,143040
04,WAVE,3b90ec17ea9dde89e995a9a46222a93df0f992d4,3,88,True,6.950375,143040
04,WAVE,3b90ec17ea9dde89e995a9a46222a93df0f992d4,3,89,True,6.971041,143040
04,WAVE,3b90ec17ea9dde89e995a9a46222a93df0f992d4,3,90,True,6.996917,143040
04,WAVE,3b90ec17ea9dde89e995a9a46222a93df0f992d4,3,91,True,7.393042,143040
04,WAVE,3b90ec17ea9dde89e995a9a46222a93df0f992d4,3,92,True,7.060166,143040
04,WAVE,3b90ec17ea9dde89e995a9a46222a93df0f992d4,3,93,True,6.480416,143040
04,WAVE,3b90ec17ea9dde89e995a9a46222a93df0f992d4,3,94,True,6.670333,143040
04,WAVE,3b90ec17ea9dde89e995a9a46222a93df0f992d4,3,95,True,7.046334,143040
04,WAVE,3b90ec17ea9dde89e995a9a46222a93df0f992d4,3,96,True,6.941083,143040
04,WAVE,3b90ec17ea9dde89e995a9a46222a93df0f992d4,3,97,True,6.782333,143040
04,WAVE,3b90ec17ea9dde89e995a9a46222a93df0f992d4,3,98,True,6.870958,143040
04,WAVE,3b90ec17ea9dde89e995a9a46222a93df0f992d4,3,99,True,7.018666,143040
04,WAVE,3b90ec17ea9dde89e995a9a46222a93df0f992d4,3,100,True,6.739625,143040
04,WAVE,3b90ec17ea9dde89e995a9a46222a93df0f992d4,5,1,True,11.218667,237050
04,WAVE,3b90ec17ea9dde89e995a9a46222a93df0f992d4,5,2,True,11.021791,237050
04,WAVE,3b90ec17ea9dde89e995a9a46222a93df0f992d4,5,3,True,10.902291,237050
04,WAVE,3b90ec17ea9dde89e995a9a46222a93df0f992d4,5,4,True,11.252666,237050
04,WAVE,3b90ec17ea9dde89e995a9a46222a93df0f992d4,5,5,True,11.238834,237050
04,WAVE,3b90ec17ea9dde89e995a9a46222a93df0f992d4,5,6,True,10.654459,237050
04,WAVE,3b90ec17ea9dde89e995a9a46222a93df0f992d4,5,7,True,10.503542,237050
04,WAVE,3b90ec17ea9dde89e995a9a46222a93df0f992d4,5,8,True,10.855083,237050
04,WAVE,3b90ec17ea9dde89e995a9a46222a93df0f992d4,5,9,True,10.592875,237050
04,WAVE,3b90ec17ea9dde89e995a9a46222a93df0f992d4,5,10,True,10.64875,237050
04,WAVE,3b90ec17ea9dde89e995a9a46222a93df0f992d4,5,11,True,10.633875,237050
04,WAVE,3b90ec17ea9dde89e995a9a46222a93df0f992d4,5,12,True,10.730292,237050
04,WAVE,3b90ec17ea9dde89e995a9a46222a93df0f992d4,5,13,True,10.831208,237050
04,WAVE,3b90ec17ea9dde89e995a9a46222a93df0f992d4,5,14,True,10.630208,237050
04,WAVE,3b90ec17ea9dde89e995a9a46222a93df0f992d4,5,15,True,11.011791,237050
04,WAVE,3b90ec17ea9dde89e995a9a46222a93df0f992d4,5,16,True,10.585042,237050
04,WAVE,3b90ec17ea9dde89e995a9a46222a93df0f992d4,5,17,True,10.393458,237050
04,WAVE,3b90ec17ea9dde89e995a9a46222a93df0f992d4,5,18,True,10.711209,237050
04,WAVE,3b90ec17ea9dde89e995a9a46222a93df0f992d4,5,19,True,10.642458,237050
04,WAVE,3b90ec17ea9dde89e995a9a46222a93df0f992d4,5,20,True,11.09075,237050
04,WAVE,3b90ec17ea9dde89e995a9a46222a93df0f992d4,5,21,True,10.632333,237050
04,WAVE,3b90ec17ea9dde89e995a9a46222a93df0f992d4,5,22,True,10.570667,237050
04,WAVE,3b90ec17ea9dde89e995a9a46222a93df0f992d4,5,23,True,10.924375,237050
04,WAVE,3b90ec17ea9dde89e995a9a46222a93df0f992d4,5,24,True,10.439875,237050
04,WAVE,3b90ec17ea9dde89e995a9a46222a93df0f992d4,5,25,True,10.53325,237050
04,WAVE,3b90ec17ea9dde89e995a9a46222a93df0f992d4,5,26,True,10.978083,237050
04,WAVE,3b90ec17ea9dde89e995a9a46222a93df0f992d4,5,27,True,10.386333,237050
04,WAVE,3b90ec17ea9dde89e995a9a46222a93df0f992d4,5,28,True,10.660084,237050
04,WAVE,3b90ec17ea9dde89e995a9a46222a93df0f992d4,5,29,True,11.01175,237050
04,WAVE,3b90ec17ea9dde89e995a9a46222a93df0f992d4,5,30,True,10.410209,237050
04,WAVE,3b90ec17ea9dde89e995a9a46222a93df0f992d4,5,31,True,10.912083,237050
04,WAVE,3b90ec17ea9dde89e995a9a46222a93df0f992d4,5,32,True,10.460667,237050
04,WAVE,3b90ec17ea9dde89e995a9a46222a93df0f992d4,5,33,True,10.727458,237050
04,WAVE,3b90ec17ea9dde89e995a9a46222a93df0f992d4,5,34,True,10.525583,237050
04,WAVE,3b90ec17ea9dde89e995a9a46222a93df0f992d4,5,35,True,10.456625,237050
04,WAVE,3b90ec17ea9dde89e995a9a46222a93df0f992d4,5,36,True,11.168792,237050
04,WAVE,3b90ec17ea9dde89e995a9a46222a93df0f992d4,5,37,True,10.753875,237050
04,WAVE,3b90ec17ea9dde89e995a9a46222a93df0f992d4,5,38,True,10.767417,237050
04,WAVE,3b90ec17ea9dde89e995a9a46222a93df0f992d4,5,39,True,10.722875,237050
04,WAVE,3b90ec17ea9dde89e995a9a46222a93df0f992d4,5,40,True,10.598625,237050
04,WAVE,3b90ec17ea9dde89e995a9a46222a93df0f992d4,5,41,True,10.277375,237050
04,WAVE,3b90ec17ea9dde89e995a9a46222a93df0f992d4,5,42,True,10.642708,237050
04,WAVE,3b90ec17ea9dde89e995a9a46222a93df0f992d4,5,43,True,10.517625,237050
04,WAVE,3b90ec17ea9dde89e995a9a46222a93df0f992d4,5,44,True,10.987917,237050
04,WAVE,3b90ec17ea9dde89e995a9a46222a93df0f992d4,5,45,True,10.933583,237050
04,WAVE,3b90ec17ea9dde89e995a9a46222a93df0f992d4,5,46,True,11.022958,237050
04,WAVE,3b90ec17ea9dde89e995a9a46222a93df0f992d4,5,47,True,10.620083,237050
04,WAVE,3b90ec17ea9dde89e995a9a46222a93df0f992d4,5,48,True,10.389334,237050
04,WAVE,3b90ec17ea9dde89e995a9a46222a93df0f992d4,5,49,True,10.980458,237050
04,WAVE,3b90ec17ea9dde89e995a9a46222a93df0f992d4,5,50,True,10.52875,237050
04,WAVE,3b90ec17ea9dde89e995a9a46222a93df0f992d4,5,51,True,10.722792,237050
04,WAVE,3b90ec17ea9dde89e995a9a46222a93df0f992d4,5,52,True,10.495042,237050
04,WAVE,3b90ec17ea9dde89e995a9a46222a93df0f992d4,5,53,True,10.703667,237050
04,WAVE,3b90ec17ea9dde89e995a9a46222a93df0f992d4,5,54,True,11.260125,237050
04,WAVE,3b90ec17ea9dde89e995a9a46222a93df0f992d4,5,55,True,10.332417,237050
04,WAVE,3b90ec17ea9dde89e995a9a46222a93df0f992d4,5,56,True,10.723625,237050
04,WAVE,3b90ec17ea9dde89e995a9a46222a93df0f992d4,5,57,True,10.463375,237050
04,WAVE,3b90ec17ea9dde89e995a9a46222a93df0f992d4,5,58,True,10.655417,237050
04,WAVE,3b90ec17ea9dde89e995a9a46222a93df0f992d4,5,59,True,11.267791,237050
04,WAVE,3b90ec17ea9dde89e995a9a46222a93df0f992d4,5,60,True,10.339333,237050
04,WAVE,3b90ec17ea9dde89e995a9a46222a93df0f992d4,5,61,True,10.699125,237050
04,WAVE,3b90ec17ea9dde89e995a9a46222a93df0f992d4,5,62,True,10.784792,237050
04,WAVE,3b90ec17ea9dde89e995a9a46222a93df0f992d4,5,63,True,10.703125,237050
04,WAVE,3b90ec17ea9dde89e995a9a46222a93df0f992d4,5,64,True,11.328458,237050
04,WAVE,3b90ec17ea9dde89e995a9a46222a93df0f992d4,5,65,True,10.869875,237050
04,WAVE,3b90ec17ea9dde89e995a9a46222a93df0f992d4,5,66,True,11.1045,237050
04,WAVE,3b90ec17ea9dde89e995a9a46222a93df0f992d4,5,67,True,11.10025,237050
04,WAVE,3b90ec17ea9dde89e995a9a46222a93df0f992d4,5,68,True,10.585458,237050
04,WAVE,3b90ec17ea9dde89e995a9a46222a93df0f992d4,5,69,True,10.725583,237050
04,WAVE,3b90ec17ea9dde89e995a9a46222a93df0f992d4,5,70,True,10.464666,237050
04,WAVE,3b90ec17ea9dde89e995a9a46222a93df0f992d4,5,71,True,10.552917,237050
04,WAVE,3b90ec17ea9dde89e995a9a46222a93df0f992d4,5,72,True,10.731875,237050
04,WAVE,3b90ec17ea9dde89e995a9a46222a93df0f992d4,5,73,True,10.467583,237050
04,WAVE,3b90ec17ea9dde89e995a9a46222a93df0f992d4,5,74,True,10.310041,237050
04,WAVE,3b90ec17ea9dde89e995a9a46222a93df0f992d4,5,75,True,10.730625,237050
04,WAVE,3b90ec17ea9dde89e995a9a46222a93df0f992d4,5,76,True,10.335917,237050
04,WAVE,3b90ec17ea9dde89e995a9a46222a93df0f992d4,5,77,True,10.337583,237050
04,WAVE,3b90ec17ea9dde89e995a9a46222a93df0f992d4,5,78,True,10.804,237050
04,WAVE,3b90ec17ea9dde89e995a9a46222a93df0f992d4,5,79,True,10.369792,237050
04,WAVE,3b90ec17ea9dde89e995a9a46222a93df0f992d4,5,80,True,10.222959,237050
04,WAVE,3b90ec17ea9dde89e995a9a46222a93df0f992d4,5,81,True,10.736792,237050
04,WAVE,3b90ec17ea9dde89e995a9a46222a93df0f992d4,5,82,True,10.623375,237050
04,WAVE,3b90ec17ea9dde89e995a9a46222a93df0f992d4,5,83,True,10.500583,237050
04,WAVE,3b90ec17ea9dde89e995a9a46222a93df0f992d4,5,84,True,10.968416,237050
04,WAVE,3b90ec17ea9dde89e995a9a46222a93df0f992d4,5,85,True,10.554584,237050
04,WAVE,3b90ec17ea9dde89e995a9a46222a93df0f992d4,5,86,True,10.638958,237050
04,WAVE,3b90ec17ea9dde89e995a9a46222a93df0f992d4,5,87,True,10.875166,237050
04,WAVE,3b90ec17ea9dde89e995a9a46222a93df0f992d4,5,88,True,10.425042,237050
04,WAVE,3b90ec17ea9dde89e995a9a46222a93df0f992d4,5,89,True,10.312125,237050
04,WAVE,3b90ec17ea9dde89e995a9a46222a93df0f992d4,5,90,True,10.8265,237050
04,WAVE,3b90ec17ea9dde89e995a9a46222a93df0f992d4,5,91,True,10.309208,237050
04,WAVE,3b90ec17ea9dde89e995a9a46222a93df0f992d4,5,92,True,10.247333,237050
04,WAVE,3b90ec17ea9dde89e995a9a46222a93df0f992d4,5,93,True,10.801292,237050
04,WAVE,3b90ec17ea9dde89e995a9a46222a93df0f992d4,5,94,True,10.3705,237050
04,WAVE,3b90ec17ea9dde89e995a9a46222a93df0f992d4,5,95,True,10.277292,237050
04,WAVE,3b90ec17ea9dde89e995a9a46222a93df0f992d4,5,96,True,10.963833,237050
04,WAVE,3b90ec17ea9dde89e995a9a46222a93df0f992d4,5,97,True,10.261,237050
04,WAVE,3b90ec17ea9dde89e995a9a46222a93df0f992d4,5,98,True,10.825583,237050
04,WAVE,3b90ec17ea9dde89e995a9a46222a93df0f992d4,5,99,True,10.636208,237050
04,WAVE,3b90ec17ea9dde89e995a9a46222a93df0f992d4,5,100,True,10.643916,237050
04,WAVE,3b90ec17ea9dde89e995a9a46222a93df0f992d4,10,1,True,20.359583,472075
04,WAVE,3b90ec17ea9dde89e995a9a46222a93df0f992d4,10,2,True,19.870916,472075
04,WAVE,3b90ec17ea9dde89e995a9a46222a93df0f992d4,10,3,True,20.123458,472075
04,WAVE,3b90ec17ea9dde89e995a9a46222a93df0f992d4,10,4,True,19.70325,472075
04,WAVE,3b90ec17ea9dde89e995a9a46222a93df0f992d4,10,5,True,20.21,472075
04,WAVE,3b90ec17ea9dde89e995a9a46222a93df0f992d4,10,6,True,20.064625,472075
04,WAVE,3b90ec17ea9dde89e995a9a46222a93df0f992d4,10,7,True,20.919333,472075
04,WAVE,3b90ec17ea9dde89e995a9a46222a93df0f992d4,10,8,True,20.794291,472075
04,WAVE,3b90ec17ea9dde89e995a9a46222a93df0f992d4,10,9,True,20.949,472075
04,WAVE,3b90ec17ea9dde89e995a9a46222a93df0f992d4,10,10,True,20.751375,472075
04,WAVE,3b90ec17ea9dde89e995a9a46222a93df0f992d4,10,11,True,19.91275,472075
04,WAVE,3b90ec17ea9dde89e995a9a46222a93df0f992d4,10,12,True,19.832,472075
04,WAVE,3b90ec17ea9dde89e995a9a46222a93df0f992d4,10,13,True,20.197667,472075
04,WAVE,3b90ec17ea9dde89e995a9a46222a93df0f992d4,10,14,True,20.305041,472075
04,WAVE,3b90ec17ea9dde89e995a9a46222a93df0f992d4,10,15,True,20.647375,472075
04,WAVE,3b90ec17ea9dde89e995a9a46222a93df0f992d4,10,16,True,20.192916,472075
04,WAVE,3b90ec17ea9dde89e995a9a46222a93df0f992d4,10,17,True,20.554458,472075
04,WAVE,3b90ec17ea9dde89e995a9a46222a93df0f992d4,10,18,True,20.784083,472075
04,WAVE,3b90ec17ea9dde89e995a9a46222a93df0f992d4,10,19,True,23.135792,472075
04,WAVE,3b90ec17ea9dde89e995a9a46222a93df0f992d4,10,20,True,22.204417,472075
04,WAVE,3b90ec17ea9dde89e995a9a46222a93df0f992d4,10,21,True,22.214125,472075
04,WAVE,3b90ec17ea9dde89e995a9a46222a93df0f992d4,10,22,True,30.445833,472075
04,WAVE,3b90ec17ea9dde89e995a9a46222a93df0f992d4,10,23,True,48.849416,472075
04,WAVE,3b90ec17ea9dde89e995a9a46222a93df0f992d4,10,24,True,22.212208,472075
04,WAVE,3b90ec17ea9dde89e995a9a46222a93df0f992d4,10,25,True,21.036501,472075
04,WAVE,3b90ec17ea9dde89e995a9a46222a93df0f992d4,10,26,True,20.81725,472075
04,WAVE,3b90ec17ea9dde89e995a9a46222a93df0f992d4,10,27,True,20.702375,472075
04,WAVE,3b90ec17ea9dde89e995a9a46222a93df0f992d4,10,28,True,20.43425,472075
04,WAVE,3b90ec17ea9dde89e995a9a46222a93df0f992d4,10,29,True,20.564291,472075
04,WAVE,3b90ec17ea9dde89e995a9a46222a93df0f992d4,10,30,True,20.4785,472075
04,WAVE,3b90ec17ea9dde89e995a9a46222a93df0f992d4,10,31,True,20.549792,472075
04,WAVE,3b90ec17ea9dde89e995a9a46222a93df0f992d4,10,32,True,20.553833,472075
04,WAVE,3b90ec17ea9dde89e995a9a46222a93df0f992d4,10,33,True,20.741583,472075
04,WAVE,3b90ec17ea9dde89e995a9a46222a93df0f992d4,10,34,True,19.988083,472075
04,WAVE,3b90ec17ea9dde89e995a9a46222a93df0f992d4,10,35,True,20.529375,472075
04,WAVE,3b90ec17ea9dde89e995a9a46222a93df0f992d4,10,36,True,20.403875,472075
04,WAVE,3b90ec17ea9dde89e995a9a46222a93df0f992d4,10,37,True,20.481042,472075
04,WAVE,3b90ec17ea9dde89e995a9a46222a93df0f992d4,10,38,True,19.929708,472075
04,WAVE,3b90ec17ea9dde89e995a9a46222a93df0f992d4,10,39,True,20.46425,472075
04,WAVE,3b90ec17ea9dde89e995a9a46222a93df0f992d4,10,40,True,19.987,472075
04,WAVE,3b90ec17ea9dde89e995a9a46222a93df0f992d4,10,41,True,20.213875,472075
04,WAVE,3b90ec17ea9dde89e995a9a46222a93df0f992d4,10,42,True,20.523542,472075
04,WAVE,3b90ec17ea9dde89e995a9a46222a93df0f992d4,10,43,True,20.880458,472075
04,WAVE,3b90ec17ea9dde89e995a9a46222a93df0f992d4,10,44,True,20.139834,472075
04,WAVE,3b90ec17ea9dde89e995a9a46222a93df0f992d4,10,45,True,20.431375,472075
04,WAVE,3b90ec17ea9dde89e995a9a46222a93df0f992d4,10,46,True,20.236792,472075
04,WAVE,3b90ec17ea9dde89e995a9a46222a93df0f992d4,10,47,True,20.0555,472075
04,WAVE,3b90ec17ea9dde89e995a9a46222a93df0f992d4,10,48,True,20.049417,472075
04,WAVE,3b90ec17ea9dde89e995a9a46222a93df0f992d4,10,49,True,20.224208,472075
04,WAVE,3b90ec17ea9dde89e995a9a46222a93df0f992d4,10,50,True,20.289125,472075
04,WAVE,3b90ec17ea9dde89e995a9a46222a93df0f992d4,10,51,True,20.547417,472075
04,WAVE,3b90ec17ea9dde89e995a9a46222a93df0f992d4,10,52,True,19.8615,472075
04,WAVE,3b90ec17ea9dde89e995a9a46222a93df0f992d4,10,53,True,20.556709,472075
04,WAVE,3b90ec17ea9dde89e995a9a46222a93df0f992d4,10,54,True,20.146291,472075
04,WAVE,3b90ec17ea9dde89e995a9a46222a93df0f992d4,10,55,True,20.542708,472075
04,WAVE,3b90ec17ea9dde89e995a9a46222a93df0f992d4,10,56,True,20.622417,472075
04,WAVE,3b90ec17ea9dde89e995a9a46222a93df0f992d4,10,57,True,20.679416,472075
04,WAVE,3b90ec17ea9dde89e995a9a46222a93df0f992d4,10,58,True,20.689166,472075
04,WAVE,3b90ec17ea9dde89e995a9a46222a93df0f992d4,10,59,True,20.654417,472075
04,WAVE,3b90ec17ea9dde89e995a9a46222a93df0f992d4,10,60,True,20.115,472075
04,WAVE,3b90ec17ea9dde89e995a9a46222a93df0f992d4,10,61,True,20.733208,472075
04,WAVE,3b90ec17ea9dde89e995a9a46222a93df0f992d4,10,62,True,20.034666,472075
04,WAVE,3b90ec17ea9dde89e995a9a46222a93df0f992d4,10,63,True,20.585041,472075
04,WAVE,3b90ec17ea9dde89e995a9a46222a93df0f992d4,10,64,True,19.838041,472075
04,WAVE,3b90ec17ea9dde89e995a9a46222a93df0f992d4,10,65,True,20.26775,472075
04,WAVE,3b90ec17ea9dde89e995a9a46222a93df0f992d4,10,66,True,20.283959,472075
04,WAVE,3b90ec17ea9dde89e995a9a46222a93df0f992d4,10,67,True,20.20975,472075
04,WAVE,3b90ec17ea9dde89e995a9a46222a93df0f992d4,10,68,True,20.284959,472075
04,WAVE,3b90ec17ea9dde89e995a9a46222a93df0f992d4,10,69,True,20.332167,472075
04,WAVE,3b90ec17ea9dde89e995a9a46222a93df0f992d4,10,70,True,20.307292,472075
04,WAVE,3b90ec17ea9dde89e995a9a46222a93df0f992d4,10,71,True,20.523917,472075
04,WAVE,3b90ec17ea9dde89e995a9a46222a93df0f992d4,10,72,True,20.516042,472075
04,WAVE,3b90ec17ea9dde89e995a9a46222a93df0f992d4,10,73,True,20.612209,472075
04,WAVE,3b90ec17ea9dde89e995a9a46222a93df0f992d4,10,74,True,20.376459,472075
04,WAVE,3b90ec17ea9dde89e995a9a46222a93df0f992d4,10,75,True,20.562167,472075
04,WAVE,3b90ec17ea9dde89e995a9a46222a93df0f992d4,10,76,True,20.595167,472075
04,WAVE,3b90ec17ea9dde89e995a9a46222a93df0f992d4,10,77,True,20.410584,472075
04,WAVE,3b90ec17ea9dde89e995a9a46222a93df0f992d4,10,78,True,20.070416,472075
04,WAVE,3b90ec17ea9dde89e995a9a46222a93df0f992d4,10,79,True,20.899333,472075
04,WAVE,3b90ec17ea9dde89e995a9a46222a93df0f992d4,10,80,True,20.867208,472075
04,WAVE,3b90ec17ea9dde89e995a9a46222a93df0f992d4,10,81,True,20.888667,472075
04,WAVE,3b90ec17ea9dde89e995a9a46222a93df0f992d4,10,82,True,20.044542,472075
04,WAVE,3b90ec17ea9dde89e995a9a46222a93df0f992d4,10,83,True,19.854292,472075
04,WAVE,3b90ec17ea9dde89e995a9a46222a93df0f992d4,10,84,True,20.278292,472075
04,WAVE,3b90ec17ea9dde89e995a9a46222a93df0f992d4,10,85,True,20.42625,472075
04,WAVE,3b90ec17ea9dde89e995a9a46222a93df0f992d4,10,86,True,19.752459,472075
04,WAVE,3b90ec17ea9dde89e995a9a46222a93df0f992d4,10,87,True,20.490292,472075
04,WAVE,3b90ec17ea9dde89e995a9a46222a93df0f992d4,10,88,True,20.425042,472075
04,WAVE,3b90ec17ea9dde89e995a9a46222a93df0f992d4,10,89,True,20.459291,472075
04,WAVE,3b90ec17ea9dde89e995a9a46222a93df0f992d4,10,90,True,20.08325,472075
04,WAVE,3b90ec17ea9dde89e995a9a46222a93df0f992d4,10,91,True,20.269,472075
04,WAVE,3b90ec17ea9dde89e995a9a46222a93df0f992d4,10,92,True,20.341125,472075
04,WAVE,3b90ec17ea9dde89e995a9a46222a93df0f992d4,10,93,True,20.501042,472075
04,WAVE,3b90ec17ea9dde89e995a9a46222a93df0f992d4,10,94,True,20.451458,472075
04,WAVE,3b90ec17ea9dde89e995a9a46222a93df0f992d4,10,95,True,19.972625,472075
04,WAVE,3b90ec17ea9dde89e995a9a46222a93df0f992d4,10,96,True,19.855667,472075
04,WAVE,3b90ec17ea9dde89e995a9a46222a93df0f992d4,10,97,True,20.728,472075
04,WAVE,3b90ec17ea9dde89e995a9a46222a93df0f992d4,10,98,True,20.902,472075
04,WAVE,3b90ec17ea9dde89e995a9a46222a93df0f992d4,10,99,True,21.388041,472075
04,WAVE,3b90ec17ea9dde89e995a9a46222a93df0f992d4,10,100,True,21.256458,472075
05,WAVE,3b90ec17ea9dde89e995a9a46222a93df0f992d4,1,1,True,3.696333,49026
05,WAVE,3b90ec17ea9dde89e995a9a46222a93df0f992d4,1,2,True,3.559334,49026
05,WAVE,3b90ec17ea9dde89e995a9a46222a93df0f992d4,1,3,True,3.51025,49026
05,WAVE,3b90ec17ea9dde89e995a9a46222a93df0f992d4,1,4,True,3.438958,49026
05,WAVE,3b90ec17ea9dde89e995a9a46222a93df0f992d4,1,5,True,3.581708,49026
05,WAVE,3b90ec17ea9dde89e995a9a46222a93df0f992d4,1,6,True,3.347375,49026
05,WAVE,3b90ec17ea9dde89e995a9a46222a93df0f992d4,1,7,True,3.340334,49026
05,WAVE,3b90ec17ea9dde89e995a9a46222a93df0f992d4,1,8,True,3.331834,49026
05,WAVE,3b90ec17ea9dde89e995a9a46222a93df0f992d4,1,9,True,3.356167,49026
05,WAVE,3b90ec17ea9dde89e995a9a46222a93df0f992d4,1,10,True,3.5475,49026
05,WAVE,3b90ec17ea9dde89e995a9a46222a93df0f992d4,1,11,True,3.117,49026
05,WAVE,3b90ec17ea9dde89e995a9a46222a93df0f992d4,1,12,True,3.204125,49026
05,WAVE,3b90ec17ea9dde89e995a9a46222a93df0f992d4,1,13,True,3.094209,49026
05,WAVE,3b90ec17ea9dde89e995a9a46222a93df0f992d4,1,14,True,3.292083,49026
05,WAVE,3b90ec17ea9dde89e995a9a46222a93df0f992d4,1,15,True,3.246833,49026
05,WAVE,3b90ec17ea9dde89e995a9a46222a93df0f992d4,1,16,True,3.075,49026
05,WAVE,3b90ec17ea9dde89e995a9a46222a93df0f992d4,1,17,True,3.0835,49026
05,WAVE,3b90ec17ea9dde89e995a9a46222a93df0f992d4,1,18,True,3.35025,49026
05,WAVE,3b90ec17ea9dde89e995a9a46222a93df0f992d4,1,19,True,3.3615,49026
05,WAVE,3b90ec17ea9dde89e995a9a46222a93df0f992d4,1,20,True,3.24975,49026
05,WAVE,3b90ec17ea9dde89e995a9a46222a93df0f992d4,1,21,True,3.212584,49026
05,WAVE,3b90ec17ea9dde89e995a9a46222a93df0f992d4,1,22,True,3.169917,49026
05,WAVE,3b90ec17ea9dde89e995a9a46222a93df0f992d4,1,23,True,3.170542,49026
05,WAVE,3b90ec17ea9dde89e995a9a46222a93df0f992d4,1,24,True,3.148791,49026
05,WAVE,3b90ec17ea9dde89e995a9a46222a93df0f992d4,1,25,True,3.272208,49026
05,WAVE,3b90ec17ea9dde89e995a9a46222a93df0f992d4,1,26,True,3.142083,49026
05,WAVE,3b90ec17ea9dde89e995a9a46222a93df0f992d4,1,27,True,3.132708,49026
05,WAVE,3b90ec17ea9dde89e995a9a46222a93df0f992d4,1,28,True,3.183166,49026
05,WAVE,3b90ec17ea9dde89e995a9a46222a93df0f992d4,1,29,True,3.160833,49026
05,WAVE,3b90ec17ea9dde89e995a9a46222a93df0f992d4,1,30,True,3.61175,49026
05,WAVE,3b90ec17ea9dde89e995a9a46222a93df0f992d4,1,31,True,3.30325,49026
05,WAVE,3b90ec17ea9dde89e995a9a46222a93df0f992d4,1,32,True,3.14,49026
05,WAVE,3b90ec17ea9dde89e995a9a46222a93df0f992d4,1,33,True,3.152666,49026
05,WAVE,3b90ec17ea9dde89e995a9a46222a93df0f992d4,1,34,True,3.122708,49026
05,WAVE,3b90ec17ea9dde89e995a9a46222a93df0f992d4,1,35,True,3.126417,49026
05,WAVE,3b90ec17ea9dde89e995a9a46222a93df0f992d4,1,36,True,3.144542,49026
05,WAVE,3b90ec17ea9dde89e995a9a46222a93df0f992d4,1,37,True,3.135791,49026
05,WAVE,3b90ec17ea9dde89e995a9a46222a93df0f992d4,1,38,True,3.1275,49026
05,WAVE,3b90ec17ea9dde89e995a9a46222a93df0f992d4,1,39,True,3.155917,49026
05,WAVE,3b90ec17ea9dde89e995a9a46222a93df0f992d4,1,40,True,3.365459,49026
05,WAVE,3b90ec17ea9dde89e995a9a46222a93df0f992d4,1,41,True,3.117834,49026
05,WAVE,3b90ec17ea9dde89e995a9a46222a93df0f992d4,1,42,True,3.093042,49026
05,WAVE,3b90ec17ea9dde89e995a9a46222a93df0f992d4,1,43,True,3.129333,49026
05,WAVE,3b90ec17ea9dde89e995a9a46222a93df0f992d4,1,44,True,3.148292,49026
05,WAVE,3b90ec17ea9dde89e995a9a46222a93df0f992d4,1,45,True,3.148125,49026
05,WAVE,3b90ec17ea9dde89e995a9a46222a93df0f992d4,1,46,True,3.163417,49026
05,WAVE,3b90ec17ea9dde89e995a9a46222a93df0f992d4,1,47,True,3.1335,49026
05,WAVE,3b90ec17ea9dde89e995a9a46222a93df0f992d4,1,48,True,3.276917,49026
05,WAVE,3b90ec17ea9dde89e995a9a46222a93df0f992d4,1,49,True,3.258,49026
05,WAVE,3b90ec17ea9dde89e995a9a46222a93df0f992d4,1,50,True,3.234959,49026
05,WAVE,3b90ec17ea9dde89e995a9a46222a93df0f992d4,1,51,True,3.152209,49026
05,WAVE,3b90ec17ea9dde89e995a9a46222a93df0f992d4,1,52,True,3.132834,49026
05,WAVE,3b90ec17ea9dde89e995a9a46222a93df0f992d4,1,53,True,3.141375,49026
05,WAVE,3b90ec17ea9dde89e995a9a46222a93df0f992d4,1,54,True,3.095291,49026
05,WAVE,3b90ec17ea9dde89e995a9a46222a93df0f992d4,1,55,True,3.12475,49026
05,WAVE,3b90ec17ea9dde89e995a9a46222a93df0f992d4,1,56,True,3.139583,49026
05,WAVE,3b90ec17ea9dde89e995a9a46222a93df0f992d4,1,57,True,3.168958,49026
05,WAVE,3b90ec17ea9dde89e995a9a46222a93df0f992d4,1,58,True,3.346875,49026
05,WAVE,3b90ec17ea9dde89e995a9a46222a93df0f992d4,1,59,True,3.273917,49026
05,WAVE,3b90ec17ea9dde89e995a9a46222a93df0f992d4,1,60,True,3.13825,49026
05,WAVE,3b90ec17ea9dde89e995a9a46222a93df0f992d4,1,61,True,3.037959,49026
05,WAVE,3b90ec17ea9dde89e995a9a46222a93df0f992d4,1,62,True,2.984,49026
05,WAVE,3b90ec17ea9dde89e995a9a46222a93df0f992d4,1,63,True,3.050667,49026
05,WAVE,3b90ec17ea9dde89e995a9a46222a93df0f992d4,1,64,True,3.091625,49026
05,WAVE,3b90ec17ea9dde89e995a9a46222a93df0f992d4,1,65,True,3.058167,49026
05,WAVE,3b90ec17ea9dde89e995a9a46222a93df0f992d4,1,66,True,2.968541,49026
05,WAVE,3b90ec17ea9dde89e995a9a46222a93df0f992d4,1,67,True,3.030792,49026
05,WAVE,3b90ec17ea9dde89e995a9a46222a93df0f992d4,1,68,True,2.982709,49026
05,WAVE,3b90ec17ea9dde89e995a9a46222a93df0f992d4,1,69,True,3.010667,49026
05,WAVE,3b90ec17ea9dde89e995a9a46222a93df0f992d4,1,70,True,3.241709,49026
05,WAVE,3b90ec17ea9dde89e995a9a46222a93df0f992d4,1,71,True,3.021583,49026
05,WAVE,3b90ec17ea9dde89e995a9a46222a93df0f992d4,1,72,True,3.063625,49026
05,WAVE,3b90ec17ea9dde89e995a9a46222a93df0f992d4,1,73,True,3.123334,49026
05,WAVE,3b90ec17ea9dde89e995a9a46222a93df0f992d4,1,74,True,3.032709,49026
05,WAVE,3b90ec17ea9dde89e995a9a46222a93df0f992d4,1,75,True,2.995417,49026
05,WAVE,3b90ec17ea9dde89e995a9a46222a93df0f992d4,1,76,True,3.084459,49026
05,WAVE,3b90ec17ea9dde89e995a9a46222a93df0f992d4,1,77,True,3.116875,49026
05,WAVE,3b90ec17ea9dde89e995a9a46222a93df0f992d4,1,78,True,3.159125,49026
05,WAVE,3b90ec17ea9dde89e995a9a46222a93df0f992d4,1,79,True,3.114834,49026
05,WAVE,3b90ec17ea9dde89e995a9a46222a93df0f992d4,1,80,True,3.09875,49026
05,WAVE,3b90ec17ea9dde89e995a9a46222a93df0f992d4,1,81,True,3.082458,49026
05,WAVE,3b90ec17ea9dde89e995a9a46222a93df0f992d4,1,82,True,3.071458,49026
05,WAVE,3b90ec17ea9dde89e995a9a46222a93df0f992d4,1,83,True,3.094583,49026
05,WAVE,3b90ec17ea9dde89e995a9a46222a93df0f992d4,1,84,True,3.095041,49026
05,WAVE,3b90ec17ea9dde89e995a9a46222a93df0f992d4,1,85,True,3.093583,49026
05,WAVE,3b90ec17ea9dde89e995a9a46222a93df0f992d4,1,86,True,3.1055,49026
05,WAVE,3b90ec17ea9dde89e995a9a46222a93df0f992d4,1,87,True,3.120958,49026
05,WAVE,3b90ec17ea9dde89e995a9a46222a93df0f992d4,1,88,True,3.105833,49026
05,WAVE,3b90ec17ea9dde89e995a9a46222a93df0f992d4,1,89,True,3.024459,49026
05,WAVE,3b90ec17ea9dde89e995a9a46222a93df0f992d4,1,90,True,3.159875,49026
05,WAVE,3b90ec17ea9dde89e995a9a46222a93df0f992d4,1,91,True,3.166042,49026
05,WAVE,3b90ec17ea9dde89e995a9a46222a93df0f992d4,1,92,True,3.119959,49026
05,WAVE,3b90ec17ea9dde89e995a9a46222a93df0f992d4,1,93,True,3.079167,49026
05,WAVE,3b90ec17ea9dde89e995a9a46222a93df0f992d4,1,94,True,3.108833,49026
05,WAVE,3b90ec17ea9dde89e995a9a46222a93df0f992d4,1,95,True,3.012875,49026
05,WAVE,3b90ec17ea9dde89e995a9a46222a93df0f992d4,1,96,True,2.955792,49026
05,WAVE,3b90ec17ea9dde89e995a9a46222a93df0f992d4,1,97,True,3.032959,49026
05,WAVE,3b90ec17ea9dde89e995a9a46222a93df0f992d4,1,98,True,3.069917,49026
05,WAVE,3b90ec17ea9dde89e995a9a46222a93df0f992d4,1,99,True,3.093917,49026
05,WAVE,3b90ec17ea9dde89e995a9a46222a93df0f992d4,1,100,True,3.213,49026
05,WAVE,3b90ec17ea9dde89e995a9a46222a93df0f992d4,2,1,True,5.020708,96035
05,WAVE,3b90ec17ea9dde89e995a9a46222a93df0f992d4,2,2,True,5.404958,96035
05,WAVE,3b90ec17ea9dde89e995a9a46222a93df0f992d4,2,3,True,5.168333,96035
05,WAVE,3b90ec17ea9dde89e995a9a46222a93df0f992d4,2,4,True,5.04225,96035
05,WAVE,3b90ec17ea9dde89e995a9a46222a93df0f992d4,2,5,True,5.012208,96035
05,WAVE,3b90ec17ea9dde89e995a9a46222a93df0f992d4,2,6,True,5.008375,96035
05,WAVE,3b90ec17ea9dde89e995a9a46222a93df0f992d4,2,7,True,5.078875,96035
05,WAVE,3b90ec17ea9dde89e995a9a46222a93df0f992d4,2,8,True,5.236083,96035
05,WAVE,3b90ec17ea9dde89e995a9a46222a93df0f992d4,2,9,True,5.1095,96035
05,WAVE,3b90ec17ea9dde89e995a9a46222a93df0f992d4,2,10,True,5.010916,96035
05,WAVE,3b90ec17ea9dde89e995a9a46222a93df0f992d4,2,11,True,5.03275,96035
05,WAVE,3b90ec17ea9dde89e995a9a46222a93df0f992d4,2,12,True,4.978791,96035
05,WAVE,3b90ec17ea9dde89e995a9a46222a93df0f992d4,2,13,True,5.084583,96035
05,WAVE,3b90ec17ea9dde89e995a9a46222a93df0f992d4,2,14,True,5.257541,96035
05,WAVE,3b90ec17ea9dde89e995a9a46222a93df0f992d4,2,15,True,4.818083,96035
05,WAVE,3b90ec17ea9dde89e995a9a46222a93df0f992d4,2,16,True,4.918125,96035
05,WAVE,3b90ec17ea9dde89e995a9a46222a93df0f992d4,2,17,True,4.949458,96035
05,WAVE,3b90ec17ea9dde89e995a9a46222a93df0f992d4,2,18,True,5.156916,96035
05,WAVE,3b90ec17ea9dde89e995a9a46222a93df0f992d4,2,19,True,5.267416,96035
05,WAVE,3b90ec17ea9dde89e995a9a46222a93df0f992d4,2,20,True,5.010166,96035
05,WAVE,3b90ec17ea9dde89e995a9a46222a93df0f992d4,2,21,True,5.018208,96035
05,WAVE,3b90ec17ea9dde89e995a9a46222a93df0f992d4,2,22,True,4.987791,96035
05,WAVE,3b90ec17ea9dde89e995a9a46222a93df0f992d4,2,23,True,5.038083,96035
05,WAVE,3b90ec17ea9dde89e995a9a46222a93df0f992d4,2,24,True,5.170125,96035
05,WAVE,3b90ec17ea9dde89e995a9a46222a93df0f992d4,2,25,True,4.981458,96035
05,WAVE,3b90ec17ea9dde89e995a9a46222a93df0f992d4,2,26,True,4.969875,96035
05,WAVE,3b90ec17ea9dde89e995a9a46222a93df0f992d4,2,27,True,4.979875,96035
05,WAVE,3b90ec17ea9dde89e995a9a46222a93df0f992d4,2,28,True,5.1395,96035
05,WAVE,3b90ec17ea9dde89e995a9a46222a93df0f992d4,2,29,True,5.16725,96035
05,WAVE,3b90ec17ea9dde89e995a9a46222a93df0f992d4,2,30,True,5.061083,96035
05,WAVE,3b90ec17ea9dde89e995a9a46222a93df0f992d4,2,31,True,5.104583,96035
05,WAVE,3b90ec17ea9dde89e995a9a46222a93df0f992d4,2,32,True,5.020125,96035
05,WAVE,3b90ec17ea9dde89e995a9a46222a93df0f992d4,2,33,True,4.983958,96035
05,WAVE,3b90ec17ea9dde89e995a9a46222a93df0f992d4,2,34,True,4.991667,96035
05,WAVE,3b90ec17ea9dde89e995a9a46222a93df0f992d4,2,35,True,5.143709,96035
05,WAVE,3b90ec17ea9dde89e995a9a46222a93df0f992d4,2,36,True,4.934417,96035
05,WAVE,3b90ec17ea9dde89e995a9a46222a93df0f992d4,2,37,True,5.077834,96035
05,WAVE,3b90ec17ea9dde89e995a9a46222a93df0f992d4,2,38,True,4.754583,96035
05,WAVE,3b90ec17ea9dde89e995a9a46222a93df0f992d4,2,39,True,5.172125,96035
05,WAVE,3b90ec17ea9dde89e995a9a46222a93df0f992d4,2,40,True,5.135792,96035
05,WAVE,3b90ec17ea9dde89e995a9a46222a93df0f992d4,2,41,True,5.110834,96035
05,WAVE,3b90ec17ea9dde89e995a9a46222a93df0f992d4,2,42,True,4.752208,96035
05,WAVE,3b90ec17ea9dde89e995a9a46222a93df0f992d4,2,43,True,4.957416,96035
05,WAVE,3b90ec17ea9dde89e995a9a46222a93df0f992d4,2,44,True,4.977375,96035
05,WAVE,3b90ec17ea9dde89e995a9a46222a93df0f992d4,2,45,True,4.961208,96035
05,WAVE,3b90ec17ea9dde89e995a9a46222a93df0f992d4,2,46,True,5.303625,96035
05,WAVE,3b90ec17ea9dde89e995a9a46222a93df0f992d4,2,47,True,4.958375,96035
05,WAVE,3b90ec17ea9dde89e995a9a46222a93df0f992d4,2,48,True,4.880375,96035
05,WAVE,3b90ec17ea9dde89e995a9a46222a93df0f992d4,2,49,True,4.923084,96035
05,WAVE,3b90ec17ea9dde89e995a9a46222a93df0f992d4,2,50,True,5.059,96035
05,WAVE,3b90ec17ea9dde89e995a9a46222a93df0f992d4,2,51,True,5.172791,96035
05,WAVE,3b90ec17ea9dde89e995a9a46222a93df0f992d4,2,52,True,5.014083,96035
05,WAVE,3b90ec17ea9dde89e995a9a46222a93df0f992d4,2,53,True,4.927917,96035
05,WAVE,3b90ec17ea9dde89e995a9a46222a93df0f992d4,2,54,True,4.850958,96035
05,WAVE,3b90ec17ea9dde89e995a9a46222a93df0f992d4,2,55,True,4.803375,96035
05,WAVE,3b90ec17ea9dde89e995a9a46222a93df0f992d4,2,56,True,5.069,96035
05,WAVE,3b90ec17ea9dde89e995a9a46222a93df0f992d4,2,57,True,4.91125,96035
05,WAVE,3b90ec17ea9dde89e995a9a46222a93df0f992d4,2,58,True,4.725291,96035
05,WAVE,3b90ec17ea9dde89e995a9a46222a93df0f992d4,2,59,True,4.960167,96035
05,WAVE,3b90ec17ea9dde89e995a9a46222a93df0f992d4,2,60,True,4.942584,96035
05,WAVE,3b90ec17ea9dde89e995a9a46222a93df0f992d4,2,61,True,4.966417,96035
05,WAVE,3b90ec17ea9dde89e995a9a46222a93df0f992d4,2,62,True,5.121708,96035
05,WAVE,3b90ec17ea9dde89e995a9a46222a93df0f992d4,2,63,True,4.97025,96035
05,WAVE,3b90ec17ea9dde89e995a9a46222a93df0f992d4,2,64,True,4.943084,96035
05,WAVE,3b90ec17ea9dde89e995a9a46222a93df0f992d4,2,65,True,4.991709,96035
05,WAVE,3b90ec17ea9dde89e995a9a46222a93df0f992d4,2,66,True,5.187167,96035
05,WAVE,3b90ec17ea9dde89e995a9a46222a93df0f992d4,2,67,True,5.2735,96035
05,WAVE,3b90ec17ea9dde89e995a9a46222a93df0f992d4,2,68,True,5.024084,96035
05,WAVE,3b90ec17ea9dde89e995a9a46222a93df0f992d4,2,69,True,5.030667,96035
05,WAVE,3b90ec17ea9dde89e995a9a46222a93df0f992d4,2,70,True,5.018833,96035
05,WAVE,3b90ec17ea9dde89e995a9a46222a93df0f992d4,2,71,True,4.993291,96035
05,WAVE,3b90ec17ea9dde89e995a9a46222a93df0f992d4,2,72,True,5.024083,96035
05,WAVE,3b90ec17ea9dde89e995a9a46222a93df0f992d4,2,73,True,5.209333,96035
05,WAVE,3b90ec17ea9dde89e995a9a46222a93df0f992d4,2,74,True,4.945292,96035
05,WAVE,3b90ec17ea9dde89e995a9a46222a93df0f992d4,2,75,True,4.919042,96035
05,WAVE,3b90ec17ea9dde89e995a9a46222a93df0f992d4,2,76,True,4.971209,96035
05,WAVE,3b90ec17ea9dde89e995a9a46222a93df0f992d4,2,77,True,4.931709,96035
05,WAVE,3b90ec17ea9dde89e995a9a46222a93df0f992d4,2,78,True,4.947667,96035
05,WAVE,3b90ec17ea9dde89e995a9a46222a93df0f992d4,2,79,True,5.248458,96035
05,WAVE,3b90ec17ea9dde89e995a9a46222a93df0f992d4,2,80,True,5.118208,96035
05,WAVE,3b90ec17ea9dde89e995a9a46222a93df0f992d4,2,81,True,4.988291,96035
05,WAVE,3b90ec17ea9dde89e995a9a46222a93df0f992d4,2,82,True,4.992375,96035
05,WAVE,3b90ec17ea9dde89e995a9a46222a93df0f992d4,2,83,True,4.998333,96035
05,WAVE,3b90ec17ea9dde89e995a9a46222a93df0f992d4,2,84,True,4.988458,96035
05,WAVE,3b90ec17ea9dde89e995a9a46222a93df0f992d4,2,85,True,5.0615,96035
05,WAVE,3b90ec17ea9dde89e995a9a46222a93df0f992d4,2,86,True,4.804667,96035
05,WAVE,3b90ec17ea9dde89e995a9a46222a93df0f992d4,2,87,True,4.858584,96035
05,WAVE,3b90ec17ea9dde89e995a9a46222a93df0f992d4,2,88,True,4.894792,96035
05,WAVE,3b90ec17ea9dde89e995a9a46222a93df0f992d4,2,89,True,5.133291,96035
05,WAVE,3b90ec17ea9dde89e995a9a46222a93df0f992d4,2,90,True,5.114083,96035
05,WAVE,3b90ec17ea9dde89e995a9a46222a93df0f992d4,2,91,True,5.052958,96035
05,WAVE,3b90ec17ea9dde89e995a9a46222a93df0f992d4,2,92,True,5.066375,96035
05,WAVE,3b90ec17ea9dde89e995a9a46222a93df0f992d4,2,93,True,5.021417,96035
05,WAVE,3b90ec17ea9dde89e995a9a46222a93df0f992d4,2,94,True,5.058833,96035
05,WAVE,3b90ec17ea9dde89e995a9a46222a93df0f992d4,2,95,True,5.073458,96035
05,WAVE,3b90ec17ea9dde89e995a9a46222a93df0f992d4,2,96,True,5.151166,96035
05,WAVE,3b90ec17ea9dde89e995a9a46222a93df0f992d4,2,97,True,4.790583,96035
05,WAVE,3b90ec17ea9dde89e995a9a46222a93df0f992d4,2,98,True,4.833209,96035
05,WAVE,3b90ec17ea9dde89e995a9a46222a93df0f992d4,2,99,True,4.8985,96035
05,WAVE,3b90ec17ea9dde89e995a9a46222a93df0f992d4,2,100,True,5.171667,96035
05,WAVE,3b90ec17ea9dde89e995a9a46222a93df0f992d4,3,1,True,8.089208,143040
05,WAVE,3b90ec17ea9dde89e995a9a46222a93df0f992d4,3,2,True,7.823166,143040
05,WAVE,3b90ec17ea9dde89e995a9a46222a93df0f992d4,3,3,True,7.524208,143040
05,WAVE,3b90ec17ea9dde89e995a9a46222a93df0f992d4,3,4,True,7.494875,143040
05,WAVE,3b90ec17ea9dde89e995a9a46222a93df0f992d4,3,5,True,7.903125,143040
05,WAVE,3b90ec17ea9dde89e995a9a46222a93df0f992d4,3,6,True,7.954667,143040
05,WAVE,3b90ec17ea9dde89e995a9a46222a93df0f992d4,3,7,True,7.59425,143040
05,WAVE,3b90ec17ea9dde89e995a9a46222a93df0f992d4,3,8,True,7.058625,143040
05,WAVE,3b90ec17ea9dde89e995a9a46222a93df0f992d4,3,9,True,7.37475,143040
05,WAVE,3b90ec17ea9dde89e995a9a46222a93df0f992d4,3,10,True,7.268459,143040
05,WAVE,3b90ec17ea9dde89e995a9a46222a93df0f992d4,3,11,True,7.158625,143040
05,WAVE,3b90ec17ea9dde89e995a9a46222a93df0f992d4,3,12,True,7.118916,143040
05,WAVE,3b90ec17ea9dde89e995a9a46222a93df0f992d4,3,13,True,7.294875,143040
05,WAVE,3b90ec17ea9dde89e995a9a46222a93df0f992d4,3,14,True,7.298333,143040
05,WAVE,3b90ec17ea9dde89e995a9a46222a93df0f992d4,3,15,True,7.270583,143040
05,WAVE,3b90ec17ea9dde89e995a9a46222a93df0f992d4,3,16,True,7.185167,143040
05,WAVE,3b90ec17ea9dde89e995a9a46222a93df0f992d4,3,17,True,7.374667,143040
05,WAVE,3b90ec17ea9dde89e995a9a46222a93df0f992d4,3,18,True,7.212375,143040
05,WAVE,3b90ec17ea9dde89e995a9a46222a93df0f992d4,3,19,True,6.895292,143040
05,WAVE,3b90ec17ea9dde89e995a9a46222a93df0f992d4,3,20,True,6.965125,143040
05,WAVE,3b90ec17ea9dde89e995a9a46222a93df0f992d4,3,21,True,7.185125,143040
05,WAVE,3b90ec17ea9dde89e995a9a46222a93df0f992d4,3,22,True,6.995916,143040
05,WAVE,3b90ec17ea9dde89e995a9a46222a93df0f992d4,3,23,True,6.770542,143040
05,WAVE,3b90ec17ea9dde89e995a9a46222a93df0f992d4,3,24,True,6.871125,143040
05,WAVE,3b90ec17ea9dde89e995a9a46222a93df0f992d4,3,25,True,7.124667,143040
05,WAVE,3b90ec17ea9dde89e995a9a46222a93df0f992d4,3,26,True,6.948666,143040
05,WAVE,3b90ec17ea9dde89e995a9a46222a93df0f992d4,3,27,True,6.998875,143040
05,WAVE,3b90ec17ea9dde89e995a9a46222a93df0f992d4,3,28,True,6.956125,143040
05,WAVE,3b90ec17ea9dde89e995a9a46222a93df0f992d4,3,29,True,7.139708,143040
05,WAVE,3b90ec17ea9dde89e995a9a46222a93df0f992d4,3,30,True,6.917042,143040
05,WAVE,3b90ec17ea9dde89e995a9a46222a93df0f992d4,3,31,True,6.888375,143040
05,WAVE,3b90ec17ea9dde89e995a9a46222a93df0f992d4,3,32,True,6.848167,143040
05,WAVE,3b90ec17ea9dde89e995a9a46222a93df0f992d4,3,33,True,7.012834,143040
05,WAVE,3b90ec17ea9dde89e995a9a46222a93df0f992d4,3,34,True,7.069625,143040
05,WAVE,3b90ec17ea9dde89e995a9a46222a93df0f992d4,3,35,True,6.695833,143040
05,WAVE,3b90ec17ea9dde89e995a9a46222a93df0f992d4,3,36,True,6.669416,143040
05,WAVE,3b90ec17ea9dde89e995a9a46222a93df0f992d4,3,37,True,7.127167,143040
05,WAVE,3b90ec17ea9dde89e995a9a46222a93df0f992d4,3,38,True,6.8335,143040
05,WAVE,3b90ec17ea9dde89e995a9a46222a93df0f992d4,3,39,True,6.669958,143040
05,WAVE,3b90ec17ea9dde89e995a9a46222a93df0f992d4,3,40,True,6.627292,143040
05,WAVE,3b90ec17ea9dde89e995a9a46222a93df0f992d4,3,41,True,7.192917,143040
05,WAVE,3b90ec17ea9dde89e995a9a46222a93df0f992d4,3,42,True,6.952459,143040
05,WAVE,3b90ec17ea9dde89e995a9a46222a93df0f992d4,3,43,True,6.891042,143040
05,WAVE,3b90ec17ea9dde89e995a9a46222a93df0f992d4,3,44,True,6.93325,143040
05,WAVE,3b90ec17ea9dde89e995a9a46222a93df0f992d4,3,45,True,7.196458,143040
05,WAVE,3b90ec17ea9dde89e995a9a46222a93df0f992d4,3,46,True,6.991125,143040
05,WAVE,3b90ec17ea9dde89e995a9a46222a93df0f992d4,3,47,True,6.929041,143040
05,WAVE,3b90ec17ea9dde89e995a9a46222a93df0f992d4,3,48,True,6.90225,143040
05,WAVE,3b90ec17ea9dde89e995a9a46222a93df0f992d4,3,49,True,7.333708,143040
05,WAVE,3b90ec17ea9dde89e995a9a46222a93df0f992d4,3,50,True,7.137833,143040
05,WAVE,3b90ec17ea9dde89e995a9a46222a93df0f992d4,3,51,True,7.030875,143040
05,WAVE,3b90ec17ea9dde89e995a9a46222a93df0f992d4,3,52,True,6.986209,143040
05,WAVE,3b90ec17ea9dde89e995a9a46222a93df0f992d4,3,53,True,7.104292,143040
05,WAVE,3b90ec17ea9dde89e995a9a46222a93df0f992d4,3,54,True,6.840125,143040
05,WAVE,3b90ec17ea9dde89e995a9a46222a93df0f992d4,3,55,True,6.823958,143040
05,WAVE,3b90ec17ea9dde89e995a9a46222a93df0f992d4,3,56,True,6.816375,143040
05,WAVE,3b90ec17ea9dde89e995a9a46222a93df0f992d4,3,57,True,7.224459,143040
05,WAVE,3b90ec17ea9dde89e995a9a46222a93df0f992d4,3,58,True,7.044792,143040
05,WAVE,3b90ec17ea9dde89e995a9a46222a93df0f992d4,3,59,True,6.897041,143040
05,WAVE,3b90ec17ea9dde89e995a9a46222a93df0f992d4,3,60,True,7.021083,143040
05,WAVE,3b90ec17ea9dde89e995a9a46222a93df0f992d4,3,61,True,7.025584,143040
05,WAVE,3b90ec17ea9dde89e995a9a46222a93df0f992d4,3,62,True,6.700125,143040
05,WAVE,3b90ec17ea9dde89e995a9a46222a93df0f992d4,3,63,True,6.98625,143040
05,WAVE,3b90ec17ea9dde89e995a9a46222a93df0f992d4,3,64,True,7.072,143040
05,WAVE,3b90ec17ea9dde89e995a9a46222a93df0f992d4,3,65,True,6.902917,143040
05,WAVE,3b90ec17ea9dde89e995a9a46222a93df0f992d4,3,66,True,6.949166,143040
05,WAVE,3b90ec17ea9dde89e995a9a46222a93df0f992d4,3,67,True,7.052833,143040
05,WAVE,3b90ec17ea9dde89e995a9a46222a93df0f992d4,3,68,True,6.622541,143040
05,WAVE,3b90ec17ea9dde89e995a9a46222a93df0f992d4,3,69,True,6.787083,143040
05,WAVE,3b90ec17ea9dde89e995a9a46222a93df0f992d4,3,70,True,6.804958,143040
05,WAVE,3b90ec17ea9dde89e995a9a46222a93df0f992d4,3,71,True,7.129625,143040
05,WAVE,3b90ec17ea9dde89e995a9a46222a93df0f992d4,3,72,True,7.071334,143040
05,WAVE,3b90ec17ea9dde89e995a9a46222a93df0f992d4,3,73,True,6.83525,143040
05,WAVE,3b90ec17ea9dde89e995a9a46222a93df0f992d4,3,74,True,6.895749,143040
05,WAVE,3b90ec17ea9dde89e995a9a46222a93df0f992d4,3,75,True,6.915208,143040
05,WAVE,3b90ec17ea9dde89e995a9a46222a93df0f992d4,3,76,True,6.862667,143040
05,WAVE,3b90ec17ea9dde89e995a9a46222a93df0f992d4,3,77,True,6.826334,143040
05,WAVE,3b90ec17ea9dde89e995a9a46222a93df0f992d4,3,78,True,6.775167,143040
05,WAVE,3b90ec17ea9dde89e995a9a46222a93df0f992d4,3,79,True,7.078334,143040
05,WAVE,3b90ec17ea9dde89e995a9a46222a93df0f992d4,3,80,True,6.762625,143040
05,WAVE,3b90ec17ea9dde89e995a9a46222a93df0f992d4,3,81,True,6.778542,143040
05,WAVE,3b90ec17ea9dde89e995a9a46222a93df0f992d4,3,82,True,6.838208,143040
05,WAVE,3b90ec17ea9dde89e995a9a46222a93df0f992d4,3,83,True,7.091917,143040
05,WAVE,3b90ec17ea9dde89e995a9a46222a93df0f992d4,3,84,True,6.692625,143040
05,WAVE,3b90ec17ea9dde89e995a9a46222a93df0f992d4,3,85,True,6.774917,143040
05,WAVE,3b90ec17ea9dde89e995a9a46222a93df0f992d4,3,86,True,6.966917,143040
05,WAVE,3b90ec17ea9dde89e995a9a46222a93df0f992d4,3,87,True,6.670958,143040
05,WAVE,3b90ec17ea9dde89e995a9a46222a93df0f992d4,3,88,True,6.733833,143040
05,WAVE,3b90ec17ea9dde89e995a9a46222a93df0f992d4,3,89,True,7.171042,143040
05,WAVE,3b90ec17ea9dde89e995a9a46222a93df0f992d4,3,90,True,6.891541,143040
05,WAVE,3b90ec17ea9dde89e995a9a46222a93df0f992d4,3,91,True,6.940792,143040
05,WAVE,3b90ec17ea9dde89e995a9a46222a93df0f992d4,3,92,True,7.027709,143040
05,WAVE,3b90ec17ea9dde89e995a9a46222a93df0f992d4,3,93,True,7.11675,143040
05,WAVE,3b90ec17ea9dde89e995a9a46222a93df0f992d4,3,94,True,6.911584,143040
05,WAVE,3b90ec17ea9dde89e995a9a46222a93df0f992d4,3,95,True,6.798375,143040
05,WAVE,3b90ec17ea9dde89e995a9a46222a93df0f992d4,3,96,True,6.757583,143040
05,WAVE,3b90ec17ea9dde89e995a9a46222a93df0f992d4,3,97,True,7.015459,143040
05,WAVE,3b90ec17ea9dde89e995a9a46222a93df0f992d4,3,98,True,6.749833,143040
05,WAVE,3b90ec17ea9dde89e995a9a46222a93df0f992d4,3,99,True,6.730541,143040
05,WAVE,3b90ec17ea9dde89e995a9a46222a93df0f992d4,3,100,True,6.817541,143040
05,WAVE,3b90ec17ea9dde89e995a9a46222a93df0f992d4,5,1,True,11.417125,237050
05,WAVE,3b90ec17ea9dde89e995a9a46222a93df0f992d4,5,2,True,10.854292,237050
05,WAVE,3b90ec17ea9dde89e995a9a46222a93df0f992d4,5,3,True,10.842542,237050
05,WAVE,3b90ec17ea9dde89e995a9a46222a93df0f992d4,5,4,True,11.353292,237050
05,WAVE,3b90ec17ea9dde89e995a9a46222a93df0f992d4,5,5,True,10.691583,237050
05,WAVE,3b90ec17ea9dde89e995a9a46222a93df0f992d4,5,6,True,10.961666,237050
05,WAVE,3b90ec17ea9dde89e995a9a46222a93df0f992d4,5,7,True,11.348833,237050
05,WAVE,3b90ec17ea9dde89e995a9a46222a93df0f992d4,5,8,True,10.717709,237050
05,WAVE,3b90ec17ea9dde89e995a9a46222a93df0f992d4,5,9,True,10.731292,237050
05,WAVE,3b90ec17ea9dde89e995a9a46222a93df0f992d4,5,10,True,11.018292,237050
05,WAVE,3b90ec17ea9dde89e995a9a46222a93df0f992d4,5,11,True,10.404291,237050
05,WAVE,3b90ec17ea9dde89e995a9a46222a93df0f992d4,5,12,True,10.6075,237050
05,WAVE,3b90ec17ea9dde89e995a9a46222a93df0f992d4,5,13,True,11.192375,237050
05,WAVE,3b90ec17ea9dde89e995a9a46222a93df0f992d4,5,14,True,10.457,237050
05,WAVE,3b90ec17ea9dde89e995a9a46222a93df0f992d4,5,15,True,10.473958,237050
05,WAVE,3b90ec17ea9dde89e995a9a46222a93df0f992d4,5,16,True,10.861,237050
05,WAVE,3b90ec17ea9dde89e995a9a46222a93df0f992d4,5,17,True,10.392083,237050
05,WAVE,3b90ec17ea9dde89e995a9a46222a93df0f992d4,5,18,True,10.519834,237050
05,WAVE,3b90ec17ea9dde89e995a9a46222a93df0f992d4,5,19,True,10.675333,237050
05,WAVE,3b90ec17ea9dde89e995a9a46222a93df0f992d4,5,20,True,10.987916,237050
05,WAVE,3b90ec17ea9dde89e995a9a46222a93df0f992d4,5,21,True,10.490625,237050
05,WAVE,3b90ec17ea9dde89e995a9a46222a93df0f992d4,5,22,True,10.968667,237050
05,WAVE,3b90ec17ea9dde89e995a9a46222a93df0f992d4,5,23,True,10.25075,237050
05,WAVE,3b90ec17ea9dde89e995a9a46222a93df0f992d4,5,24,True,10.523792,237050
05,WAVE,3b90ec17ea9dde89e995a9a46222a93df0f992d4,5,25,True,10.944084,237050
05,WAVE,3b90ec17ea9dde89e995a9a46222a93df0f992d4,5,26,True,10.716542,237050
05,WAVE,3b90ec17ea9dde89e995a9a46222a93df0f992d4,5,27,True,10.436375,237050
05,WAVE,3b90ec17ea9dde89e995a9a46222a93df0f992d4,5,28,True,10.881958,237050
05,WAVE,3b90ec17ea9dde89e995a9a46222a93df0f992d4,5,29,True,11.012708,237050
05,WAVE,3b90ec17ea9dde89e995a9a46222a93df0f992d4,5,30,True,10.710583,237050
05,WAVE,3b90ec17ea9dde89e995a9a46222a93df0f992d4,5,31,True,10.52575,237050
05,WAVE,3b90ec17ea9dde89e995a9a46222a93df0f992d4,5,32,True,10.379792,237050
05,WAVE,3b90ec17ea9dde89e995a9a46222a93df0f992d4,5,33,True,10.597584,237050
05,WAVE,3b90ec17ea9dde89e995a9a46222a93df0f992d4,5,34,True,11.288875,237050
05,WAVE,3b90ec17ea9dde89e995a9a46222a93df0f992d4,5,35,True,10.618084,237050
05,WAVE,3b90ec17ea9dde89e995a9a46222a93df0f992d4,5,36,True,10.725792,237050
05,WAVE,3b90ec17ea9dde89e995a9a46222a93df0f992d4,5,37,True,10.836167,237050
05,WAVE,3b90ec17ea9dde89e995a9a46222a93df0f992d4,5,38,True,10.409375,237050
05,WAVE,3b90ec17ea9dde89e995a9a46222a93df0f992d4,5,39,True,10.834416,237050
05,WAVE,3b90ec17ea9dde89e995a9a46222a93df0f992d4,5,40,True,10.765625,237050
05,WAVE,3b90ec17ea9dde89e995a9a46222a93df0f992d4,5,41,True,11.207292,237050
05,WAVE,3b90ec17ea9dde89e995a9a46222a93df0f992d4,5,42,True,10.60975,237050
05,WAVE,3b90ec17ea9dde89e995a9a46222a93df0f992d4,5,43,True,10.299833,237050
05,WAVE,3b90ec17ea9dde89e995a9a46222a93df0f992d4,5,44,True,10.600375,237050
05,WAVE,3b90ec17ea9dde89e995a9a46222a93df0f992d4,5,45,True,10.43725,237050
05,WAVE,3b90ec17ea9dde89e995a9a46222a93df0f992d4,5,46,True,11.126333,237050
05,WAVE,3b90ec17ea9dde89e995a9a46222a93df0f992d4,5,47,True,10.837791,237050
05,WAVE,3b90ec17ea9dde89e995a9a46222a93df0f992d4,5,48,True,10.27275,237050
05,WAVE,3b90ec17ea9dde89e995a9a46222a93df0f992d4,5,49,True,10.510917,237050
05,WAVE,3b90ec17ea9dde89e995a9a46222a93df0f992d4,5,50,True,10.482334,237050
05,WAVE,3b90ec17ea9dde89e995a9a46222a93df0f992d4,5,51,True,10.758583,237050
05,WAVE,3b90ec17ea9dde89e995a9a46222a93df0f992d4,5,52,True,10.548041,237050
05,WAVE,3b90ec17ea9dde89e995a9a46222a93df0f992d4,5,53,True,10.6645,237050
05,WAVE,3b90ec17ea9dde89e995a9a46222a93df0f992d4,5,54,True,10.644834,237050
05,WAVE,3b90ec17ea9dde89e995a9a46222a93df0f992d4,5,55,True,10.315417,237050
05,WAVE,3b90ec17ea9dde89e995a9a46222a93df0f992d4,5,56,True,10.846292,237050
05,WAVE,3b90ec17ea9dde89e995a9a46222a93df0f992d4,5,57,True,10.538375,237050
05,WAVE,3b90ec17ea9dde89e995a9a46222a93df0f992d4,5,58,True,10.761166,237050
05,WAVE,3b90ec17ea9dde89e995a9a46222a93df0f992d4,5,59,True,10.642291,237050
05,WAVE,3b90ec17ea9dde89e995a9a46222a93df0f992d4,5,60,True,10.745333,237050
05,WAVE,3b90ec17ea9dde89e995a9a46222a93df0f992d4,5,61,True,11.004083,237050
05,WAVE,3b90ec17ea9dde89e995a9a46222a93df0f992d4,5,62,True,10.166667,237050
05,WAVE,3b90ec17ea9dde89e995a9a46222a93df0f992d4,5,63,True,10.575,237050
05,WAVE,3b90ec17ea9dde89e995a9a46222a93df0f992d4,5,64,True,10.815458,237050
05,WAVE,3b90ec17ea9dde89e995a9a46222a93df0f992d4,5,65,True,10.607125,237050
05,WAVE,3b90ec17ea9dde89e995a9a46222a93df0f992d4,5,66,True,10.678334,237050
05,WAVE,3b90ec17ea9dde89e995a9a46222a93df0f992d4,5,67,True,10.452292,237050
05,WAVE,3b90ec17ea9dde89e995a9a46222a93df0f992d4,5,68,True,10.352292,237050
05,WAVE,3b90ec17ea9dde89e995a9a46222a93df0f992d4,5,69,True,11.130208,237050
05,WAVE,3b90ec17ea9dde89e995a9a46222a93df0f992d4,5,70,True,10.778916,237050
05,WAVE,3b90ec17ea9dde89e995a9a46222a93df0f992d4,5,71,True,10.780375,237050
05,WAVE,3b90ec17ea9dde89e995a9a46222a93df0f992d4,5,72,True,11.2335,237050
05,WAVE,3b90ec17ea9dde89e995a9a46222a93df0f992d4,5,73,True,10.375875,237050
05,WAVE,3b90ec17ea9dde89e995a9a46222a93df0f992d4,5,74,True,10.7345,237050
05,WAVE,3b90ec17ea9dde89e995a9a46222a93df0f992d4,5,75,True,10.42075,237050
05,WAVE,3b90ec17ea9dde89e995a9a46222a93df0f992d4,5,76,True,10.563625,237050
05,WAVE,3b90ec17ea9dde89e995a9a46222a93df0f992d4,5,77,True,11.255042,237050
05,WAVE,3b90ec17ea9dde89e995a9a46222a93df0f992d4,5,78,True,10.799917,237050
05,WAVE,3b90ec17ea9dde89e995a9a46222a93df0f992d4,5,79,True,10.912167,237050
05,WAVE,3b90ec17ea9dde89e995a9a46222a93df0f992d4,5,80,True,10.475917,237050
05,WAVE,3b90ec17ea9dde89e995a9a46222a93df0f992d4,5,81,True,10.480667,237050
05,WAVE,3b90ec17ea9dde89e995a9a46222a93df0f992d4,5,82,True,10.674334,237050
05,WAVE,3b90ec17ea9dde89e995a9a46222a93df0f992d4,5,83,True,10.454625,237050
05,WAVE,3b90ec17ea9dde89e995a9a46222a93df0f992d4,5,84,True,10.492791,237050
05,WAVE,3b90ec17ea9dde89e995a9a46222a93df0f992d4,5,85,True,10.689958,237050
05,WAVE,3b90ec17ea9dde89e995a9a46222a93df0f992d4,5,86,True,10.735125,237050
05,WAVE,3b90ec17ea9dde89e995a9a46222a93df0f992d4,5,87,True,10.835291,237050
05,WAVE,3b90ec17ea9dde89e995a9a46222a93df0f992d4,5,88,True,10.741333,237050
05,WAVE,3b90ec17ea9dde89e995a9a46222a93df0f992d4,5,89,True,10.624791,237050
05,WAVE,3b90ec17ea9dde89e995a9a46222a93df0f992d4,5,90,True,10.65,237050
05,WAVE,3b90ec17ea9dde89e995a9a46222a93df0f992d4,5,91,True,10.475625,237050
05,WAVE,3b90ec17ea9dde89e995a9a46222a93df0f992d4,5,92,True,11.269667,237050
05,WAVE,3b90ec17ea9dde89e995a9a46222a93df0f992d4,5,93,True,10.56225,237050
05,WAVE,3b90ec17ea9dde89e995a9a46222a93df0f992d4,5,94,True,10.746917,237050
05,WAVE,3b90ec17ea9dde89e995a9a46222a93df0f992d4,5,95,True,10.910583,237050
05,WAVE,3b90ec17ea9dde89e995a9a46222a93df0f992d4,5,96,True,10.486584,237050
05,WAVE,3b90ec17ea9dde89e995a9a46222a93df0f992d4,5,97,True,11.072292,237050
05,WAVE,3b90ec17ea9dde89e995a9a46222a93df0f992d4,5,98,True,10.594251,237050
05,WAVE,3b90ec17ea9dde89e995a9a46222a93df0f992d4,5,99,True,10.397125,237050
05,WAVE,3b90ec17ea9dde89e995a9a46222a93df0f992d4,5,100,True,10.511917,237050
05,WAVE,3b90ec17ea9dde89e995a9a46222a93df0f992d4,10,1,True,19.685917,472075
05,WAVE,3b90ec17ea9dde89e995a9a46222a93df0f992d4,10,2,True,20.364167,472075
05,WAVE,3b90ec17ea9dde89e995a9a46222a93df0f992d4,10,3,True,19.759542,472075
05,WAVE,3b90ec17ea9dde89e995a9a46222a93df0f992d4,10,4,True,20.080708,472075
05,WAVE,3b90ec17ea9dde89e995a9a46222a93df0f992d4,10,5,True,20.044625,472075
05,WAVE,3b90ec17ea9dde89e995a9a46222a93df0f992d4,10,6,True,19.777708,472075
05,WAVE,3b90ec17ea9dde89e995a9a46222a93df0f992d4,10,7,True,19.911334,472075
05,WAVE,3b90ec17ea9dde89e995a9a46222a93df0f992d4,10,8,True,20.319209,472075
05,WAVE,3b90ec17ea9dde89e995a9a46222a93df0f992d4,10,9,True,20.305208,472075
05,WAVE,3b90ec17ea9dde89e995a9a46222a93df0f992d4,10,10,True,20.572666,472075
05,WAVE,3b90ec17ea9dde89e995a9a46222a93df0f992d4,10,11,True,20.320709,472075
05,WAVE,3b90ec17ea9dde89e995a9a46222a93df0f992d4,10,12,True,20.049167,472075
05,WAVE,3b90ec17ea9dde89e995a9a46222a93df0f992d4,10,13,True,20.212542,472075
05,WAVE,3b90ec17ea9dde89e995a9a46222a93df0f992d4,10,14,True,20.439458,472075
05,WAVE,3b90ec17ea9dde89e995a9a46222a93df0f992d4,10,15,True,19.669666,472075
05,WAVE,3b90ec17ea9dde89e995a9a46222a93df0f992d4,10,16,True,19.711375,472075
05,WAVE,3b90ec17ea9dde89e995a9a46222a93df0f992d4,10,17,True,20.486291,472075
05,WAVE,3b90ec17ea9dde89e995a9a46222a93df0f992d4,10,18,True,20.423083,472075
05,WAVE,3b90ec17ea9dde89e995a9a46222a93df0f992d4,10,19,True,19.884,472075
05,WAVE,3b90ec17ea9dde89e995a9a46222a93df0f992d4,10,20,True,20.522833,472075
05,WAVE,3b90ec17ea9dde89e995a9a46222a93df0f992d4,10,21,True,19.859042,472075
05,WAVE,3b90ec17ea9dde89e995a9a46222a93df0f992d4,10,22,True,20.461417,472075
05,WAVE,3b90ec17ea9dde89e995a9a46222a93df0f992d4,10,23,True,20.001625,472075
05,WAVE,3b90ec17ea9dde89e995a9a46222a93df0f992d4,10,24,True,20.125709,472075
05,WAVE,3b90ec17ea9dde89e995a9a46222a93df0f992d4,10,25,True,19.556666,472075
05,WAVE,3b90ec17ea9dde89e995a9a46222a93df0f992d4,10,26,True,20.12175,472075
05,WAVE,3b90ec17ea9dde89e995a9a46222a93df0f992d4,10,27,True,20.257875,472075
05,WAVE,3b90ec17ea9dde89e995a9a46222a93df0f992d4,10,28,True,20.231584,472075
05,WAVE,3b90ec17ea9dde89e995a9a46222a93df0f992d4,10,29,True,20.518833,472075
05,WAVE,3b90ec17ea9dde89e995a9a46222a93df0f992d4,10,30,True,20.412459,472075
05,WAVE,3b90ec17ea9dde89e995a9a46222a93df0f992d4,10,31,True,19.395833,472075
05,WAVE,3b90ec17ea9dde89e995a9a46222a93df0f992d4,10,32,True,20.236875,472075
05,WAVE,3b90ec17ea9dde89e995a9a46222a93df0f992d4,10,33,True,19.575167,472075
05,WAVE,3b90ec17ea9dde89e995a9a46222a93df0f992d4,10,34,True,20.257709,472075
05,WAVE,3b90ec17ea9dde89e995a9a46222a93df0f992d4,10,35,True,20.13975,472075
05,WAVE,3b90ec17ea9dde89e995a9a46222a93df0f992d4,10,36,True,19.884875,472075
05,WAVE,3b90ec17ea9dde89e995a9a46222a93df0f992d4,10,37,True,19.694084,472075
05,WAVE,3b90ec17ea9dde89e995a9a46222a93df0f992d4,10,38,True,19.780417,472075
05,WAVE,3b90ec17ea9dde89e995a9a46222a93df0f992d4,10,39,True,19.804459,472075
05,WAVE,3b90ec17ea9dde89e995a9a46222a93df0f992d4,10,40,True,20.248542,472075
05,WAVE,3b90ec17ea9dde89e995a9a46222a93df0f992d4,10,41,True,20.619667,472075
05,WAVE,3b90ec17ea9dde89e995a9a46222a93df0f992d4,10,42,True,20.461542,472075
05,WAVE,3b90ec17ea9dde89e995a9a46222a93df0f992d4,10,43,True,19.622792,472075
05,WAVE,3b90ec17ea9dde89e995a9a46222a93df0f992d4,10,44,True,19.871625,472075
05,WAVE,3b90ec17ea9dde89e995a9a46222a93df0f992d4,10,45,True,20.015459,472075
05,WAVE,3b90ec17ea9dde89e995a9a46222a93df0f992d4,10,46,True,20.11175,472075
05,WAVE,3b90ec17ea9dde89e995a9a46222a93df0f992d4,10,47,True,19.925584,472075
05,WAVE,3b90ec17ea9dde89e995a9a46222a93df0f992d4,10,48,True,19.844,472075
05,WAVE,3b90ec17ea9dde89e995a9a46222a93df0f992d4,10,49,True,19.957417,472075
05,WAVE,3b90ec17ea9dde89e995a9a46222a93df0f992d4,10,50,True,20.440459,472075
05,WAVE,3b90ec17ea9dde89e995a9a46222a93df0f992d4,10,51,True,20.387,472075
05,WAVE,3b90ec17ea9dde89e995a9a46222a93df0f992d4,10,52,True,20.34625,472075
05,WAVE,3b90ec17ea9dde89e995a9a46222a93df0f992d4,10,53,True,19.762291,472075
05,WAVE,3b90ec17ea9dde89e995a9a46222a93df0f992d4,10,54,True,20.329459,472075
05,WAVE,3b90ec17ea9dde89e995a9a46222a93df0f992d4,10,55,True,26.430584,472075
05,WAVE,3b90ec17ea9dde89e995a9a46222a93df0f992d4,10,56,True,22.842458,472075
05,WAVE,3b90ec17ea9dde89e995a9a46222a93df0f992d4,10,57,True,22.461292,472075
05,WAVE,3b90ec17ea9dde89e995a9a46222a93df0f992d4,10,58,True,23.294875,472075
05,WAVE,3b90ec17ea9dde89e995a9a46222a93df0f992d4,10,59,True,26.28925,472075
05,WAVE,3b90ec17ea9dde89e995a9a46222a93df0f992d4,10,60,True,26.967208,472075
05,WAVE,3b90ec17ea9dde89e995a9a46222a93df0f992d4,10,61,True,23.69075,472075
05,WAVE,3b90ec17ea9dde89e995a9a46222a93df0f992d4,10,62,True,21.364416,472075
05,WAVE,3b90ec17ea9dde89e995a9a46222a93df0f992d4,10,63,True,21.194292,472075
05,WAVE,3b90ec17ea9dde89e995a9a46222a93df0f992d4,10,64,True,20.685667,472075
05,WAVE,3b90ec17ea9dde89e995a9a46222a93df0f992d4,10,65,True,20.721208,472075
05,WAVE,3b90ec17ea9dde89e995a9a46222a93df0f992d4,10,66,True,20.783291,472075
05,WAVE,3b90ec17ea9dde89e995a9a46222a93df0f992d4,10,67,True,20.527667,472075
05,WAVE,3b90ec17ea9dde89e995a9a46222a93df0f992d4,10,68,True,20.699375,472075
05,WAVE,3b90ec17ea9dde89e995a9a46222a93df0f992d4,10,69,True,20.317459,472075
05,WAVE,3b90ec17ea9dde89e995a9a46222a93df0f992d4,10,70,True,20.687917,472075
05,WAVE,3b90ec17ea9dde89e995a9a46222a93df0f992d4,10,71,True,20.752625,472075
05,WAVE,3b90ec17ea9dde89e995a9a46222a93df0f992d4,10,72,True,20.677333,472075
05,WAVE,3b90ec17ea9dde89e995a9a46222a93df0f992d4,10,73,True,20.653875,472075
05,WAVE,3b90ec17ea9dde89e995a9a46222a93df0f992d4,10,74,True,20.372792,472075
05,WAVE,3b90ec17ea9dde89e995a9a46222a93df0f992d4,10,75,True,20.382833,472075
05,WAVE,3b90ec17ea9dde89e995a9a46222a93df0f992d4,10,76,True,20.566,472075
05,WAVE,3b90ec17ea9dde89e995a9a46222a93df0f992d4,10,77,True,19.766791,472075
05,WAVE,3b90ec17ea9dde89e995a9a46222a93df0f992d4,10,78,True,20.339541,472075
05,WAVE,3b90ec17ea9dde89e995a9a46222a93df0f992d4,10,79,True,19.969042,472075
05,WAVE,3b90ec17ea9dde89e995a9a46222a93df0f992d4,10,80,True,20.575208,472075
05,WAVE,3b90ec17ea9dde89e995a9a46222a93df0f992d4,10,81,True,20.605583,472075
05,WAVE,3b90ec17ea9dde89e995a9a46222a93df0f992d4,10,82,True,20.741459,472075
05,WAVE,3b90ec17ea9dde89e995a9a46222a93df0f992d4,10,83,True,20.563708,472075
05,WAVE,3b90ec17ea9dde89e995a9a46222a93df0f992d4,10,84,True,20.262708,472075
05,WAVE,3b90ec17ea9dde89e995a9a46222a93df0f992d4,10,85,True,19.780375,472075
05,WAVE,3b90ec17ea9dde89e995a9a46222a93df0f992d4,10,86,True,20.012459,472075
05,WAVE,3b90ec17ea9dde89e995a9a46222a93df0f992d4,10,87,True,20.054,472075
05,WAVE,3b90ec17ea9dde89e995a9a46222a93df0f992d4,10,88,True,20.360334,472075
05,WAVE,3b90ec17ea9dde89e995a9a46222a93df0f992d4,10,89,True,20.477791,472075
05,WAVE,3b90ec17ea9dde89e995a9a46222a93df0f992d4,10,90,True,20.605791,472075
05,WAVE,3b90ec17ea9dde89e995a9a46222a93df0f992d4,10,91,True,20.569209,472075
05,WAVE,3b90ec17ea9dde89e995a9a46222a93df0f992d4,10,92,True,20.5825,472075
05,WAVE,3b90ec17ea9dde89e995a9a46222a93df0f992d4,10,93,True,20.691417,472075
05,WAVE,3b90ec17ea9dde89e995a9a46222a93df0f992d4,10,94,True,20.579208,472075
05,WAVE,3b90ec17ea9dde89e995a9a46222a93df0f992d4,10,95,True,20.517459,472075
05,WAVE,3b90ec17ea9dde89e995a9a46222a93df0f992d4,10,96,True,20.615458,472075
05,WAVE,3b90ec17ea9dde89e995a9a46222a93df0f992d4,10,97,True,20.066083,472075
05,WAVE,3b90ec17ea9dde89e995a9a46222a93df0f992d4,10,98,True,19.989,472075
05,WAVE,3b90ec17ea9dde89e995a9a46222a93df0f992d4,10,99,True,20.006708,472075
05,WAVE,3b90ec17ea9dde89e995a9a46222a93df0f992d4,10,100,True,20.496375,472075
06,WAVE,3b90ec17ea9dde89e995a9a46222a93df0f992d4,1,1,True,3.245917,49026
06,WAVE,3b90ec17ea9dde89e995a9a46222a93df0f992d4,1,2,True,3.284833,49026
06,WAVE,3b90ec17ea9dde89e995a9a46222a93df0f992d4,1,3,True,3.633166,49026
06,WAVE,3b90ec17ea9dde89e995a9a46222a93df0f992d4,1,4,True,3.466,49026
06,WAVE,3b90ec17ea9dde89e995a9a46222a93df0f992d4,1,5,True,3.309625,49026
06,WAVE,3b90ec17ea9dde89e995a9a46222a93df0f992d4,1,6,True,3.219333,49026
06,WAVE,3b90ec17ea9dde89e995a9a46222a93df0f992d4,1,7,True,3.116958,49026
06,WAVE,3b90ec17ea9dde89e995a9a46222a93df0f992d4,1,8,True,3.103875,49026
06,WAVE,3b90ec17ea9dde89e995a9a46222a93df0f992d4,1,9,True,3.52825,49026
06,WAVE,3b90ec17ea9dde89e995a9a46222a93df0f992d4,1,10,True,3.278417,49026
06,WAVE,3b90ec17ea9dde89e995a9a46222a93df0f992d4,1,11,True,3.130708,49026
06,WAVE,3b90ec17ea9dde89e995a9a46222a93df0f992d4,1,12,True,3.358208,49026
06,WAVE,3b90ec17ea9dde89e995a9a46222a93df0f992d4,1,13,True,3.45975,49026
06,WAVE,3b90ec17ea9dde89e995a9a46222a93df0f992d4,1,14,True,3.558875,49026
06,WAVE,3b90ec17ea9dde89e995a9a46222a93df0f992d4,1,15,True,3.402916,49026
06,WAVE,3b90ec17ea9dde89e995a9a46222a93df0f992d4,1,16,True,3.329542,49026
06,WAVE,3b90ec17ea9dde89e995a9a46222a93df0f992d4,1,17,True,3.333584,49026
06,WAVE,3b90ec17ea9dde89e995a9a46222a93df0f992d4,1,18,True,3.274667,49026
06,WAVE,3b90ec17ea9dde89e995a9a46222a93df0f992d4,1,19,True,3.318167,49026
06,WAVE,3b90ec17ea9dde89e995a9a46222a93df0f992d4,1,20,True,3.304292,49026
06,WAVE,3b90ec17ea9dde89e995a9a46222a93df0f992d4,1,21,True,3.284292,49026
06,WAVE,3b90ec17ea9dde89e995a9a46222a93df0f992d4,1,22,True,3.212709,49026
06,WAVE,3b90ec17ea9dde89e995a9a46222a93df0f992d4,1,23,True,3.228334,49026
06,WAVE,3b90ec17ea9dde89e995a9a46222a93df0f992d4,1,24,True,3.201583,49026
06,WAVE,3b90ec17ea9dde89e995a9a46222a93df0f992d4,1,25,True,3.233083,49026
06,WAVE,3b90ec17ea9dde89e995a9a46222a93df0f992d4,1,26,True,3.239458,49026
06,WAVE,3b90ec17ea9dde89e995a9a46222a93df0f992d4,1,27,True,3.26,49026
06,WAVE,3b90ec17ea9dde89e995a9a46222a93df0f992d4,1,28,True,3.260167,49026
06,WAVE,3b90ec17ea9dde89e995a9a46222a93df0f992d4,1,29,True,3.160375,49026
06,WAVE,3b90ec17ea9dde89e995a9a46222a93df0f992d4,1,30,True,3.485875,49026
06,WAVE,3b90ec17ea9dde89e995a9a46222a93df0f992d4,1,31,True,3.235041,49026
06,WAVE,3b90ec17ea9dde89e995a9a46222a93df0f992d4,1,32,True,3.255958,49026
06,WAVE,3b90ec17ea9dde89e995a9a46222a93df0f992d4,1,33,True,3.296708,49026
06,WAVE,3b90ec17ea9dde89e995a9a46222a93df0f992d4,1,34,True,3.168209,49026
06,WAVE,3b90ec17ea9dde89e995a9a46222a93df0f992d4,1,35,True,3.158875,49026
06,WAVE,3b90ec17ea9dde89e995a9a46222a93df0f992d4,1,36,True,3.224792,49026
06,WAVE,3b90ec17ea9dde89e995a9a46222a93df0f992d4,1,37,True,3.181334,49026
06,WAVE,3b90ec17ea9dde89e995a9a46222a93df0f992d4,1,38,True,3.334792,49026
06,WAVE,3b90ec17ea9dde89e995a9a46222a93df0f992d4,1,39,True,3.213334,49026
06,WAVE,3b90ec17ea9dde89e995a9a46222a93df0f992d4,1,40,True,3.303417,49026
06,WAVE,3b90ec17ea9dde89e995a9a46222a93df0f992d4,1,41,True,3.237334,49026
06,WAVE,3b90ec17ea9dde89e995a9a46222a93df0f992d4,1,42,True,3.243958,49026
06,WAVE,3b90ec17ea9dde89e995a9a46222a93df0f992d4,1,43,True,3.285792,49026
06,WAVE,3b90ec17ea9dde89e995a9a46222a93df0f992d4,1,44,True,3.250167,49026
06,WAVE,3b90ec17ea9dde89e995a9a46222a93df0f992d4,1,45,True,3.274458,49026
06,WAVE,3b90ec17ea9dde89e995a9a46222a93df0f992d4,1,46,True,3.2705,49026
06,WAVE,3b90ec17ea9dde89e995a9a46222a93df0f992d4,1,47,True,3.256542,49026
06,WAVE,3b90ec17ea9dde89e995a9a46222a93df0f992d4,1,48,True,3.27525,49026
06,WAVE,3b90ec17ea9dde89e995a9a46222a93df0f992d4,1,49,True,3.242959,49026
06,WAVE,3b90ec17ea9dde89e995a9a46222a93df0f992d4,1,50,True,3.445584,49026
06,WAVE,3b90ec17ea9dde89e995a9a46222a93df0f992d4,1,51,True,3.301125,49026
06,WAVE,3b90ec17ea9dde89e995a9a46222a93df0f992d4,1,52,True,3.327375,49026
06,WAVE,3b90ec17ea9dde89e995a9a46222a93df0f992d4,1,53,True,3.2975,49026
06,WAVE,3b90ec17ea9dde89e995a9a46222a93df0f992d4,1,54,True,3.238458,49026
06,WAVE,3b90ec17ea9dde89e995a9a46222a93df0f992d4,1,55,True,3.263833,49026
06,WAVE,3b90ec17ea9dde89e995a9a46222a93df0f992d4,1,56,True,3.261,49026
06,WAVE,3b90ec17ea9dde89e995a9a46222a93df0f992d4,1,57,True,3.268375,49026
06,WAVE,3b90ec17ea9dde89e995a9a46222a93df0f992d4,1,58,True,3.43525,49026
06,WAVE,3b90ec17ea9dde89e995a9a46222a93df0f992d4,1,59,True,3.267208,49026
06,WAVE,3b90ec17ea9dde89e995a9a46222a93df0f992d4,1,60,True,3.071625,49026
06,WAVE,3b90ec17ea9dde89e995a9a46222a93df0f992d4,1,61,True,3.157625,49026
06,WAVE,3b90ec17ea9dde89e995a9a46222a93df0f992d4,1,62,True,3.153458,49026
06,WAVE,3b90ec17ea9dde89e995a9a46222a93df0f992d4,1,63,True,3.155625,49026
06,WAVE,3b90ec17ea9dde89e995a9a46222a93df0f992d4,1,64,True,3.176,49026
06,WAVE,3b90ec17ea9dde89e995a9a46222a93df0f992d4,1,65,True,3.119167,49026
06,WAVE,3b90ec17ea9dde89e995a9a46222a93df0f992d4,1,66,True,3.098833,49026
06,WAVE,3b90ec17ea9dde89e995a9a46222a93df0f992d4,1,67,True,3.020416,49026
06,WAVE,3b90ec17ea9dde89e995a9a46222a93df0f992d4,1,68,True,3.336125,49026
06,WAVE,3b90ec17ea9dde89e995a9a46222a93df0f992d4,1,69,True,3.32225,49026
06,WAVE,3b90ec17ea9dde89e995a9a46222a93df0f992d4,1,70,True,3.153417,49026
06,WAVE,3b90ec17ea9dde89e995a9a46222a93df0f992d4,1,71,True,3.156667,49026
06,WAVE,3b90ec17ea9dde89e995a9a46222a93df0f992d4,1,72,True,3.082917,49026
06,WAVE,3b90ec17ea9dde89e995a9a46222a93df0f992d4,1,73,True,3.169416,49026
06,WAVE,3b90ec17ea9dde89e995a9a46222a93df0f992d4,1,74,True,3.209208,49026
06,WAVE,3b90ec17ea9dde89e995a9a46222a93df0f992d4,1,75,True,3.108875,49026
06,WAVE,3b90ec17ea9dde89e995a9a46222a93df0f992d4,1,76,True,3.040417,49026
06,WAVE,3b90ec17ea9dde89e995a9a46222a93df0f992d4,1,77,True,3.106875,49026
06,WAVE,3b90ec17ea9dde89e995a9a46222a93df0f992d4,1,78,True,3.278875,49026
06,WAVE,3b90ec17ea9dde89e995a9a46222a93df0f992d4,1,79,True,3.218083,49026
06,WAVE,3b90ec17ea9dde89e995a9a46222a93df0f992d4,1,80,True,3.219459,49026
06,WAVE,3b90ec17ea9dde89e995a9a46222a93df0f992d4,1,81,True,3.136583,49026
06,WAVE,3b90ec17ea9dde89e995a9a46222a93df0f992d4,1,82,True,3.146542,49026
06,WAVE,3b90ec17ea9dde89e995a9a46222a93df0f992d4,1,83,True,3.17,49026
06,WAVE,3b90ec17ea9dde89e995a9a46222a93df0f992d4,1,84,True,3.202,49026
06,WAVE,3b90ec17ea9dde89e995a9a46222a93df0f992d4,1,85,True,3.123375,49026
06,WAVE,3b90ec17ea9dde89e995a9a46222a93df0f992d4,1,86,True,3.135792,49026
06,WAVE,3b90ec17ea9dde89e995a9a46222a93df0f992d4,1,87,True,3.128125,49026
06,WAVE,3b90ec17ea9dde89e995a9a46222a93df0f992d4,1,88,True,3.139334,49026
06,WAVE,3b90ec17ea9dde89e995a9a46222a93df0f992d4,1,89,True,3.1505,49026
06,WAVE,3b90ec17ea9dde89e995a9a46222a93df0f992d4,1,90,True,3.34775,49026
06,WAVE,3b90ec17ea9dde89e995a9a46222a93df0f992d4,1,91,True,2.974333,49026
06,WAVE,3b90ec17ea9dde89e995a9a46222a93df0f992d4,1,92,True,3.052709,49026
06,WAVE,3b90ec17ea9dde89e995a9a46222a93df0f992d4,1,93,True,3.165959,49026
06,WAVE,3b90ec17ea9dde89e995a9a46222a93df0f992d4,1,94,True,3.08375,49026
06,WAVE,3b90ec17ea9dde89e995a9a46222a93df0f992d4,1,95,True,3.073375,49026
06,WAVE,3b90ec17ea9dde89e995a9a46222a93df0f992d4,1,96,True,3.191709,49026
06,WAVE,3b90ec17ea9dde89e995a9a46222a93df0f992d4,1,97,True,3.19325,49026
06,WAVE,3b90ec17ea9dde89e995a9a46222a93df0f992d4,1,98,True,3.35275,49026
06,WAVE,3b90ec17ea9dde89e995a9a46222a93df0f992d4,1,99,True,3.360458,49026
06,WAVE,3b90ec17ea9dde89e995a9a46222a93df0f992d4,1,100,True,3.248667,49026
06,WAVE,3b90ec17ea9dde89e995a9a46222a93df0f992d4,2,1,True,5.075792,96035
06,WAVE,3b90ec17ea9dde89e995a9a46222a93df0f992d4,2,2,True,4.995375,96035
06,WAVE,3b90ec17ea9dde89e995a9a46222a93df0f992d4,2,3,True,5.083625,96035
06,WAVE,3b90ec17ea9dde89e995a9a46222a93df0f992d4,2,4,True,5.23,96035
06,WAVE,3b90ec17ea9dde89e995a9a46222a93df0f992d4,2,5,True,5.091334,96035
06,WAVE,3b90ec17ea9dde89e995a9a46222a93df0f992d4,2,6,True,5.072667,96035
06,WAVE,3b90ec17ea9dde89e995a9a46222a93df0f992d4,2,7,True,5.122666,96035
06,WAVE,3b90ec17ea9dde89e995a9a46222a93df0f992d4,2,8,True,5.322958,96035
06,WAVE,3b90ec17ea9dde89e995a9a46222a93df0f992d4,2,9,True,5.267041,96035
06,WAVE,3b90ec17ea9dde89e995a9a46222a93df0f992d4,2,10,True,5.153708,96035
06,WAVE,3b90ec17ea9dde89e995a9a46222a93df0f992d4,2,11,True,5.123916,96035
06,WAVE,3b90ec17ea9dde89e995a9a46222a93df0f992d4,2,12,True,5.099042,96035
06,WAVE,3b90ec17ea9dde89e995a9a46222a93df0f992d4,2,13,True,5.080959,96035
06,WAVE,3b90ec17ea9dde89e995a9a46222a93df0f992d4,2,14,True,5.214625,96035
06,WAVE,3b90ec17ea9dde89e995a9a46222a93df0f992d4,2,15,True,5.486834,96035
06,WAVE,3b90ec17ea9dde89e995a9a46222a93df0f992d4,2,16,True,5.445458,96035
06,WAVE,3b90ec17ea9dde89e995a9a46222a93df0f992d4,2,17,True,5.225083,96035
06,WAVE,3b90ec17ea9dde89e995a9a46222a93df0f992d4,2,18,True,5.122791,96035
06,WAVE,3b90ec17ea9dde89e995a9a46222a93df0f992d4,2,19,True,5.102083,96035
06,WAVE,3b90ec17ea9dde89e995a9a46222a93df0f992d4,2,20,True,4.99625,96035
06,WAVE,3b90ec17ea9dde89e995a9a46222a93df0f992d4,2,21,True,5.302416,96035
06,WAVE,3b90ec17ea9dde89e995a9a46222a93df0f992d4,2,22,True,5.319666,96035
06,WAVE,3b90ec17ea9dde89e995a9a46222a93df0f992d4,2,23,True,5.158958,96035
06,WAVE,3b90ec17ea9dde89e995a9a46222a93df0f992d4,2,24,True,5.086833,96035
06,WAVE,3b90ec17ea9dde89e995a9a46222a93df0f992d4,2,25,True,5.024834,96035
06,WAVE,3b90ec17ea9dde89e995a9a46222a93df0f992d4,2,26,True,5.232875,96035
06,WAVE,3b90ec17ea9dde89e995a9a46222a93df0f992d4,2,27,True,5.370959,96035
06,WAVE,3b90ec17ea9dde89e995a9a46222a93df0f992d4,2,28,True,5.112917,96035
06,WAVE,3b90ec17ea9dde89e995a9a46222a93df0f992d4,2,29,True,5.061291,96035
06,WAVE,3b90ec17ea9dde89e995a9a46222a93df0f992d4,2,30,True,5.076375,96035
06,WAVE,3b90ec17ea9dde89e995a9a46222a93df0f992d4,2,31,True,5.079458,96035
06,WAVE,3b90ec17ea9dde89e995a9a46222a93df0f992d4,2,32,True,5.177541,96035
06,WAVE,3b90ec17ea9dde89e995a9a46222a93df0f992d4,2,33,True,5.090375,96035
06,WAVE,3b90ec17ea9dde89e995a9a46222a93df0f992d4,2,34,True,4.930791,96035
06,WAVE,3b90ec17ea9dde89e995a9a46222a93df0f992d4,2,35,True,5.112792,96035
06,WAVE,3b90ec17ea9dde89e995a9a46222a93df0f992d4,2,36,True,5.027334,96035
06,WAVE,3b90ec17ea9dde89e995a9a46222a93df0f992d4,2,37,True,5.215125,96035
06,WAVE,3b90ec17ea9dde89e995a9a46222a93df0f992d4,2,38,True,5.031125,96035
06,WAVE,3b90ec17ea9dde89e995a9a46222a93df0f992d4,2,39,True,5.0215,96035
06,WAVE,3b90ec17ea9dde89e995a9a46222a93df0f992d4,2,40,True,5.042542,96035
06,WAVE,3b90ec17ea9dde89e995a9a46222a93df0f992d4,2,41,True,5.021375,96035
06,WAVE,3b90ec17ea9dde89e995a9a46222a93df0f992d4,2,42,True,5.116458,96035
06,WAVE,3b90ec17ea9dde89e995a9a46222a93df0f992d4,2,43,True,5.292833,96035
06,WAVE,3b90ec17ea9dde89e995a9a46222a93df0f992d4,2,44,True,5.205459,96035
06,WAVE,3b90ec17ea9dde89e995a9a46222a93df0f992d4,2,45,True,5.085375,96035
06,WAVE,3b90ec17ea9dde89e995a9a46222a93df0f992d4,2,46,True,5.044166,96035
06,WAVE,3b90ec17ea9dde89e995a9a46222a93df0f992d4,2,47,True,5.036667,96035
06,WAVE,3b90ec17ea9dde89e995a9a46222a93df0f992d4,2,48,True,5.049959,96035
06,WAVE,3b90ec17ea9dde89e995a9a46222a93df0f992d4,2,49,True,5.33925,96035
06,WAVE,3b90ec17ea9dde89e995a9a46222a93df0f992d4,2,50,True,5.148042,96035
06,WAVE,3b90ec17ea9dde89e995a9a46222a93df0f992d4,2,51,True,5.05675,96035
06,WAVE,3b90ec17ea9dde89e995a9a46222a93df0f992d4,2,52,True,5.268375,96035
06,WAVE,3b90ec17ea9dde89e995a9a46222a93df0f992d4,2,53,True,5.197209,96035
06,WAVE,3b90ec17ea9dde89e995a9a46222a93df0f992d4,2,54,True,5.219084,96035
06,WAVE,3b90ec17ea9dde89e995a9a46222a93df0f992d4,2,55,True,4.988583,96035
06,WAVE,3b90ec17ea9dde89e995a9a46222a93df0f992d4,2,56,True,5.006541,96035
06,WAVE,3b90ec17ea9dde89e995a9a46222a93df0f992d4,2,57,True,5.089166,96035
06,WAVE,3b90ec17ea9dde89e995a9a46222a93df0f992d4,2,58,True,5.105792,96035
06,WAVE,3b90ec17ea9dde89e995a9a46222a93df0f992d4,2,59,True,5.286958,96035
06,WAVE,3b90ec17ea9dde89e995a9a46222a93df0f992d4,2,60,True,5.196,96035
06,WAVE,3b90ec17ea9dde89e995a9a46222a93df0f992d4,2,61,True,5.092375,96035
06,WAVE,3b90ec17ea9dde89e995a9a46222a93df0f992d4,2,62,True,5.02675,96035
06,WAVE,3b90ec17ea9dde89e995a9a46222a93df0f992d4,2,63,True,4.754959,96035
06,WAVE,3b90ec17ea9dde89e995a9a46222a93df0f992d4,2,64,True,4.99,96035
06,WAVE,3b90ec17ea9dde89e995a9a46222a93df0f992d4,2,65,True,5.04825,96035
06,WAVE,3b90ec17ea9dde89e995a9a46222a93df0f992d4,2,66,True,4.942209,96035
06,WAVE,3b90ec17ea9dde89e995a9a46222a93df0f992d4,2,67,True,5.161417,96035
06,WAVE,3b90ec17ea9dde89e995a9a46222a93df0f992d4,2,68,True,5.887875,96035
06,WAVE,3b90ec17ea9dde89e995a9a46222a93df0f992d4,2,69,True,5.328209,96035
06,WAVE,3b90ec17ea9dde89e995a9a46222a93df0f992d4,2,70,True,5.962375,96035
06,WAVE,3b90ec17ea9dde89e995a9a46222a93df0f992d4,2,71,True,5.57775,96035
06,WAVE,3b90ec17ea9dde89e995a9a46222a93df0f992d4,2,72,True,6.387625,96035
06,WAVE,3b90ec17ea9dde89e995a9a46222a93df0f992d4,2,73,True,5.426375,96035
06,WAVE,3b90ec17ea9dde89e995a9a46222a93df0f992d4,2,74,True,5.557166,96035
06,WAVE,3b90ec17ea9dde89e995a9a46222a93df0f992d4,2,75,True,5.752125,96035
06,WAVE,3b90ec17ea9dde89e995a9a46222a93df0f992d4,2,76,True,5.47875,96035
06,WAVE,3b90ec17ea9dde89e995a9a46222a93df0f992d4,2,77,True,5.594166,96035
06,WAVE,3b90ec17ea9dde89e995a9a46222a93df0f992d4,2,78,True,5.529792,96035
06,WAVE,3b90ec17ea9dde89e995a9a46222a93df0f992d4,2,79,True,5.698709,96035
06,WAVE,3b90ec17ea9dde89e995a9a46222a93df0f992d4,2,80,True,5.999334,96035
06,WAVE,3b90ec17ea9dde89e995a9a46222a93df0f992d4,2,81,True,5.649583,96035
06,WAVE,3b90ec17ea9dde89e995a9a46222a93df0f992d4,2,82,True,5.766541,96035
06,WAVE,3b90ec17ea9dde89e995a9a46222a93df0f992d4,2,83,True,6.161958,96035
06,WAVE,3b90ec17ea9dde89e995a9a46222a93df0f992d4,2,84,True,6.319584,96035
06,WAVE,3b90ec17ea9dde89e995a9a46222a93df0f992d4,2,85,True,5.745334,96035
06,WAVE,3b90ec17ea9dde89e995a9a46222a93df0f992d4,2,86,True,5.688042,96035
06,WAVE,3b90ec17ea9dde89e995a9a46222a93df0f992d4,2,87,True,5.787917,96035
06,WAVE,3b90ec17ea9dde89e995a9a46222a93df0f992d4,2,88,True,5.482958,96035
06,WAVE,3b90ec17ea9dde89e995a9a46222a93df0f992d4,2,89,True,5.44525,96035
06,WAVE,3b90ec17ea9dde89e995a9a46222a93df0f992d4,2,90,True,5.412042,96035
06,WAVE,3b90ec17ea9dde89e995a9a46222a93df0f992d4,2,91,True,5.759334,96035
06,WAVE,3b90ec17ea9dde89e995a9a46222a93df0f992d4,2,92,True,5.864959,96035
06,WAVE,3b90ec17ea9dde89e995a9a46222a93df0f992d4,2,93,True,5.541792,96035
06,WAVE,3b90ec17ea9dde89e995a9a46222a93df0f992d4,2,94,True,5.394458,96035
06,WAVE,3b90ec17ea9dde89e995a9a46222a93df0f992d4,2,95,True,5.388209,96035
06,WAVE,3b90ec17ea9dde89e995a9a46222a93df0f992d4,2,96,True,5.437458,96035
06,WAVE,3b90ec17ea9dde89e995a9a46222a93df0f992d4,2,97,True,5.528625,96035
06,WAVE,3b90ec17ea9dde89e995a9a46222a93df0f992d4,2,98,True,5.434542,96035
06,WAVE,3b90ec17ea9dde89e995a9a46222a93df0f992d4,2,99,True,5.374875,96035
06,WAVE,3b90ec17ea9dde89e995a9a46222a93df0f992d4,2,100,True,5.376375,96035
06,WAVE,3b90ec17ea9dde89e995a9a46222a93df0f992d4,3,1,True,6.903542,143040
06,WAVE,3b90ec17ea9dde89e995a9a46222a93df0f992d4,3,2,True,7.228459,143040
06,WAVE,3b90ec17ea9dde89e995a9a46222a93df0f992d4,3,3,True,7.011834,143040
06,WAVE,3b90ec17ea9dde89e995a9a46222a93df0f992d4,3,4,True,6.8855,143040
06,WAVE,3b90ec17ea9dde89e995a9a46222a93df0f992d4,3,5,True,6.891,143040
06,WAVE,3b90ec17ea9dde89e995a9a46222a93df0f992d4,3,6,True,7.179375,143040
06,WAVE,3b90ec17ea9dde89e995a9a46222a93df0f992d4,3,7,True,7.123666,143040
06,WAVE,3b90ec17ea9dde89e995a9a46222a93df0f992d4,3,8,True,6.931917,143040
06,WAVE,3b90ec17ea9dde89e995a9a46222a93df0f992d4,3,9,True,6.82775,143040
06,WAVE,3b90ec17ea9dde89e995a9a46222a93df0f992d4,3,10,True,6.95775,143040
06,WAVE,3b90ec17ea9dde89e995a9a46222a93df0f992d4,3,11,True,6.975333,143040
06,WAVE,3b90ec17ea9dde89e995a9a46222a93df0f992d4,3,12,True,6.959833,143040
06,WAVE,3b90ec17ea9dde89e995a9a46222a93df0f992d4,3,13,True,7.051833,143040
06,WAVE,3b90ec17ea9dde89e995a9a46222a93df0f992d4,3,14,True,7.453666,143040
06,WAVE,3b90ec17ea9dde89e995a9a46222a93df0f992d4,3,15,True,7.029625,143040
06,WAVE,3b90ec17ea9dde89e995a9a46222a93df0f992d4,3,16,True,7.153125,143040
06,WAVE,3b90ec17ea9dde89e995a9a46222a93df0f992d4,3,17,True,6.985583,143040
06,WAVE,3b90ec17ea9dde89e995a9a46222a93df0f992d4,3,18,True,7.512208,143040
06,WAVE,3b90ec17ea9dde89e995a9a46222a93df0f992d4,3,19,True,7.155084,143040
06,WAVE,3b90ec17ea9dde89e995a9a46222a93df0f992d4,3,20,True,7.070167,143040
06,WAVE,3b90ec17ea9dde89e995a9a46222a93df0f992d4,3,21,True,7.014208,143040
06,WAVE,3b90ec17ea9dde89e995a9a46222a93df0f992d4,3,22,True,7.022042,143040
06,WAVE,3b90ec17ea9dde89e995a9a46222a93df0f992d4,3,23,True,7.228834,143040
06,WAVE,3b90ec17ea9dde89e995a9a46222a93df0f992d4,3,24,True,6.924458,143040
06,WAVE,3b90ec17ea9dde89e995a9a46222a93df0f992d4,3,25,True,6.713958,143040
06,WAVE,3b90ec17ea9dde89e995a9a46222a93df0f992d4,3,26,True,6.826791,143040
06,WAVE,3b90ec17ea9dde89e995a9a46222a93df0f992d4,3,27,True,7.205583,143040
06,WAVE,3b90ec17ea9dde89e995a9a46222a93df0f992d4,3,28,True,6.8515,143040
06,WAVE,3b90ec17ea9dde89e995a9a46222a93df0f992d4,3,29,True,6.97725,143040
06,WAVE,3b90ec17ea9dde89e995a9a46222a93df0f992d4,3,30,True,6.977666,143040
06,WAVE,3b90ec17ea9dde89e995a9a46222a93df0f992d4,3,31,True,7.251625,143040
06,WAVE,3b90ec17ea9dde89e995a9a46222a93df0f992d4,3,32,True,6.905542,143040
06,WAVE,3b90ec17ea9dde89e995a9a46222a93df0f992d4,3,33,True,6.811958,143040
06,WAVE,3b90ec17ea9dde89e995a9a46222a93df0f992d4,3,34,True,6.915875,143040
06,WAVE,3b90ec17ea9dde89e995a9a46222a93df0f992d4,3,35,True,7.178125,143040
06,WAVE,3b90ec17ea9dde89e995a9a46222a93df0f992d4,3,36,True,7.167417,143040
06,WAVE,3b90ec17ea9dde89e995a9a46222a93df0f992d4,3,37,True,6.942542,143040
06,WAVE,3b90ec17ea9dde89e995a9a46222a93df0f992d4,3,38,True,6.639292,143040
06,WAVE,3b90ec17ea9dde89e995a9a46222a93df0f992d4,3,39,True,6.85725,143040
06,WAVE,3b90ec17ea9dde89e995a9a46222a93df0f992d4,3,40,True,6.990417,143040
06,WAVE,3b90ec17ea9dde89e995a9a46222a93df0f992d4,3,41,True,6.993916,143040
06,WAVE,3b90ec17ea9dde89e995a9a46222a93df0f992d4,3,42,True,6.711875,143040
06,WAVE,3b90ec17ea9dde89e995a9a46222a93df0f992d4,3,43,True,6.879875,143040
06,WAVE,3b90ec17ea9dde89e995a9a46222a93df0f992d4,3,44,True,7.041667,143040
06,WAVE,3b90ec17ea9dde89e995a9a46222a93df0f992d4,3,45,True,6.838875,143040
06,WAVE,3b90ec17ea9dde89e995a9a46222a93df0f992d4,3,46,True,6.717917,143040
06,WAVE,3b90ec17ea9dde89e995a9a46222a93df0f992d4,3,47,True,6.8075,143040
06,WAVE,3b90ec17ea9dde89e995a9a46222a93df0f992d4,3,48,True,7.20775,143040
06,WAVE,3b90ec17ea9dde89e995a9a46222a93df0f992d4,3,49,True,6.987583,143040
06,WAVE,3b90ec17ea9dde89e995a9a46222a93df0f992d4,3,50,True,6.879833,143040
06,WAVE,3b90ec17ea9dde89e995a9a46222a93df0f992d4,3,51,True,6.900083,143040
06,WAVE,3b90ec17ea9dde89e995a9a46222a93df0f992d4,3,52,True,7.047292,143040
06,WAVE,3b90ec17ea9dde89e995a9a46222a93df0f992d4,3,53,True,6.878417,143040
06,WAVE,3b90ec17ea9dde89e995a9a46222a93df0f992d4,3,54,True,6.867875,143040
06,WAVE,3b90ec17ea9dde89e995a9a46222a93df0f992d4,3,55,True,6.889125,143040
06,WAVE,3b90ec17ea9dde89e995a9a46222a93df0f992d4,3,56,True,7.22825,143040
06,WAVE,3b90ec17ea9dde89e995a9a46222a93df0f992d4,3,57,True,7.043958,143040
06,WAVE,3b90ec17ea9dde89e995a9a46222a93df0f992d4,3,58,True,6.850833,143040
06,WAVE,3b90ec17ea9dde89e995a9a46222a93df0f992d4,3,59,True,6.947375,143040
06,WAVE,3b90ec17ea9dde89e995a9a46222a93df0f992d4,3,60,True,7.214334,143040
06,WAVE,3b90ec17ea9dde89e995a9a46222a93df0f992d4,3,61,True,7.149625,143040
06,WAVE,3b90ec17ea9dde89e995a9a46222a93df0f992d4,3,62,True,6.734083,143040
06,WAVE,3b90ec17ea9dde89e995a9a46222a93df0f992d4,3,63,True,6.968791,143040
06,WAVE,3b90ec17ea9dde89e995a9a46222a93df0f992d4,3,64,True,7.273417,143040
06,WAVE,3b90ec17ea9dde89e995a9a46222a93df0f992d4,3,65,True,7.0645,143040
06,WAVE,3b90ec17ea9dde89e995a9a46222a93df0f992d4,3,66,True,6.862416,143040
06,WAVE,3b90ec17ea9dde89e995a9a46222a93df0f992d4,3,67,True,6.877042,143040
06,WAVE,3b90ec17ea9dde89e995a9a46222a93df0f992d4,3,68,True,7.100459,143040
06,WAVE,3b90ec17ea9dde89e995a9a46222a93df0f992d4,3,69,True,6.966458,143040
06,WAVE,3b90ec17ea9dde89e995a9a46222a93df0f992d4,3,70,True,6.859416,143040
06,WAVE,3b90ec17ea9dde89e995a9a46222a93df0f992d4,3,71,True,6.865958,143040
06,WAVE,3b90ec17ea9dde89e995a9a46222a93df0f992d4,3,72,True,7.183542,143040
06,WAVE,3b90ec17ea9dde89e995a9a46222a93df0f992d4,3,73,True,7.081375,143040
06,WAVE,3b90ec17ea9dde89e995a9a46222a93df0f992d4,3,74,True,6.999042,143040
06,WAVE,3b90ec17ea9dde89e995a9a46222a93df0f992d4,3,75,True,6.943959,143040
06,WAVE,3b90ec17ea9dde89e995a9a46222a93df0f992d4,3,76,True,6.930292,143040
06,WAVE,3b90ec17ea9dde89e995a9a46222a93df0f992d4,3,77,True,7.273833,143040
06,WAVE,3b90ec17ea9dde89e995a9a46222a93df0f992d4,3,78,True,6.943042,143040
06,WAVE,3b90ec17ea9dde89e995a9a46222a93df0f992d4,3,79,True,6.837541,143040
06,WAVE,3b90ec17ea9dde89e995a9a46222a93df0f992d4,3,80,True,6.901167,143040
06,WAVE,3b90ec17ea9dde89e995a9a46222a93df0f992d4,3,81,True,7.21525,143040
06,WAVE,3b90ec17ea9dde89e995a9a46222a93df0f992d4,3,82,True,7.129459,143040
06,WAVE,3b90ec17ea9dde89e995a9a46222a93df0f992d4,3,83,True,7.073625,143040
06,WAVE,3b90ec17ea9dde89e995a9a46222a93df0f992d4,3,84,True,6.957833,143040
06,WAVE,3b90ec17ea9dde89e995a9a46222a93df0f992d4,3,85,True,6.953875,143040
06,WAVE,3b90ec17ea9dde89e995a9a46222a93df0f992d4,3,86,True,7.087417,143040
06,WAVE,3b90ec17ea9dde89e995a9a46222a93df0f992d4,3,87,True,6.818375,143040
06,WAVE,3b90ec17ea9dde89e995a9a46222a93df0f992d4,3,88,True,6.889667,143040
06,WAVE,3b90ec17ea9dde89e995a9a46222a93df0f992d4,3,89,True,7.319583,143040
06,WAVE,3b90ec17ea9dde89e995a9a46222a93df0f992d4,3,90,True,7.141625,143040
06,WAVE,3b90ec17ea9dde89e995a9a46222a93df0f992d4,3,91,True,7.020042,143040
06,WAVE,3b90ec17ea9dde89e995a9a46222a93df0f992d4,3,92,True,7.670791,143040
06,WAVE,3b90ec17ea9dde89e995a9a46222a93df0f992d4,3,93,True,8.836,143040
06,WAVE,3b90ec17ea9dde89e995a9a46222a93df0f992d4,3,94,True,10.981667,143040
06,WAVE,3b90ec17ea9dde89e995a9a46222a93df0f992d4,3,95,True,8.934375,143040
06,WAVE,3b90ec17ea9dde89e995a9a46222a93df0f992d4,3,96,True,7.833625,143040
06,WAVE,3b90ec17ea9dde89e995a9a46222a93df0f992d4,3,97,True,8.055,143040
06,WAVE,3b90ec17ea9dde89e995a9a46222a93df0f992d4,3,98,True,7.796625,143040
06,WAVE,3b90ec17ea9dde89e995a9a46222a93df0f992d4,3,99,True,7.685667,143040
06,WAVE,3b90ec17ea9dde89e995a9a46222a93df0f992d4,3,100,True,7.698709,143040
06,WAVE,3b90ec17ea9dde89e995a9a46222a93df0f992d4,5,1,True,10.77875,237050
06,WAVE,3b90ec17ea9dde89e995a9a46222a93df0f992d4,5,2,True,10.80375,237050
06,WAVE,3b90ec17ea9dde89e995a9a46222a93df0f992d4,5,3,True,10.45175,237050
06,WAVE,3b90ec17ea9dde89e995a9a46222a93df0f992d4,5,4,True,11.109375,237050
06,WAVE,3b90ec17ea9dde89e995a9a46222a93df0f992d4,5,5,True,10.64375,237050
06,WAVE,3b90ec17ea9dde89e995a9a46222a93df0f992d4,5,6,True,10.69575,237050
06,WAVE,3b90ec17ea9dde89e995a9a46222a93df0f992d4,5,7,True,11.053875,237050
06,WAVE,3b90ec17ea9dde89e995a9a46222a93df0f992d4,5,8,True,10.572542,237050
06,WAVE,3b90ec17ea9dde89e995a9a46222a93df0f992d4,5,9,True,10.704542,237050
06,WAVE,3b90ec17ea9dde89e995a9a46222a93df0f992d4,5,10,True,11.100083,237050
06,WAVE,3b90ec17ea9dde89e995a9a46222a93df0f992d4,5,11,True,10.779334,237050
06,WAVE,3b90ec17ea9dde89e995a9a46222a93df0f992d4,5,12,True,10.618833,237050
06,WAVE,3b90ec17ea9dde89e995a9a46222a93df0f992d4,5,13,True,11.007708,237050
06,WAVE,3b90ec17ea9dde89e995a9a46222a93df0f992d4,5,14,True,10.731708,237050
06,WAVE,3b90ec17ea9dde89e995a9a46222a93df0f992d4,5,15,True,10.828334,237050
06,WAVE,3b90ec17ea9dde89e995a9a46222a93df0f992d4,5,16,True,11.201125,237050
06,WAVE,3b90ec17ea9dde89e995a9a46222a93df0f992d4,5,17,True,10.788041,237050
06,WAVE,3b90ec17ea9dde89e995a9a46222a93df0f992d4,5,18,True,10.873666,237050
06,WAVE,3b90ec17ea9dde89e995a9a46222a93df0f992d4,5,19,True,11.107875,237050
06,WAVE,3b90ec17ea9dde89e995a9a46222a93df0f992d4,5,20,True,10.5045,237050
06,WAVE,3b90ec17ea9dde89e995a9a46222a93df0f992d4,5,21,True,10.681958,237050
06,WAVE,3b90ec17ea9dde89e995a9a46222a93df0f992d4,5,22,True,10.935625,237050
06,WAVE,3b90ec17ea9dde89e995a9a46222a93df0f992d4,5,23,True,10.812125,237050
06,WAVE,3b90ec17ea9dde89e995a9a46222a93df0f992d4,5,24,True,10.551708,237050
06,WAVE,3b90ec17ea9dde89e995a9a46222a93df0f992d4,5,25,True,10.9035,237050
06,WAVE,3b90ec17ea9dde89e995a9a46222a93df0f992d4,5,26,True,10.398292,237050
06,WAVE,3b90ec17ea9dde89e995a9a46222a93df0f992d4,5,27,True,10.6175,237050
06,WAVE,3b90ec17ea9dde89e995a9a46222a93df0f992d4,5,28,True,10.641625,237050
06,WAVE,3b90ec17ea9dde89e995a9a46222a93df0f992d4,5,29,True,10.556625,237050
06,WAVE,3b90ec17ea9dde89e995a9a46222a93df0f992d4,5,30,True,10.621833,237050
06,WAVE,3b90ec17ea9dde89e995a9a46222a93df0f992d4,5,31,True,10.741791,237050
06,WAVE,3b90ec17ea9dde89e995a9a46222a93df0f992d4,5,32,True,10.428916,237050
06,WAVE,3b90ec17ea9dde89e995a9a46222a93df0f992d4,5,33,True,10.512417,237050
06,WAVE,3b90ec17ea9dde89e995a9a46222a93df0f992d4,5,34,True,11.221833,237050
06,WAVE,3b90ec17ea9dde89e995a9a46222a93df0f992d4,5,35,True,11.039792,237050
06,WAVE,3b90ec17ea9dde89e995a9a46222a93df0f992d4,5,36,True,10.946417,237050
06,WAVE,3b90ec17ea9dde89e995a9a46222a93df0f992d4,5,37,True,11.096125,237050
06,WAVE,3b90ec17ea9dde89e995a9a46222a93df0f992d4,5,38,True,10.566,237050
06,WAVE,3b90ec17ea9dde89e995a9a46222a93df0f992d4,5,39,True,10.566666,237050
06,WAVE,3b90ec17ea9dde89e995a9a46222a93df0f992d4,5,40,True,11.058916,237050
06,WAVE,3b90ec17ea9dde89e995a9a46222a93df0f992d4,5,41,True,10.496959,237050
06,WAVE,3b90ec17ea9dde89e995a9a46222a93df0f992d4,5,42,True,10.787667,237050
06,WAVE,3b90ec17ea9dde89e995a9a46222a93df0f992d4,5,43,True,11.128958,237050
06,WAVE,3b90ec17ea9dde89e995a9a46222a93df0f992d4,5,44,True,10.480834,237050
06,WAVE,3b90ec17ea9dde89e995a9a46222a93df0f992d4,5,45,True,10.594833,237050
06,WAVE,3b90ec17ea9dde89e995a9a46222a93df0f992d4,5,46,True,10.807541,237050
06,WAVE,3b90ec17ea9dde89e995a9a46222a93df0f992d4,5,47,True,10.956375,237050
06,WAVE,3b90ec17ea9dde89e995a9a46222a93df0f992d4,5,48,True,10.239167,237050
06,WAVE,3b90ec17ea9dde89e995a9a46222a93df0f992d4,5,49,True,10.700416,237050
06,WAVE,3b90ec17ea9dde89e995a9a46222a93df0f992d4,5,50,True,11.32025,237050
06,WAVE,3b90ec17ea9dde89e995a9a46222a93df0f992d4,5,51,True,11.177625,237050
06,WAVE,3b90ec17ea9dde89e995a9a46222a93df0f992d4,5,52,True,12.070167,237050
06,WAVE,3b90ec17ea9dde89e995a9a46222a93df0f992d4,5,53,True,12.012625,237050
06,WAVE,3b90ec17ea9dde89e995a9a46222a93df0f992d4,5,54,True,11.960541,237050
06,WAVE,3b90ec17ea9dde89e995a9a46222a93df0f992d4,5,55,True,12.016375,237050
06,WAVE,3b90ec17ea9dde89e995a9a46222a93df0f992d4,5,56,True,11.952,237050
06,WAVE,3b90ec17ea9dde89e995a9a46222a93df0f992d4,5,57,True,11.605875,237050
06,WAVE,3b90ec17ea9dde89e995a9a46222a93df0f992d4,5,58,True,12.071875,237050
06,WAVE,3b90ec17ea9dde89e995a9a46222a93df0f992d4,5,59,True,11.899708,237050
06,WAVE,3b90ec17ea9dde89e995a9a46222a93df0f992d4,5,60,True,11.546167,237050
06,WAVE,3b90ec17ea9dde89e995a9a46222a93df0f992d4,5,61,True,12.227041,237050
06,WAVE,3b90ec17ea9dde89e995a9a46222a93df0f992d4,5,62,True,12.898042,237050
06,WAVE,3b90ec17ea9dde89e995a9a46222a93df0f992d4,5,63,True,11.337875,237050
06,WAVE,3b90ec17ea9dde89e995a9a46222a93df0f992d4,5,64,True,11.959208,237050
06,WAVE,3b90ec17ea9dde89e995a9a46222a93df0f992d4,5,65,True,11.866833,237050
06,WAVE,3b90ec17ea9dde89e995a9a46222a93df0f992d4,5,66,True,10.985875,237050
06,WAVE,3b90ec17ea9dde89e995a9a46222a93df0f992d4,5,67,True,11.367292,237050
06,WAVE,3b90ec17ea9dde89e995a9a46222a93df0f992d4,5,68,True,11.145208,237050
06,WAVE,3b90ec17ea9dde89e995a9a46222a93df0f992d4,5,69,True,10.995958,237050
06,WAVE,3b90ec17ea9dde89e995a9a46222a93df0f992d4,5,70,True,11.34875,237050
06,WAVE,3b90ec17ea9dde89e995a9a46222a93df0f992d4,5,71,True,10.94325,237050
06,WAVE,3b90ec17ea9dde89e995a9a46222a93df0f992d4,5,72,True,10.804833,237050
06,WAVE,3b90ec17ea9dde89e995a9a46222a93df0f992d4,5,73,True,11.296666,237050
06,WAVE,3b90ec17ea9dde89e995a9a46222a93df0f992d4,5,74,True,11.16375,237050
06,WAVE,3b90ec17ea9dde89e995a9a46222a93df0f992d4,5,75,True,10.7865,237050
06,WAVE,3b90ec17ea9dde89e995a9a46222a93df0f992d4,5,76,True,10.790542,237050
06,WAVE,3b90ec17ea9dde89e995a9a46222a93df0f992d4,5,77,True,10.771708,237050
06,WAVE,3b90ec17ea9dde89e995a9a46222a93df0f992d4,5,78,True,10.781459,237050
06,WAVE,3b90ec17ea9dde89e995a9a46222a93df0f992d4,5,79,True,11.10675,237050
06,WAVE,3b90ec17ea9dde89e995a9a46222a93df0f992d4,5,80,True,10.773583,237050
06,WAVE,3b90ec17ea9dde89e995a9a46222a93df0f992d4,5,81,True,10.587333,237050
06,WAVE,3b90ec17ea9dde89e995a9a46222a93df0f992d4,5,82,True,11.083458,237050
06,WAVE,3b90ec17ea9dde89e995a9a46222a93df0f992d4,5,83,True,10.833209,237050
06,WAVE,3b90ec17ea9dde89e995a9a46222a93df0f992d4,5,84,True,10.870709,237050
06,WAVE,3b90ec17ea9dde89e995a9a46222a93df0f992d4,5,85,True,11.084417,237050
06,WAVE,3b90ec17ea9dde89e995a9a46222a93df0f992d4,5,86,True,10.964167,237050
06,WAVE,3b90ec17ea9dde89e995a9a46222a93df0f992d4,5,87,True,11.014,237050
06,WAVE,3b90ec17ea9dde89e995a9a46222a93df0f992d4,5,88,True,11.298167,237050
06,WAVE,3b90ec17ea9dde89e995a9a46222a93df0f992d4,5,89,True,11.149542,237050
06,WAVE,3b90ec17ea9dde89e995a9a46222a93df0f992d4,5,90,True,10.972792,237050
06,WAVE,3b90ec17ea9dde89e995a9a46222a93df0f992d4,5,91,True,11.339125,237050
06,WAVE,3b90ec17ea9dde89e995a9a46222a93df0f992d4,5,92,True,11.100959,237050
06,WAVE,3b90ec17ea9dde89e995a9a46222a93df0f992d4,5,93,True,10.637958,237050
06,WAVE,3b90ec17ea9dde89e995a9a46222a93df0f992d4,5,94,True,10.775958,237050
06,WAVE,3b90ec17ea9dde89e995a9a46222a93df0f992d4,5,95,True,10.49725,237050
06,WAVE,3b90ec17ea9dde89e995a9a46222a93df0f992d4,5,96,True,10.5795,237050
06,WAVE,3b90ec17ea9dde89e995a9a46222a93df0f992d4,5,97,True,10.990209,237050
06,WAVE,3b90ec17ea9dde89e995a9a46222a93df0f992d4,5,98,True,10.915958,237050
06,WAVE,3b90ec17ea9dde89e995a9a46222a93df0f992d4,5,99,True,11.540542,237050
06,WAVE,3b90ec17ea9dde89e995a9a46222a93df0f992d4,5,100,True,10.334541,237050
06,WAVE,3b90ec17ea9dde89e995a9a46222a93df0f992d4,10,1,True,21.505333,472075
06,WAVE,3b90ec17ea9dde89e995a9a46222a93df0f992d4,10,2,True,21.937042,472075
06,WAVE,3b90ec17ea9dde89e995a9a46222a93df0f992d4,10,3,True,20.641958,472075
06,WAVE,3b90ec17ea9dde89e995a9a46222a93df0f992d4,10,4,True,20.397084,472075
06,WAVE,3b90ec17ea9dde89e995a9a46222a93df0f992d4,10,5,True,20.788,472075
06,WAVE,3b90ec17ea9dde89e995a9a46222a93df0f992d4,10,6,True,19.902333,472075
06,WAVE,3b90ec17ea9dde89e995a9a46222a93df0f992d4,10,7,True,20.682625,472075
06,WAVE,3b90ec17ea9dde89e995a9a46222a93df0f992d4,10,8,True,20.607542,472075
06,WAVE,3b90ec17ea9dde89e995a9a46222a93df0f992d4,10,9,True,20.340625,472075
06,WAVE,3b90ec17ea9dde89e995a9a46222a93df0f992d4,10,10,True,20.021541,472075
06,WAVE,3b90ec17ea9dde89e995a9a46222a93df0f992d4,10,11,True,20.226166,472075
06,WAVE,3b90ec17ea9dde89e995a9a46222a93df0f992d4,10,12,True,20.305916,472075
06,WAVE,3b90ec17ea9dde89e995a9a46222a93df0f992d4,10,13,True,20.291959,472075
06,WAVE,3b90ec17ea9dde89e995a9a46222a93df0f992d4,10,14,True,20.2025,472075
06,WAVE,3b90ec17ea9dde89e995a9a46222a93df0f992d4,10,15,True,20.482625,472075
06,WAVE,3b90ec17ea9dde89e995a9a46222a93df0f992d4,10,16,True,20.983334,472075
06,WAVE,3b90ec17ea9dde89e995a9a46222a93df0f992d4,10,17,True,21.098375,472075
06,WAVE,3b90ec17ea9dde89e995a9a46222a93df0f992d4,10,18,True,20.38825,472075
06,WAVE,3b90ec17ea9dde89e995a9a46222a93df0f992d4,10,19,True,20.75,472075
06,WAVE,3b90ec17ea9dde89e995a9a46222a93df0f992d4,10,20,True,20.356834,472075
06,WAVE,3b90ec17ea9dde89e995a9a46222a93df0f992d4,10,21,True,20.35325,472075
06,WAVE,3b90ec17ea9dde89e995a9a46222a93df0f992d4,10,22,True,20.282917,472075
06,WAVE,3b90ec17ea9dde89e995a9a46222a93df0f992d4,10,23,True,20.123417,472075
06,WAVE,3b90ec17ea9dde89e995a9a46222a93df0f992d4,10,24,True,20.607958,472075
06,WAVE,3b90ec17ea9dde89e995a9a46222a93df0f992d4,10,25,True,20.510042,472075
06,WAVE,3b90ec17ea9dde89e995a9a46222a93df0f992d4,10,26,True,20.395334,472075
06,WAVE,3b90ec17ea9dde89e995a9a46222a93df0f992d4,10,27,True,20.630417,472075
06,WAVE,3b90ec17ea9dde89e995a9a46222a93df0f992d4,10,28,True,20.376459,472075
06,WAVE,3b90ec17ea9dde89e995a9a46222a93df0f992d4,10,29,True,19.807667,472075
06,WAVE,3b90ec17ea9dde89e995a9a46222a93df0f992d4,10,30,True,19.997584,472075
06,WAVE,3b90ec17ea9dde89e995a9a46222a93df0f992d4,10,31,True,20.377834,472075
06,WAVE,3b90ec17ea9dde89e995a9a46222a93df0f992d4,10,32,True,20.632208,472075
06,WAVE,3b90ec17ea9dde89e995a9a46222a93df0f992d4,10,33,True,20.039958,472075
06,WAVE,3b90ec17ea9dde89e995a9a46222a93df0f992d4,10,34,True,19.913625,472075
06,WAVE,3b90ec17ea9dde89e995a9a46222a93df0f992d4,10,35,True,20.261125,472075
06,WAVE,3b90ec17ea9dde89e995a9a46222a93df0f992d4,10,36,True,20.269958,472075
06,WAVE,3b90ec17ea9dde89e995a9a46222a93df0f992d4,10,37,True,20.355584,472075
06,WAVE,3b90ec17ea9dde89e995a9a46222a93df0f992d4,10,38,True,20.385833,472075
06,WAVE,3b90ec17ea9dde89e995a9a46222a93df0f992d4,10,39,True,20.374625,472075
06,WAVE,3b90ec17ea9dde89e995a9a46222a93df0f992d4,10,40,True,21.088709,472075
06,WAVE,3b90ec17ea9dde89e995a9a46222a93df0f992d4,10,41,True,20.163208,472075
06,WAVE,3b90ec17ea9dde89e995a9a46222a93df0f992d4,10,42,True,20.535833,472075
06,WAVE,3b90ec17ea9dde89e995a9a46222a93df0f992d4,10,43,True,20.47875,472075
06,WAVE,3b90ec17ea9dde89e995a9a46222a93df0f992d4,10,44,True,20.305084,472075
06,WAVE,3b90ec17ea9dde89e995a9a46222a93df0f992d4,10,45,True,20.431791,472075
06,WAVE,3b90ec17ea9dde89e995a9a46222a93df0f992d4,10,46,True,20.412833,472075
06,WAVE,3b90ec17ea9dde89e995a9a46222a93df0f992d4,10,47,True,20.0665,472075
06,WAVE,3b90ec17ea9dde89e995a9a46222a93df0f992d4,10,48,True,20.082416,472075
06,WAVE,3b90ec17ea9dde89e995a9a46222a93df0f992d4,10,49,True,20.079125,472075
06,WAVE,3b90ec17ea9dde89e995a9a46222a93df0f992d4,10,50,True,20.222542,472075
06,WAVE,3b90ec17ea9dde89e995a9a46222a93df0f992d4,10,51,True,20.6495,472075
06,WAVE,3b90ec17ea9dde89e995a9a46222a93df0f992d4,10,52,True,20.466375,472075
06,WAVE,3b90ec17ea9dde89e995a9a46222a93df0f992d4,10,53,True,20.885208,472075
06,WAVE,3b90ec17ea9dde89e995a9a46222a93df0f992d4,10,54,True,21.072375,472075
06,WAVE,3b90ec17ea9dde89e995a9a46222a93df0f992d4,10,55,True,20.137334,472075
06,WAVE,3b90ec17ea9dde89e995a9a46222a93df0f992d4,10,56,True,20.49475,472075
06,WAVE,3b90ec17ea9dde89e995a9a46222a93df0f992d4,10,57,True,20.401375,472075
06,WAVE,3b90ec17ea9dde89e995a9a46222a93df0f992d4,10,58,True,20.778083,472075
06,WAVE,3b90ec17ea9dde89e995a9a46222a93df0f992d4,10,59,True,20.663208,472075
06,WAVE,3b90ec17ea9dde89e995a9a46222a93df0f992d4,10,60,True,20.414875,472075
06,WAVE,3b90ec17ea9dde89e995a9a46222a93df0f992d4,10,61,True,21.107542,472075
06,WAVE,3b90ec17ea9dde89e995a9a46222a93df0f992d4,10,62,True,20.148667,472075
06,WAVE,3b90ec17ea9dde89e995a9a46222a93df0f992d4,10,63,True,21.193833,472075
06,WAVE,3b90ec17ea9dde89e995a9a46222a93df0f992d4,10,64,True,20.804666,472075
06,WAVE,3b90ec17ea9dde89e995a9a46222a93df0f992d4,10,65,True,21.360791,472075
06,WAVE,3b90ec17ea9dde89e995a9a46222a93df0f992d4,10,66,True,19.994333,472075
06,WAVE,3b90ec17ea9dde89e995a9a46222a93df0f992d4,10,67,True,20.768167,472075
06,WAVE,3b90ec17ea9dde89e995a9a46222a93df0f992d4,10,68,True,20.336417,472075
06,WAVE,3b90ec17ea9dde89e995a9a46222a93df0f992d4,10,69,True,20.831709,472075
06,WAVE,3b90ec17ea9dde89e995a9a46222a93df0f992d4,10,70,True,20.398583,472075
06,WAVE,3b90ec17ea9dde89e995a9a46222a93df0f992d4,10,71,True,20.408916,472075
06,WAVE,3b90ec17ea9dde89e995a9a46222a93df0f992d4,10,72,True,20.275875,472075
06,WAVE,3b90ec17ea9dde89e995a9a46222a93df0f992d4,10,73,True,20.906709,472075
06,WAVE,3b90ec17ea9dde89e995a9a46222a93df0f992d4,10,74,True,19.794,472075
06,WAVE,3b90ec17ea9dde89e995a9a46222a93df0f992d4,10,75,True,20.781459,472075
06,WAVE,3b90ec17ea9dde89e995a9a46222a93df0f992d4,10,76,True,19.952291,472075
06,WAVE,3b90ec17ea9dde89e995a9a46222a93df0f992d4,10,77,True,20.148958,472075
06,WAVE,3b90ec17ea9dde89e995a9a46222a93df0f992d4,10,78,True,20.513417,472075
06,WAVE,3b90ec17ea9dde89e995a9a46222a93df0f992d4,10,79,True,20.840792,472075
06,WAVE,3b90ec17ea9dde89e995a9a46222a93df0f992d4,10,80,True,20.98775,472075
06,WAVE,3b90ec17ea9dde89e995a9a46222a93df0f992d4,10,81,True,20.269958,472075
06,WAVE,3b90ec17ea9dde89e995a9a46222a93df0f992d4,10,82,True,20.507625,472075
06,WAVE,3b90ec17ea9dde89e995a9a46222a93df0f992d4,10,83,True,19.69025,472075
06,WAVE,3b90ec17ea9dde89e995a9a46222a93df0f992d4,10,84,True,20.359208,472075
06,WAVE,3b90ec17ea9dde89e995a9a46222a93df0f992d4,10,85,True,19.9985,472075
06,WAVE,3b90ec17ea9dde89e995a9a46222a93df0f992d4,10,86,True,23.076625,472075
06,WAVE,3b90ec17ea9dde89e995a9a46222a93df0f992d4,10,87,True,21.560667,472075
06,WAVE,3b90ec17ea9dde89e995a9a46222a93df0f992d4,10,88,True,22.886041,472075
06,WAVE,3b90ec17ea9dde89e995a9a46222a93df0f992d4,10,89,True,22.065542,472075
06,WAVE,3b90ec17ea9dde89e995a9a46222a93df0f992d4,10,90,True,23.0135,472075
06,WAVE,3b90ec17ea9dde89e995a9a46222a93df0f992d4,10,91,True,23.017333,472075
06,WAVE,3b90ec17ea9dde89e995a9a46222a93df0f992d4,10,92,True,22.923333,472075
06,WAVE,3b90ec17ea9dde89e995a9a46222a93df0f992d4,10,93,True,21.37225,472075
06,WAVE,3b90ec17ea9dde89e995a9a46222a93df0f992d4,10,94,True,22.020125,472075
06,WAVE,3b90ec17ea9dde89e995a9a46222a93df0f992d4,10,95,True,21.705375,472075
06,WAVE,3b90ec17ea9dde89e995a9a46222a93df0f992d4,10,96,True,21.111375,472075
06,WAVE,3b90ec17ea9dde89e995a9a46222a93df0f992d4,10,97,True,21.39875,472075
06,WAVE,3b90ec17ea9dde89e995a9a46222a93df0f992d4,10,98,True,21.853542,472075
06,WAVE,3b90ec17ea9dde89e995a9a46222a93df0f992d4,10,99,True,21.588459,472075
06,WAVE,3b90ec17ea9dde89e995a9a46222a93df0f992d4,10,100,True,20.955042,472075
07,WAVE,3b90ec17ea9dde89e995a9a46222a93df0f992d4,1,1,True,3.670833,49026
07,WAVE,3b90ec17ea9dde89e995a9a46222a93df0f992d4,1,2,True,3.561208,49026
07,WAVE,3b90ec17ea9dde89e995a9a46222a93df0f992d4,1,3,True,3.461125,49026
07,WAVE,3b90ec17ea9dde89e995a9a46222a93df0f992d4,1,4,True,3.409042,49026
07,WAVE,3b90ec17ea9dde89e995a9a46222a93df0f992d4,1,5,True,3.365875,49026
07,WAVE,3b90ec17ea9dde89e995a9a46222a93df0f992d4,1,6,True,3.305375,49026
07,WAVE,3b90ec17ea9dde89e995a9a46222a93df0f992d4,1,7,True,3.329,49026
07,WAVE,3b90ec17ea9dde89e995a9a46222a93df0f992d4,1,8,True,3.426375,49026
07,WAVE,3b90ec17ea9dde89e995a9a46222a93df0f992d4,1,9,True,3.314584,49026
07,WAVE,3b90ec17ea9dde89e995a9a46222a93df0f992d4,1,10,True,3.268708,49026
07,WAVE,3b90ec17ea9dde89e995a9a46222a93df0f992d4,1,11,True,3.105375,49026
07,WAVE,3b90ec17ea9dde89e995a9a46222a93df0f992d4,1,12,True,3.103125,49026
07,WAVE,3b90ec17ea9dde89e995a9a46222a93df0f992d4,1,13,True,3.0925,49026
07,WAVE,3b90ec17ea9dde89e995a9a46222a93df0f992d4,1,14,True,3.119083,49026
07,WAVE,3b90ec17ea9dde89e995a9a46222a93df0f992d4,1,15,True,3.115042,49026
07,WAVE,3b90ec17ea9dde89e995a9a46222a93df0f992d4,1,16,True,3.090917,49026
07,WAVE,3b90ec17ea9dde89e995a9a46222a93df0f992d4,1,17,True,3.131083,49026
07,WAVE,3b90ec17ea9dde89e995a9a46222a93df0f992d4,1,18,True,3.080709,49026
07,WAVE,3b90ec17ea9dde89e995a9a46222a93df0f992d4,1,19,True,3.110709,49026
07,WAVE,3b90ec17ea9dde89e995a9a46222a93df0f992d4,1,20,True,3.319667,49026
07,WAVE,3b90ec17ea9dde89e995a9a46222a93df0f992d4,1,21,True,3.262334,49026
07,WAVE,3b90ec17ea9dde89e995a9a46222a93df0f992d4,1,22,True,3.141167,49026
07,WAVE,3b90ec17ea9dde89e995a9a46222a93df0f992d4,1,23,True,3.103041,49026
07,WAVE,3b90ec17ea9dde89e995a9a46222a93df0f992d4,1,24,True,3.147125,49026
07,WAVE,3b90ec17ea9dde89e995a9a46222a93df0f992d4,1,25,True,3.127292,49026
07,WAVE,3b90ec17ea9dde89e995a9a46222a93df0f992d4,1,26,True,3.127584,49026
07,WAVE,3b90ec17ea9dde89e995a9a46222a93df0f992d4,1,27,True,3.146042,49026
07,WAVE,3b90ec17ea9dde89e995a9a46222a93df0f992d4,1,28,True,3.106792,49026
07,WAVE,3b90ec17ea9dde89e995a9a46222a93df0f992d4,1,29,True,3.249083,49026
07,WAVE,3b90ec17ea9dde89e995a9a46222a93df0f992d4,1,30,True,3.457125,49026
07,WAVE,3b90ec17ea9dde89e995a9a46222a93df0f992d4,1,31,True,3.15375,49026
07,WAVE,3b90ec17ea9dde89e995a9a46222a93df0f992d4,1,32,True,3.140042,49026
07,WAVE,3b90ec17ea9dde89e995a9a46222a93df0f992d4,1,33,True,3.174083,49026
07,WAVE,3b90ec17ea9dde89e995a9a46222a93df0f992d4,1,34,True,3.132375,49026
07,WAVE,3b90ec17ea9dde89e995a9a46222a93df0f992d4,1,35,True,3.190291,49026
07,WAVE,3b90ec17ea9dde89e995a9a46222a93df0f992d4,1,36,True,3.147041,49026
07,WAVE,3b90ec17ea9dde89e995a9a46222a93df0f992d4,1,37,True,3.150875,49026
07,WAVE,3b90ec17ea9dde89e995a9a46222a93df0f992d4,1,38,True,3.335,49026
07,WAVE,3b90ec17ea9dde89e995a9a46222a93df0f992d4,1,39,True,3.356417,49026
07,WAVE,3b90ec17ea9dde89e995a9a46222a93df0f992d4,1,40,True,3.188542,49026
07,WAVE,3b90ec17ea9dde89e995a9a46222a93df0f992d4,1,41,True,3.182,49026
07,WAVE,3b90ec17ea9dde89e995a9a46222a93df0f992d4,1,42,True,3.19275,49026
07,WAVE,3b90ec17ea9dde89e995a9a46222a93df0f992d4,1,43,True,3.151709,49026
07,WAVE,3b90ec17ea9dde89e995a9a46222a93df0f992d4,1,44,True,3.15175,49026
07,WAVE,3b90ec17ea9dde89e995a9a46222a93df0f992d4,1,45,True,3.180667,49026
07,WAVE,3b90ec17ea9dde89e995a9a46222a93df0f992d4,1,46,True,3.168417,49026
07,WAVE,3b90ec17ea9dde89e995a9a46222a93df0f992d4,1,47,True,3.136333,49026
07,WAVE,3b90ec17ea9dde89e995a9a46222a93df0f992d4,1,48,True,3.18675,49026
07,WAVE,3b90ec17ea9dde89e995a9a46222a93df0f992d4,1,49,True,3.242833,49026
07,WAVE,3b90ec17ea9dde89e995a9a46222a93df0f992d4,1,50,True,3.312208,49026
07,WAVE,3b90ec17ea9dde89e995a9a46222a93df0f992d4,1,51,True,3.315417,49026
07,WAVE,3b90ec17ea9dde89e995a9a46222a93df0f992d4,1,52,True,3.315709,49026
07,WAVE,3b90ec17ea9dde89e995a9a46222a93df0f992d4,1,53,True,3.188667,49026
07,WAVE,3b90ec17ea9dde89e995a9a46222a93df0f992d4,1,54,True,3.169417,49026
07,WAVE,3b90ec17ea9dde89e995a9a46222a93df0f992d4,1,55,True,3.125417,49026
07,WAVE,3b90ec17ea9dde89e995a9a46222a93df0f992d4,1,56,True,3.169166,49026
07,WAVE,3b90ec17ea9dde89e995a9a46222a93df0f992d4,1,57,True,3.171083,49026
07,WAVE,3b90ec17ea9dde89e995a9a46222a93df0f992d4,1,58,True,3.13675,49026
07,WAVE,3b90ec17ea9dde89e995a9a46222a93df0f992d4,1,59,True,3.141,49026
07,WAVE,3b90ec17ea9dde89e995a9a46222a93df0f992d4,1,60,True,3.167375,49026
07,WAVE,3b90ec17ea9dde89e995a9a46222a93df0f992d4,1,61,True,3.104958,49026
07,WAVE,3b90ec17ea9dde89e995a9a46222a93df0f992d4,1,62,True,3.014958,49026
07,WAVE,3b90ec17ea9dde89e995a9a46222a93df0f992d4,1,63,True,3.178666,49026
07,WAVE,3b90ec17ea9dde89e995a9a46222a93df0f992d4,1,64,True,3.183416,49026
07,WAVE,3b90ec17ea9dde89e995a9a46222a93df0f992d4,1,65,True,2.979333,49026
07,WAVE,3b90ec17ea9dde89e995a9a46222a93df0f992d4,1,66,True,3.057,49026
07,WAVE,3b90ec17ea9dde89e995a9a46222a93df0f992d4,1,67,True,3.081167,49026
07,WAVE,3b90ec17ea9dde89e995a9a46222a93df0f992d4,1,68,True,3.0935,49026
07,WAVE,3b90ec17ea9dde89e995a9a46222a93df0f992d4,1,69,True,3.110792,49026
07,WAVE,3b90ec17ea9dde89e995a9a46222a93df0f992d4,1,70,True,3.195459,49026
07,WAVE,3b90ec17ea9dde89e995a9a46222a93df0f992d4,1,71,True,3.215833,49026
07,WAVE,3b90ec17ea9dde89e995a9a46222a93df0f992d4,1,72,True,3.293125,49026
07,WAVE,3b90ec17ea9dde89e995a9a46222a93df0f992d4,1,73,True,3.102875,49026
07,WAVE,3b90ec17ea9dde89e995a9a46222a93df0f992d4,1,74,True,3.051208,49026
07,WAVE,3b90ec17ea9dde89e995a9a46222a93df0f992d4,1,75,True,3.214625,49026
07,WAVE,3b90ec17ea9dde89e995a9a46222a93df0f992d4,1,76,True,3.182917,49026
07,WAVE,3b90ec17ea9dde89e995a9a46222a93df0f992d4,1,77,True,3.251208,49026
07,WAVE,3b90ec17ea9dde89e995a9a46222a93df0f992d4,1,78,True,3.35675,49026
07,WAVE,3b90ec17ea9dde89e995a9a46222a93df0f992d4,1,79,True,3.26675,49026
07,WAVE,3b90ec17ea9dde89e995a9a46222a93df0f992d4,1,80,True,3.275208,49026
07,WAVE,3b90ec17ea9dde89e995a9a46222a93df0f992d4,1,81,True,3.306042,49026
07,WAVE,3b90ec17ea9dde89e995a9a46222a93df0f992d4,1,82,True,3.2505,49026
07,WAVE,3b90ec17ea9dde89e995a9a46222a93df0f992d4,1,83,True,3.274625,49026
07,WAVE,3b90ec17ea9dde89e995a9a46222a93df0f992d4,1,84,True,3.260042,49026
07,WAVE,3b90ec17ea9dde89e995a9a46222a93df0f992d4,1,85,True,3.409916,49026
07,WAVE,3b90ec17ea9dde89e995a9a46222a93df0f992d4,1,86,True,3.481916,49026
07,WAVE,3b90ec17ea9dde89e995a9a46222a93df0f992d4,1,87,True,3.040583,49026
07,WAVE,3b90ec17ea9dde89e995a9a46222a93df0f992d4,1,88,True,3.020708,49026
07,WAVE,3b90ec17ea9dde89e995a9a46222a93df0f992d4,1,89,True,3.130458,49026
07,WAVE,3b90ec17ea9dde89e995a9a46222a93df0f992d4,1,90,True,3.131042,49026
07,WAVE,3b90ec17ea9dde89e995a9a46222a93df0f992d4,1,91,True,3.114875,49026
07,WAVE,3b90ec17ea9dde89e995a9a46222a93df0f992d4,1,92,True,3.087959,49026
07,WAVE,3b90ec17ea9dde89e995a9a46222a93df0f992d4,1,93,True,3.154167,49026
07,WAVE,3b90ec17ea9dde89e995a9a46222a93df0f992d4,1,94,True,3.209459,49026
07,WAVE,3b90ec17ea9dde89e995a9a46222a93df0f992d4,1,95,True,3.338,49026
07,WAVE,3b90ec17ea9dde89e995a9a46222a93df0f992d4,1,96,True,3.305708,49026
07,WAVE,3b90ec17ea9dde89e995a9a46222a93df0f992d4,1,97,True,3.232708,49026
07,WAVE,3b90ec17ea9dde89e995a9a46222a93df0f992d4,1,98,True,3.2395,49026
07,WAVE,3b90ec17ea9dde89e995a9a46222a93df0f992d4,1,99,True,3.253459,49026
07,WAVE,3b90ec17ea9dde89e995a9a46222a93df0f992d4,1,100,True,3.205917,49026
07,WAVE,3b90ec17ea9dde89e995a9a46222a93df0f992d4,2,1,True,4.87075,96035
07,WAVE,3b90ec17ea9dde89e995a9a46222a93df0f992d4,2,2,True,5.348958,96035
07,WAVE,3b90ec17ea9dde89e995a9a46222a93df0f992d4,2,3,True,5.239667,96035
07,WAVE,3b90ec17ea9dde89e995a9a46222a93df0f992d4,2,4,True,5.094958,96035
07,WAVE,3b90ec17ea9dde89e995a9a46222a93df0f992d4,2,5,True,5.029959,96035
07,WAVE,3b90ec17ea9dde89e995a9a46222a93df0f992d4,2,6,True,5.085792,96035
07,WAVE,3b90ec17ea9dde89e995a9a46222a93df0f992d4,2,7,True,5.1945,96035
07,WAVE,3b90ec17ea9dde89e995a9a46222a93df0f992d4,2,8,True,5.344125,96035
07,WAVE,3b90ec17ea9dde89e995a9a46222a93df0f992d4,2,9,True,5.1585,96035
07,WAVE,3b90ec17ea9dde89e995a9a46222a93df0f992d4,2,10,True,5.081458,96035
07,WAVE,3b90ec17ea9dde89e995a9a46222a93df0f992d4,2,11,True,5.15675,96035
07,WAVE,3b90ec17ea9dde89e995a9a46222a93df0f992d4,2,12,True,5.11875,96035
07,WAVE,3b90ec17ea9dde89e995a9a46222a93df0f992d4,2,13,True,5.096084,96035
07,WAVE,3b90ec17ea9dde89e995a9a46222a93df0f992d4,2,14,True,5.384208,96035
07,WAVE,3b90ec17ea9dde89e995a9a46222a93df0f992d4,2,15,True,4.976375,96035
07,WAVE,3b90ec17ea9dde89e995a9a46222a93df0f992d4,2,16,True,4.791666,96035
07,WAVE,3b90ec17ea9dde89e995a9a46222a93df0f992d4,2,17,True,4.903541,96035
07,WAVE,3b90ec17ea9dde89e995a9a46222a93df0f992d4,2,18,True,4.98625,96035
07,WAVE,3b90ec17ea9dde89e995a9a46222a93df0f992d4,2,19,True,4.94175,96035
07,WAVE,3b90ec17ea9dde89e995a9a46222a93df0f992d4,2,20,True,5.190667,96035
07,WAVE,3b90ec17ea9dde89e995a9a46222a93df0f992d4,2,21,True,5.044917,96035
07,WAVE,3b90ec17ea9dde89e995a9a46222a93df0f992d4,2,22,True,4.988625,96035
07,WAVE,3b90ec17ea9dde89e995a9a46222a93df0f992d4,2,23,True,5.004625,96035
07,WAVE,3b90ec17ea9dde89e995a9a46222a93df0f992d4,2,24,True,5.17075,96035
07,WAVE,3b90ec17ea9dde89e995a9a46222a93df0f992d4,2,25,True,5.100125,96035
07,WAVE,3b90ec17ea9dde89e995a9a46222a93df0f992d4,2,26,True,5.023292,96035
07,WAVE,3b90ec17ea9dde89e995a9a46222a93df0f992d4,2,27,True,4.992333,96035
07,WAVE,3b90ec17ea9dde89e995a9a46222a93df0f992d4,2,28,True,5.02525,96035
07,WAVE,3b90ec17ea9dde89e995a9a46222a93df0f992d4,2,29,True,5.02775,96035
07,WAVE,3b90ec17ea9dde89e995a9a46222a93df0f992d4,2,30,True,5.320667,96035
07,WAVE,3b90ec17ea9dde89e995a9a46222a93df0f992d4,2,31,True,5.184959,96035
07,WAVE,3b90ec17ea9dde89e995a9a46222a93df0f992d4,2,32,True,5.203875,96035
07,WAVE,3b90ec17ea9dde89e995a9a46222a93df0f992d4,2,33,True,4.923958,96035
07,WAVE,3b90ec17ea9dde89e995a9a46222a93df0f992d4,2,34,True,4.784291,96035
07,WAVE,3b90ec17ea9dde89e995a9a46222a93df0f992d4,2,35,True,4.864708,96035
07,WAVE,3b90ec17ea9dde89e995a9a46222a93df0f992d4,2,36,True,5.218583,96035
07,WAVE,3b90ec17ea9dde89e995a9a46222a93df0f992d4,2,37,True,5.008333,96035
07,WAVE,3b90ec17ea9dde89e995a9a46222a93df0f992d4,2,38,True,4.992125,96035
07,WAVE,3b90ec17ea9dde89e995a9a46222a93df0f992d4,2,39,True,4.965667,96035
07,WAVE,3b90ec17ea9dde89e995a9a46222a93df0f992d4,2,40,True,4.996959,96035
07,WAVE,3b90ec17ea9dde89e995a9a46222a93df0f992d4,2,41,True,5.173875,96035
07,WAVE,3b90ec17ea9dde89e995a9a46222a93df0f992d4,2,42,True,5.166667,96035
07,WAVE,3b90ec17ea9dde89e995a9a46222a93df0f992d4,2,43,True,5.04275,96035
07,WAVE,3b90ec17ea9dde89e995a9a46222a93df0f992d4,2,44,True,5.028459,96035
07,WAVE,3b90ec17ea9dde89e995a9a46222a93df0f992d4,2,45,True,5.029459,96035
07,WAVE,3b90ec17ea9dde89e995a9a46222a93df0f992d4,2,46,True,5.026458,96035
07,WAVE,3b90ec17ea9dde89e995a9a46222a93df0f992d4,2,47,True,4.991792,96035
07,WAVE,3b90ec17ea9dde89e995a9a46222a93df0f992d4,2,48,True,5.472042,96035
07,WAVE,3b90ec17ea9dde89e995a9a46222a93df0f992d4,2,49,True,5.035458,96035
07,WAVE,3b90ec17ea9dde89e995a9a46222a93df0f992d4,2,50,True,4.988083,96035
07,WAVE,3b90ec17ea9dde89e995a9a46222a93df0f992d4,2,51,True,5.129916,96035
07,WAVE,3b90ec17ea9dde89e995a9a46222a93df0f992d4,2,52,True,5.138708,96035
07,WAVE,3b90ec17ea9dde89e995a9a46222a93df0f992d4,2,53,True,5.315,96035
07,WAVE,3b90ec17ea9dde89e995a9a46222a93df0f992d4,2,54,True,5.078417,96035
07,WAVE,3b90ec17ea9dde89e995a9a46222a93df0f992d4,2,55,True,4.929042,96035
07,WAVE,3b90ec17ea9dde89e995a9a46222a93df0f992d4,2,56,True,4.968583,96035
07,WAVE,3b90ec17ea9dde89e995a9a46222a93df0f992d4,2,57,True,4.978458,96035
07,WAVE,3b90ec17ea9dde89e995a9a46222a93df0f992d4,2,58,True,5.073541,96035
07,WAVE,3b90ec17ea9dde89e995a9a46222a93df0f992d4,2,59,True,5.068166,96035
07,WAVE,3b90ec17ea9dde89e995a9a46222a93df0f992d4,2,60,True,5.069791,96035
07,WAVE,3b90ec17ea9dde89e995a9a46222a93df0f992d4,2,61,True,5.14175,96035
07,WAVE,3b90ec17ea9dde89e995a9a46222a93df0f992d4,2,62,True,4.818166,96035
07,WAVE,3b90ec17ea9dde89e995a9a46222a93df0f992d4,2,63,True,4.995625,96035
07,WAVE,3b90ec17ea9dde89e995a9a46222a93df0f992d4,2,64,True,5.126375,96035
07,WAVE,3b90ec17ea9dde89e995a9a46222a93df0f992d4,2,65,True,5.086416,96035
07,WAVE,3b90ec17ea9dde89e995a9a46222a93df0f992d4,2,66,True,4.953416,96035
07,WAVE,3b90ec17ea9dde89e995a9a46222a93df0f992d4,2,67,True,5.047333,96035
07,WAVE,3b90ec17ea9dde89e995a9a46222a93df0f992d4,2,68,True,5.104417,96035
07,WAVE,3b90ec17ea9dde89e995a9a46222a93df0f992d4,2,69,True,5.155167,96035
07,WAVE,3b90ec17ea9dde89e995a9a46222a93df0f992d4,2,70,True,5.370875,96035
07,WAVE,3b90ec17ea9dde89e995a9a46222a93df0f992d4,2,71,True,5.477,96035
07,WAVE,3b90ec17ea9dde89e995a9a46222a93df0f992d4,2,72,True,5.219416,96035
07,WAVE,3b90ec17ea9dde89e995a9a46222a93df0f992d4,2,73,True,5.167958,96035
07,WAVE,3b90ec17ea9dde89e995a9a46222a93df0f992d4,2,74,True,5.209542,96035
07,WAVE,3b90ec17ea9dde89e995a9a46222a93df0f992d4,2,75,True,5.184709,96035
07,WAVE,3b90ec17ea9dde89e995a9a46222a93df0f992d4,2,76,True,5.320959,96035
07,WAVE,3b90ec17ea9dde89e995a9a46222a93df0f992d4,2,77,True,5.3405,96035
07,WAVE,3b90ec17ea9dde89e995a9a46222a93df0f992d4,2,78,True,5.230833,96035
07,WAVE,3b90ec17ea9dde89e995a9a46222a93df0f992d4,2,79,True,5.1735,96035
07,WAVE,3b90ec17ea9dde89e995a9a46222a93df0f992d4,2,80,True,5.180917,96035
07,WAVE,3b90ec17ea9dde89e995a9a46222a93df0f992d4,2,81,True,5.165125,96035
07,WAVE,3b90ec17ea9dde89e995a9a46222a93df0f992d4,2,82,True,5.307125,96035
07,WAVE,3b90ec17ea9dde89e995a9a46222a93df0f992d4,2,83,True,5.402291,96035
07,WAVE,3b90ec17ea9dde89e995a9a46222a93df0f992d4,2,84,True,5.296667,96035
07,WAVE,3b90ec17ea9dde89e995a9a46222a93df0f992d4,2,85,True,5.160584,96035
07,WAVE,3b90ec17ea9dde89e995a9a46222a93df0f992d4,2,86,True,5.189417,96035
07,WAVE,3b90ec17ea9dde89e995a9a46222a93df0f992d4,2,87,True,5.19775,96035
07,WAVE,3b90ec17ea9dde89e995a9a46222a93df0f992d4,2,88,True,5.185083,96035
07,WAVE,3b90ec17ea9dde89e995a9a46222a93df0f992d4,2,89,True,5.056084,96035
07,WAVE,3b90ec17ea9dde89e995a9a46222a93df0f992d4,2,90,True,5.045417,96035
07,WAVE,3b90ec17ea9dde89e995a9a46222a93df0f992d4,2,91,True,5.015167,96035
07,WAVE,3b90ec17ea9dde89e995a9a46222a93df0f992d4,2,92,True,5.013042,96035
07,WAVE,3b90ec17ea9dde89e995a9a46222a93df0f992d4,2,93,True,5.029167,96035
07,WAVE,3b90ec17ea9dde89e995a9a46222a93df0f992d4,2,94,True,5.275041,96035
07,WAVE,3b90ec17ea9dde89e995a9a46222a93df0f992d4,2,95,True,5.115916,96035
07,WAVE,3b90ec17ea9dde89e995a9a46222a93df0f992d4,2,96,True,5.054333,96035
07,WAVE,3b90ec17ea9dde89e995a9a46222a93df0f992d4,2,97,True,5.051083,96035
07,WAVE,3b90ec17ea9dde89e995a9a46222a93df0f992d4,2,98,True,5.038459,96035
07,WAVE,3b90ec17ea9dde89e995a9a46222a93df0f992d4,2,99,True,5.211542,96035
07,WAVE,3b90ec17ea9dde89e995a9a46222a93df0f992d4,2,100,True,5.197792,96035
07,WAVE,3b90ec17ea9dde89e995a9a46222a93df0f992d4,3,1,True,7.170333,143040
07,WAVE,3b90ec17ea9dde89e995a9a46222a93df0f992d4,3,2,True,6.930042,143040
07,WAVE,3b90ec17ea9dde89e995a9a46222a93df0f992d4,3,3,True,6.861625,143040
07,WAVE,3b90ec17ea9dde89e995a9a46222a93df0f992d4,3,4,True,6.864167,143040
07,WAVE,3b90ec17ea9dde89e995a9a46222a93df0f992d4,3,5,True,7.036125,143040
07,WAVE,3b90ec17ea9dde89e995a9a46222a93df0f992d4,3,6,True,6.852209,143040
07,WAVE,3b90ec17ea9dde89e995a9a46222a93df0f992d4,3,7,True,6.797708,143040
07,WAVE,3b90ec17ea9dde89e995a9a46222a93df0f992d4,3,8,True,6.936083,143040
07,WAVE,3b90ec17ea9dde89e995a9a46222a93df0f992d4,3,9,True,7.160708,143040
07,WAVE,3b90ec17ea9dde89e995a9a46222a93df0f992d4,3,10,True,6.976875,143040
07,WAVE,3b90ec17ea9dde89e995a9a46222a93df0f992d4,3,11,True,6.858083,143040
07,WAVE,3b90ec17ea9dde89e995a9a46222a93df0f992d4,3,12,True,6.892125,143040
07,WAVE,3b90ec17ea9dde89e995a9a46222a93df0f992d4,3,13,True,7.024125,143040
07,WAVE,3b90ec17ea9dde89e995a9a46222a93df0f992d4,3,14,True,6.923916,143040
07,WAVE,3b90ec17ea9dde89e995a9a46222a93df0f992d4,3,15,True,6.680708,143040
07,WAVE,3b90ec17ea9dde89e995a9a46222a93df0f992d4,3,16,True,6.742333,143040
07,WAVE,3b90ec17ea9dde89e995a9a46222a93df0f992d4,3,17,True,7.075333,143040
07,WAVE,3b90ec17ea9dde89e995a9a46222a93df0f992d4,3,18,True,6.806334,143040
07,WAVE,3b90ec17ea9dde89e995a9a46222a93df0f992d4,3,19,True,6.805292,143040
07,WAVE,3b90ec17ea9dde89e995a9a46222a93df0f992d4,3,20,True,6.860167,143040
07,WAVE,3b90ec17ea9dde89e995a9a46222a93df0f992d4,3,21,True,7.092416,143040
07,WAVE,3b90ec17ea9dde89e995a9a46222a93df0f992d4,3,22,True,6.831833,143040
07,WAVE,3b90ec17ea9dde89e995a9a46222a93df0f992d4,3,23,True,6.704833,143040
07,WAVE,3b90ec17ea9dde89e995a9a46222a93df0f992d4,3,24,True,6.733084,143040
07,WAVE,3b90ec17ea9dde89e995a9a46222a93df0f992d4,3,25,True,7.034583,143040
07,WAVE,3b90ec17ea9dde89e995a9a46222a93df0f992d4,3,26,True,6.829166,143040
07,WAVE,3b90ec17ea9dde89e995a9a46222a93df0f992d4,3,27,True,6.664791,143040
07,WAVE,3b90ec17ea9dde89e995a9a46222a93df0f992d4,3,28,True,6.889041,143040
07,WAVE,3b90ec17ea9dde89e995a9a46222a93df0f992d4,3,29,True,7.193208,143040
07,WAVE,3b90ec17ea9dde89e995a9a46222a93df0f992d4,3,30,True,6.870375,143040
07,WAVE,3b90ec17ea9dde89e995a9a46222a93df0f992d4,3,31,True,6.787625,143040
07,WAVE,3b90ec17ea9dde89e995a9a46222a93df0f992d4,3,32,True,6.627792,143040
07,WAVE,3b90ec17ea9dde89e995a9a46222a93df0f992d4,3,33,True,7.19075,143040
07,WAVE,3b90ec17ea9dde89e995a9a46222a93df0f992d4,3,34,True,6.869,143040
07,WAVE,3b90ec17ea9dde89e995a9a46222a93df0f992d4,3,35,True,6.938708,143040
07,WAVE,3b90ec17ea9dde89e995a9a46222a93df0f992d4,3,36,True,6.977,143040
07,WAVE,3b90ec17ea9dde89e995a9a46222a93df0f992d4,3,37,True,7.137083,143040
07,WAVE,3b90ec17ea9dde89e995a9a46222a93df0f992d4,3,38,True,6.965334,143040
07,WAVE,3b90ec17ea9dde89e995a9a46222a93df0f992d4,3,39,True,6.961417,143040
07,WAVE,3b90ec17ea9dde89e995a9a46222a93df0f992d4,3,40,True,6.939834,143040
07,WAVE,3b90ec17ea9dde89e995a9a46222a93df0f992d4,3,41,True,7.189792,143040
07,WAVE,3b90ec17ea9dde89e995a9a46222a93df0f992d4,3,42,True,7.195708,143040
07,WAVE,3b90ec17ea9dde89e995a9a46222a93df0f992d4,3,43,True,6.711166,143040
07,WAVE,3b90ec17ea9dde89e995a9a46222a93df0f992d4,3,44,True,6.800916,143040
07,WAVE,3b90ec17ea9dde89e995a9a46222a93df0f992d4,3,45,True,7.047792,143040
07,WAVE,3b90ec17ea9dde89e995a9a46222a93df0f992d4,3,46,True,6.976458,143040
07,WAVE,3b90ec17ea9dde89e995a9a46222a93df0f992d4,3,47,True,6.792708,143040
07,WAVE,3b90ec17ea9dde89e995a9a46222a93df0f992d4,3,48,True,6.8505,143040
07,WAVE,3b90ec17ea9dde89e995a9a46222a93df0f992d4,3,49,True,7.219916,143040
07,WAVE,3b90ec17ea9dde89e995a9a46222a93df0f992d4,3,50,True,7.035875,143040
07,WAVE,3b90ec17ea9dde89e995a9a46222a93df0f992d4,3,51,True,6.871458,143040
07,WAVE,3b90ec17ea9dde89e995a9a46222a93df0f992d4,3,52,True,6.861416,143040
07,WAVE,3b90ec17ea9dde89e995a9a46222a93df0f992d4,3,53,True,7.093333,143040
07,WAVE,3b90ec17ea9dde89e995a9a46222a93df0f992d4,3,54,True,6.782375,143040
07,WAVE,3b90ec17ea9dde89e995a9a46222a93df0f992d4,3,55,True,6.774208,143040
07,WAVE,3b90ec17ea9dde89e995a9a46222a93df0f992d4,3,56,True,6.871625,143040
07,WAVE,3b90ec17ea9dde89e995a9a46222a93df0f992d4,3,57,True,7.261875,143040
07,WAVE,3b90ec17ea9dde89e995a9a46222a93df0f992d4,3,58,True,6.985875,143040
07,WAVE,3b90ec17ea9dde89e995a9a46222a93df0f992d4,3,59,True,6.936417,143040
07,WAVE,3b90ec17ea9dde89e995a9a46222a93df0f992d4,3,60,True,7.027042,143040
07,WAVE,3b90ec17ea9dde89e995a9a46222a93df0f992d4,3,61,True,7.266584,143040
07,WAVE,3b90ec17ea9dde89e995a9a46222a93df0f992d4,3,62,True,7.336,143040
07,WAVE,3b90ec17ea9dde89e995a9a46222a93df0f992d4,3,63,True,7.160542,143040
07,WAVE,3b90ec17ea9dde89e995a9a46222a93df0f992d4,3,64,True,7.156542,143040
07,WAVE,3b90ec17ea9dde89e995a9a46222a93df0f992d4,3,65,True,7.228584,143040
07,WAVE,3b90ec17ea9dde89e995a9a46222a93df0f992d4,3,66,True,6.842041,143040
07,WAVE,3b90ec17ea9dde89e995a9a46222a93df0f992d4,3,67,True,6.942208,143040
07,WAVE,3b90ec17ea9dde89e995a9a46222a93df0f992d4,3,68,True,7.164166,143040
07,WAVE,3b90ec17ea9dde89e995a9a46222a93df0f992d4,3,69,True,7.608125,143040
07,WAVE,3b90ec17ea9dde89e995a9a46222a93df0f992d4,3,70,True,7.209917,143040
07,WAVE,3b90ec17ea9dde89e995a9a46222a93df0f992d4,3,71,True,7.147167,143040
07,WAVE,3b90ec17ea9dde89e995a9a46222a93df0f992d4,3,72,True,7.135166,143040
07,WAVE,3b90ec17ea9dde89e995a9a46222a93df0f992d4,3,73,True,6.832667,143040
07,WAVE,3b90ec17ea9dde89e995a9a46222a93df0f992d4,3,74,True,6.936042,143040
07,WAVE,3b90ec17ea9dde89e995a9a46222a93df0f992d4,3,75,True,6.724334,143040
07,WAVE,3b90ec17ea9dde89e995a9a46222a93df0f992d4,3,76,True,7.128209,143040
07,WAVE,3b90ec17ea9dde89e995a9a46222a93df0f992d4,3,77,True,6.882834,143040
07,WAVE,3b90ec17ea9dde89e995a9a46222a93df0f992d4,3,78,True,6.914542,143040
07,WAVE,3b90ec17ea9dde89e995a9a46222a93df0f992d4,3,79,True,7.1805,143040
07,WAVE,3b90ec17ea9dde89e995a9a46222a93df0f992d4,3,80,True,7.011417,143040
07,WAVE,3b90ec17ea9dde89e995a9a46222a93df0f992d4,3,81,True,6.910417,143040
07,WAVE,3b90ec17ea9dde89e995a9a46222a93df0f992d4,3,82,True,6.948041,143040
07,WAVE,3b90ec17ea9dde89e995a9a46222a93df0f992d4,3,83,True,7.041583,143040
07,WAVE,3b90ec17ea9dde89e995a9a46222a93df0f992d4,3,84,True,6.80025,143040
07,WAVE,3b90ec17ea9dde89e995a9a46222a93df0f992d4,3,85,True,6.658291,143040
07,WAVE,3b90ec17ea9dde89e995a9a46222a93df0f992d4,3,86,True,6.793708,143040
07,WAVE,3b90ec17ea9dde89e995a9a46222a93df0f992d4,3,87,True,6.981666,143040
07,WAVE,3b90ec17ea9dde89e995a9a46222a93df0f992d4,3,88,True,6.986625,143040
07,WAVE,3b90ec17ea9dde89e995a9a46222a93df0f992d4,3,89,True,6.913333,143040
07,WAVE,3b90ec17ea9dde89e995a9a46222a93df0f992d4,3,90,True,6.952958,143040
07,WAVE,3b90ec17ea9dde89e995a9a46222a93df0f992d4,3,91,True,6.936333,143040
07,WAVE,3b90ec17ea9dde89e995a9a46222a93df0f992d4,3,92,True,6.855292,143040
07,WAVE,3b90ec17ea9dde89e995a9a46222a93df0f992d4,3,93,True,6.817833,143040
07,WAVE,3b90ec17ea9dde89e995a9a46222a93df0f992d4,3,94,True,6.948333,143040
07,WAVE,3b90ec17ea9dde89e995a9a46222a93df0f992d4,3,95,True,7.271166,143040
07,WAVE,3b90ec17ea9dde89e995a9a46222a93df0f992d4,3,96,True,7.069125,143040
07,WAVE,3b90ec17ea9dde89e995a9a46222a93df0f992d4,3,97,True,6.923291,143040
07,WAVE,3b90ec17ea9dde89e995a9a46222a93df0f992d4,3,98,True,6.507833,143040
07,WAVE,3b90ec17ea9dde89e995a9a46222a93df0f992d4,3,99,True,6.882708,143040
07,WAVE,3b90ec17ea9dde89e995a9a46222a93df0f992d4,3,100,True,6.991375,143040
07,WAVE,3b90ec17ea9dde89e995a9a46222a93df0f992d4,5,1,True,11.065333,237050
07,WAVE,3b90ec17ea9dde89e995a9a46222a93df0f992d4,5,2,True,10.568833,237050
07,WAVE,3b90ec17ea9dde89e995a9a46222a93df0f992d4,5,3,True,10.596458,237050
07,WAVE,3b90ec17ea9dde89e995a9a46222a93df0f992d4,5,4,True,11.331208,237050
07,WAVE,3b90ec17ea9dde89e995a9a46222a93df0f992d4,5,5,True,10.746,237050
07,WAVE,3b90ec17ea9dde89e995a9a46222a93df0f992d4,5,6,True,10.77925,237050
07,WAVE,3b90ec17ea9dde89e995a9a46222a93df0f992d4,5,7,True,10.980792,237050
07,WAVE,3b90ec17ea9dde89e995a9a46222a93df0f992d4,5,8,True,10.628167,237050
07,WAVE,3b90ec17ea9dde89e995a9a46222a93df0f992d4,5,9,True,10.935417,237050
07,WAVE,3b90ec17ea9dde89e995a9a46222a93df0f992d4,5,10,True,10.901333,237050
07,WAVE,3b90ec17ea9dde89e995a9a46222a93df0f992d4,5,11,True,11.07025,237050
07,WAVE,3b90ec17ea9dde89e995a9a46222a93df0f992d4,5,12,True,10.545916,237050
07,WAVE,3b90ec17ea9dde89e995a9a46222a93df0f992d4,5,13,True,10.405042,237050
07,WAVE,3b90ec17ea9dde89e995a9a46222a93df0f992d4,5,14,True,10.741333,237050
07,WAVE,3b90ec17ea9dde89e995a9a46222a93df0f992d4,5,15,True,11.031834,237050
07,WAVE,3b90ec17ea9dde89e995a9a46222a93df0f992d4,5,16,True,10.776125,237050
07,WAVE,3b90ec17ea9dde89e995a9a46222a93df0f992d4,5,17,True,10.955417,237050
07,WAVE,3b90ec17ea9dde89e995a9a46222a93df0f992d4,5,18,True,10.558708,237050
07,WAVE,3b90ec17ea9dde89e995a9a46222a93df0f992d4,5,19,True,10.337,237050
07,WAVE,3b90ec17ea9dde89e995a9a46222a93df0f992d4,5,20,True,11.091125,237050
07,WAVE,3b90ec17ea9dde89e995a9a46222a93df0f992d4,5,21,True,10.621958,237050
07,WAVE,3b90ec17ea9dde89e995a9a46222a93df0f992d4,5,22,True,10.738166,237050
07,WAVE,3b90ec17ea9dde89e995a9a46222a93df0f992d4,5,23,True,10.923666,237050
07,WAVE,3b90ec17ea9dde89e995a9a46222a93df0f992d4,5,24,True,10.705709,237050
07,WAVE,3b90ec17ea9dde89e995a9a46222a93df0f992d4,5,25,True,10.435084,237050
07,WAVE,3b90ec17ea9dde89e995a9a46222a93df0f992d4,5,26,True,10.807417,237050
07,WAVE,3b90ec17ea9dde89e995a9a46222a93df0f992d4,5,27,True,10.43375,237050
07,WAVE,3b90ec17ea9dde89e995a9a46222a93df0f992d4,5,28,True,10.623375,237050
07,WAVE,3b90ec17ea9dde89e995a9a46222a93df0f992d4,5,29,True,10.96225,237050
07,WAVE,3b90ec17ea9dde89e995a9a46222a93df0f992d4,5,30,True,10.871792,237050
07,WAVE,3b90ec17ea9dde89e995a9a46222a93df0f992d4,5,31,True,10.809,237050
07,WAVE,3b90ec17ea9dde89e995a9a46222a93df0f992d4,5,32,True,11.079083,237050
07,WAVE,3b90ec17ea9dde89e995a9a46222a93df0f992d4,5,33,True,10.671584,237050
07,WAVE,3b90ec17ea9dde89e995a9a46222a93df0f992d4,5,34,True,10.794625,237050
07,WAVE,3b90ec17ea9dde89e995a9a46222a93df0f992d4,5,35,True,11.2065,237050
07,WAVE,3b90ec17ea9dde89e995a9a46222a93df0f992d4,5,36,True,10.800875,237050
07,WAVE,3b90ec17ea9dde89e995a9a46222a93df0f992d4,5,37,True,10.864125,237050
07,WAVE,3b90ec17ea9dde89e995a9a46222a93df0f992d4,5,38,True,11.042833,237050
07,WAVE,3b90ec17ea9dde89e995a9a46222a93df0f992d4,5,39,True,10.682833,237050
07,WAVE,3b90ec17ea9dde89e995a9a46222a93df0f992d4,5,40,True,10.408708,237050
07,WAVE,3b90ec17ea9dde89e995a9a46222a93df0f992d4,5,41,True,10.822667,237050
07,WAVE,3b90ec17ea9dde89e995a9a46222a93df0f992d4,5,42,True,10.983833,237050
07,WAVE,3b90ec17ea9dde89e995a9a46222a93df0f992d4,5,43,True,10.777125,237050
07,WAVE,3b90ec17ea9dde89e995a9a46222a93df0f992d4,5,44,True,10.90475,237050
07,WAVE,3b90ec17ea9dde89e995a9a46222a93df0f992d4,5,45,True,10.675042,237050
07,WAVE,3b90ec17ea9dde89e995a9a46222a93df0f992d4,5,46,True,10.798709,237050
07,WAVE,3b90ec17ea9dde89e995a9a46222a93df0f992d4,5,47,True,11.225375,237050
07,WAVE,3b90ec17ea9dde89e995a9a46222a93df0f992d4,5,48,True,10.28825,237050
07,WAVE,3b90ec17ea9dde89e995a9a46222a93df0f992d4,5,49,True,10.4075,237050
07,WAVE,3b90ec17ea9dde89e995a9a46222a93df0f992d4,5,50,True,10.469709,237050
07,WAVE,3b90ec17ea9dde89e995a9a46222a93df0f992d4,5,51,True,10.666333,237050
07,WAVE,3b90ec17ea9dde89e995a9a46222a93df0f992d4,5,52,True,10.856916,237050
07,WAVE,3b90ec17ea9dde89e995a9a46222a93df0f992d4,5,53,True,10.416542,237050
07,WAVE,3b90ec17ea9dde89e995a9a46222a93df0f992d4,5,54,True,10.764,237050
07,WAVE,3b90ec17ea9dde89e995a9a46222a93df0f992d4,5,55,True,10.657375,237050
07,WAVE,3b90ec17ea9dde89e995a9a46222a93df0f992d4,5,56,True,10.83775,237050
07,WAVE,3b90ec17ea9dde89e995a9a46222a93df0f992d4,5,57,True,10.982,237050
07,WAVE,3b90ec17ea9dde89e995a9a46222a93df0f992d4,5,58,True,10.444791,237050
07,WAVE,3b90ec17ea9dde89e995a9a46222a93df0f992d4,5,59,True,10.692166,237050
07,WAVE,3b90ec17ea9dde89e995a9a46222a93df0f992d4,5,60,True,10.575875,237050
07,WAVE,3b90ec17ea9dde89e995a9a46222a93df0f992d4,5,61,True,10.684333,237050
07,WAVE,3b90ec17ea9dde89e995a9a46222a93df0f992d4,5,62,True,10.9935,237050
07,WAVE,3b90ec17ea9dde89e995a9a46222a93df0f992d4,5,63,True,10.7505,237050
07,WAVE,3b90ec17ea9dde89e995a9a46222a93df0f992d4,5,64,True,10.952917,237050
07,WAVE,3b90ec17ea9dde89e995a9a46222a93df0f992d4,5,65,True,10.81475,237050
07,WAVE,3b90ec17ea9dde89e995a9a46222a93df0f992d4,5,66,True,10.833792,237050
07,WAVE,3b90ec17ea9dde89e995a9a46222a93df0f992d4,5,67,True,10.809833,237050
07,WAVE,3b90ec17ea9dde89e995a9a46222a93df0f992d4,5,68,True,10.618375,237050
07,WAVE,3b90ec17ea9dde89e995a9a46222a93df0f992d4,5,69,True,10.748625,237050
07,WAVE,3b90ec17ea9dde89e995a9a46222a93df0f992d4,5,70,True,10.657583,237050
07,WAVE,3b90ec17ea9dde89e995a9a46222a93df0f992d4,5,71,True,10.908083,237050
07,WAVE,3b90ec17ea9dde89e995a9a46222a93df0f992d4,5,72,True,10.803459,237050
07,WAVE,3b90ec17ea9dde89e995a9a46222a93df0f992d4,5,73,True,10.718917,237050
07,WAVE,3b90ec17ea9dde89e995a9a46222a93df0f992d4,5,74,True,11.232625,237050
07,WAVE,3b90ec17ea9dde89e995a9a46222a93df0f992d4,5,75,True,10.774958,237050
07,WAVE,3b90ec17ea9dde89e995a9a46222a93df0f992d4,5,76,True,10.900417,237050
07,WAVE,3b90ec17ea9dde89e995a9a46222a93df0f992d4,5,77,True,11.101584,237050
07,WAVE,3b90ec17ea9dde89e995a9a46222a93df0f992d4,5,78,True,10.990292,237050
07,WAVE,3b90ec17ea9dde89e995a9a46222a93df0f992d4,5,79,True,10.975584,237050
07,WAVE,3b90ec17ea9dde89e995a9a46222a93df0f992d4,5,80,True,10.774792,237050
07,WAVE,3b90ec17ea9dde89e995a9a46222a93df0f992d4,5,81,True,10.533375,237050
07,WAVE,3b90ec17ea9dde89e995a9a46222a93df0f992d4,5,82,True,10.436208,237050
07,WAVE,3b90ec17ea9dde89e995a9a46222a93df0f992d4,5,83,True,10.743375,237050
07,WAVE,3b90ec17ea9dde89e995a9a46222a93df0f992d4,5,84,True,11.127542,237050
07,WAVE,3b90ec17ea9dde89e995a9a46222a93df0f992d4,5,85,True,10.583417,237050
07,WAVE,3b90ec17ea9dde89e995a9a46222a93df0f992d4,5,86,True,10.530875,237050
07,WAVE,3b90ec17ea9dde89e995a9a46222a93df0f992d4,5,87,True,10.9545,237050
07,WAVE,3b90ec17ea9dde89e995a9a46222a93df0f992d4,5,88,True,10.8975,237050
07,WAVE,3b90ec17ea9dde89e995a9a46222a93df0f992d4,5,89,True,11.301083,237050
07,WAVE,3b90ec17ea9dde89e995a9a46222a93df0f992d4,5,90,True,11.016333,237050
07,WAVE,3b90ec17ea9dde89e995a9a46222a93df0f992d4,5,91,True,10.805334,237050
07,WAVE,3b90ec17ea9dde89e995a9a46222a93df0f992d4,5,92,True,11.385917,237050
07,WAVE,3b90ec17ea9dde89e995a9a46222a93df0f992d4,5,93,True,10.837125,237050
07,WAVE,3b90ec17ea9dde89e995a9a46222a93df0f992d4,5,94,True,11.094417,237050
07,WAVE,3b90ec17ea9dde89e995a9a46222a93df0f992d4,5,95,True,10.623291,237050
07,WAVE,3b90ec17ea9dde89e995a9a46222a93df0f992d4,5,96,True,10.791042,237050
07,WAVE,3b90ec17ea9dde89e995a9a46222a93df0f992d4,5,97,True,10.761333,237050
07,WAVE,3b90ec17ea9dde89e995a9a46222a93df0f992d4,5,98,True,10.669708,237050
07,WAVE,3b90ec17ea9dde89e995a9a46222a93df0f992d4,5,99,True,11.199875,237050
07,WAVE,3b90ec17ea9dde89e995a9a46222a93df0f992d4,5,100,True,10.814375,237050
07,WAVE,3b90ec17ea9dde89e995a9a46222a93df0f992d4,10,1,True,20.162666,472075
07,WAVE,3b90ec17ea9dde89e995a9a46222a93df0f992d4,10,2,True,20.099583,472075
07,WAVE,3b90ec17ea9dde89e995a9a46222a93df0f992d4,10,3,True,20.30775,472075
07,WAVE,3b90ec17ea9dde89e995a9a46222a93df0f992d4,10,4,True,20.549916,472075
07,WAVE,3b90ec17ea9dde89e995a9a46222a93df0f992d4,10,5,True,20.540084,472075
07,WAVE,3b90ec17ea9dde89e995a9a46222a93df0f992d4,10,6,True,20.051125,472075
07,WAVE,3b90ec17ea9dde89e995a9a46222a93df0f992d4,10,7,True,20.765583,472075
07,WAVE,3b90ec17ea9dde89e995a9a46222a93df0f992d4,10,8,True,20.746834,472075
07,WAVE,3b90ec17ea9dde89e995a9a46222a93df0f992d4,10,9,True,20.125917,472075
07,WAVE,3b90ec17ea9dde89e995a9a46222a93df0f992d4,10,10,True,20.401917,472075
07,WAVE,3b90ec17ea9dde89e995a9a46222a93df0f992d4,10,11,True,20.524541,472075
07,WAVE,3b90ec17ea9dde89e995a9a46222a93df0f992d4,10,12,True,22.421208,472075
07,WAVE,3b90ec17ea9dde89e995a9a46222a93df0f992d4,10,13,True,26.015375,472075
07,WAVE,3b90ec17ea9dde89e995a9a46222a93df0f992d4,10,14,True,22.2955,472075
07,WAVE,3b90ec17ea9dde89e995a9a46222a93df0f992d4,10,15,True,24.253708,472075
07,WAVE,3b90ec17ea9dde89e995a9a46222a93df0f992d4,10,16,True,22.732542,472075
07,WAVE,3b90ec17ea9dde89e995a9a46222a93df0f992d4,10,17,True,22.638375,472075
07,WAVE,3b90ec17ea9dde89e995a9a46222a93df0f992d4,10,18,True,23.826792,472075
07,WAVE,3b90ec17ea9dde89e995a9a46222a93df0f992d4,10,19,True,22.683666,472075
07,WAVE,3b90ec17ea9dde89e995a9a46222a93df0f992d4,10,20,True,21.141333,472075
07,WAVE,3b90ec17ea9dde89e995a9a46222a93df0f992d4,10,21,True,21.179708,472075
07,WAVE,3b90ec17ea9dde89e995a9a46222a93df0f992d4,10,22,True,21.257667,472075
07,WAVE,3b90ec17ea9dde89e995a9a46222a93df0f992d4,10,23,True,21.119084,472075
07,WAVE,3b90ec17ea9dde89e995a9a46222a93df0f992d4,10,24,True,20.833792,472075
07,WAVE,3b90ec17ea9dde89e995a9a46222a93df0f992d4,10,25,True,20.146209,472075
07,WAVE,3b90ec17ea9dde89e995a9a46222a93df0f992d4,10,26,True,20.732083,472075
07,WAVE,3b90ec17ea9dde89e995a9a46222a93df0f992d4,10,27,True,20.480958,472075
07,WAVE,3b90ec17ea9dde89e995a9a46222a93df0f992d4,10,28,True,20.609875,472075
07,WAVE,3b90ec17ea9dde89e995a9a46222a93df0f992d4,10,29,True,20.274083,472075
07,WAVE,3b90ec17ea9dde89e995a9a46222a93df0f992d4,10,30,True,20.84125,472075
07,WAVE,3b90ec17ea9dde89e995a9a46222a93df0f992d4,10,31,True,20.133666,472075
07,WAVE,3b90ec17ea9dde89e995a9a46222a93df0f992d4,10,32,True,20.65425,472075
07,WAVE,3b90ec17ea9dde89e995a9a46222a93df0f992d4,10,33,True,20.5195,472075
07,WAVE,3b90ec17ea9dde89e995a9a46222a93df0f992d4,10,34,True,20.629625,472075
07,WAVE,3b90ec17ea9dde89e995a9a46222a93df0f992d4,10,35,True,20.719,472075
07,WAVE,3b90ec17ea9dde89e995a9a46222a93df0f992d4,10,36,True,20.741375,472075
07,WAVE,3b90ec17ea9dde89e995a9a46222a93df0f992d4,10,37,True,20.258375,472075
07,WAVE,3b90ec17ea9dde89e995a9a46222a93df0f992d4,10,38,True,20.015792,472075
07,WAVE,3b90ec17ea9dde89e995a9a46222a93df0f992d4,10,39,True,20.110208,472075
07,WAVE,3b90ec17ea9dde89e995a9a46222a93df0f992d4,10,40,True,20.33,472075
07,WAVE,3b90ec17ea9dde89e995a9a46222a93df0f992d4,10,41,True,19.997125,472075
07,WAVE,3b90ec17ea9dde89e995a9a46222a93df0f992d4,10,42,True,20.566042,472075
07,WAVE,3b90ec17ea9dde89e995a9a46222a93df0f992d4,10,43,True,20.731792,472075
07,WAVE,3b90ec17ea9dde89e995a9a46222a93df0f992d4,10,44,True,20.913292,472075
07,WAVE,3b90ec17ea9dde89e995a9a46222a93df0f992d4,10,45,True,20.587334,472075
07,WAVE,3b90ec17ea9dde89e995a9a46222a93df0f992d4,10,46,True,20.975333,472075
07,WAVE,3b90ec17ea9dde89e995a9a46222a93df0f992d4,10,47,True,20.83075,472075
07,WAVE,3b90ec17ea9dde89e995a9a46222a93df0f992d4,10,48,True,20.693416,472075
07,WAVE,3b90ec17ea9dde89e995a9a46222a93df0f992d4,10,49,True,20.054375,472075
07,WAVE,3b90ec17ea9dde89e995a9a46222a93df0f992d4,10,50,True,20.714667,472075
07,WAVE,3b90ec17ea9dde89e995a9a46222a93df0f992d4,10,51,True,20.210125,472075
07,WAVE,3b90ec17ea9dde89e995a9a46222a93df0f992d4,10,52,True,20.328083,472075
07,WAVE,3b90ec17ea9dde89e995a9a46222a93df0f992d4,10,53,True,19.867209,472075
07,WAVE,3b90ec17ea9dde89e995a9a46222a93df0f992d4,10,54,True,20.356667,472075
07,WAVE,3b90ec17ea9dde89e995a9a46222a93df0f992d4,10,55,True,20.3985,472075
07,WAVE,3b90ec17ea9dde89e995a9a46222a93df0f992d4,10,56,True,20.7575,472075
07,WAVE,3b90ec17ea9dde89e995a9a46222a93df0f992d4,10,57,True,20.227417,472075
07,WAVE,3b90ec17ea9dde89e995a9a46222a93df0f992d4,10,58,True,20.595666,472075
07,WAVE,3b90ec17ea9dde89e995a9a46222a93df0f992d4,10,59,True,20.430417,472075
07,WAVE,3b90ec17ea9dde89e995a9a46222a93df0f992d4,10,60,True,20.058167,472075
07,WAVE,3b90ec17ea9dde89e995a9a46222a93df0f992d4,10,61,True,19.938667,472075
07,WAVE,3b90ec17ea9dde89e995a9a46222a93df0f992d4,10,62,True,20.462125,472075
07,WAVE,3b90ec17ea9dde89e995a9a46222a93df0f992d4,10,63,True,20.412042,472075
07,WAVE,3b90ec17ea9dde89e995a9a46222a93df0f992d4,10,64,True,20.001417,472075
07,WAVE,3b90ec17ea9dde89e995a9a46222a93df0f992d4,10,65,True,19.679375,472075
07,WAVE,3b90ec17ea9dde89e995a9a46222a93df0f992d4,10,66,True,20.107834,472075
07,WAVE,3b90ec17ea9dde89e995a9a46222a93df0f992d4,10,67,True,20.1155,472075
07,WAVE,3b90ec17ea9dde89e995a9a46222a93df0f992d4,10,68,True,20.221917,472075
07,WAVE,3b90ec17ea9dde89e995a9a46222a93df0f992d4,10,69,True,20.765375,472075
07,WAVE,3b90ec17ea9dde89e995a9a46222a93df0f992d4,10,70,True,20.2245,472075
07,WAVE,3b90ec17ea9dde89e995a9a46222a93df0f992d4,10,71,True,20.401625,472075
07,WAVE,3b90ec17ea9dde89e995a9a46222a93df0f992d4,10,72,True,20.64,472075
07,WAVE,3b90ec17ea9dde89e995a9a46222a93df0f992d4,10,73,True,20.733125,472075
07,WAVE,3b90ec17ea9dde89e995a9a46222a93df0f992d4,10,74,True,20.173,472075
07,WAVE,3b90ec17ea9dde89e995a9a46222a93df0f992d4,10,75,True,20.212375,472075
07,WAVE,3b90ec17ea9dde89e995a9a46222a93df0f992d4,10,76,True,20.366667,472075
07,WAVE,3b90ec17ea9dde89e995a9a46222a93df0f992d4,10,77,True,19.820792,472075
07,WAVE,3b90ec17ea9dde89e995a9a46222a93df0f992d4,10,78,True,20.334667,472075
07,WAVE,3b90ec17ea9dde89e995a9a46222a93df0f992d4,10,79,True,20.253125,472075
07,WAVE,3b90ec17ea9dde89e995a9a46222a93df0f992d4,10,80,True,20.587542,472075
07,WAVE,3b90ec17ea9dde89e995a9a46222a93df0f992d4,10,81,True,20.521,472075
07,WAVE,3b90ec17ea9dde89e995a9a46222a93df0f992d4,10,82,True,20.594625,472075
07,WAVE,3b90ec17ea9dde89e995a9a46222a93df0f992d4,10,83,True,20.237542,472075
07,WAVE,3b90ec17ea9dde89e995a9a46222a93df0f992d4,10,84,True,20.4115,472075
07,WAVE,3b90ec17ea9dde89e995a9a46222a93df0f992d4,10,85,True,19.838667,472075
07,WAVE,3b90ec17ea9dde89e995a9a46222a93df0f992d4,10,86,True,20.24975,472075
07,WAVE,3b90ec17ea9dde89e995a9a46222a93df0f992d4,10,87,True,20.3355,472075
07,WAVE,3b90ec17ea9dde89e995a9a46222a93df0f992d4,10,88,True,20.278917,472075
07,WAVE,3b90ec17ea9dde89e995a9a46222a93df0f992d4,10,89,True,20.4275,472075
07,WAVE,3b90ec17ea9dde89e995a9a46222a93df0f992d4,10,90,True,20.62225,472075
07,WAVE,3b90ec17ea9dde89e995a9a46222a93df0f992d4,10,91,True,20.101291,472075
07,WAVE,3b90ec17ea9dde89e995a9a46222a93df0f992d4,10,92,True,20.200459,472075
07,WAVE,3b90ec17ea9dde89e995a9a46222a93df0f992d4,10,93,True,19.781208,472075
07,WAVE,3b90ec17ea9dde89e995a9a46222a93df0f992d4,10,94,True,20.354833,472075
07,WAVE,3b90ec17ea9dde89e995a9a46222a93df0f992d4,10,95,True,20.357,472075
07,WAVE,3b90ec17ea9dde89e995a9a46222a93df0f992d4,10,96,True,20.555541,472075
07,WAVE,3b90ec17ea9dde89e995a9a46222a93df0f992d4,10,97,True,20.445042,472075
07,WAVE,3b90ec17ea9dde89e995a9a46222a93df0f992d4,10,98,True,20.643,472075
07,WAVE,3b90ec17ea9dde89e995a9a46222a93df0f992d4,10,99,True,20.179333,472075
07,WAVE,3b90ec17ea9dde89e995a9a46222a93df0f992d4,10,100,True,20.2885,472075
08,WAVE,3b90ec17ea9dde89e995a9a46222a93df0f992d4,1,1,True,3.746209,49026
08,WAVE,3b90ec17ea9dde89e995a9a46222a93df0f992d4,1,2,True,3.683,49026
08,WAVE,3b90ec17ea9dde89e995a9a46222a93df0f992d4,1,3,True,3.577833,49026
08,WAVE,3b90ec17ea9dde89e995a9a46222a93df0f992d4,1,4,True,3.506083,49026
08,WAVE,3b90ec17ea9dde89e995a9a46222a93df0f992d4,1,5,True,3.563417,49026
08,WAVE,3b90ec17ea9dde89e995a9a46222a93df0f992d4,1,6,True,3.561625,49026
08,WAVE,3b90ec17ea9dde89e995a9a46222a93df0f992d4,1,7,True,3.563625,49026
08,WAVE,3b90ec17ea9dde89e995a9a46222a93df0f992d4,1,8,True,3.429708,49026
08,WAVE,3b90ec17ea9dde89e995a9a46222a93df0f992d4,1,9,True,3.355916,49026
08,WAVE,3b90ec17ea9dde89e995a9a46222a93df0f992d4,1,10,True,3.146625,49026
08,WAVE,3b90ec17ea9dde89e995a9a46222a93df0f992d4,1,11,True,3.085666,49026
08,WAVE,3b90ec17ea9dde89e995a9a46222a93df0f992d4,1,12,True,3.161958,49026
08,WAVE,3b90ec17ea9dde89e995a9a46222a93df0f992d4,1,13,True,3.145167,49026
08,WAVE,3b90ec17ea9dde89e995a9a46222a93df0f992d4,1,14,True,3.155334,49026
08,WAVE,3b90ec17ea9dde89e995a9a46222a93df0f992d4,1,15,True,3.161,49026
08,WAVE,3b90ec17ea9dde89e995a9a46222a93df0f992d4,1,16,True,3.26375,49026
08,WAVE,3b90ec17ea9dde89e995a9a46222a93df0f992d4,1,17,True,3.418958,49026
08,WAVE,3b90ec17ea9dde89e995a9a46222a93df0f992d4,1,18,True,3.449292,49026
08,WAVE,3b90ec17ea9dde89e995a9a46222a93df0f992d4,1,19,True,3.267083,49026
08,WAVE,3b90ec17ea9dde89e995a9a46222a93df0f992d4,1,20,True,3.1295,49026
08,WAVE,3b90ec17ea9dde89e995a9a46222a93df0f992d4,1,21,True,3.170583,49026
08,WAVE,3b90ec17ea9dde89e995a9a46222a93df0f992d4,1,22,True,3.150708,49026
08,WAVE,3b90ec17ea9dde89e995a9a46222a93df0f992d4,1,23,True,3.157166,49026
08,WAVE,3b90ec17ea9dde89e995a9a46222a93df0f992d4,1,24,True,3.134958,49026
08,WAVE,3b90ec17ea9dde89e995a9a46222a93df0f992d4,1,25,True,3.153542,49026
08,WAVE,3b90ec17ea9dde89e995a9a46222a93df0f992d4,1,26,True,3.17975,49026
08,WAVE,3b90ec17ea9dde89e995a9a46222a93df0f992d4,1,27,True,3.16475,49026
08,WAVE,3b90ec17ea9dde89e995a9a46222a93df0f992d4,1,28,True,3.371708,49026
08,WAVE,3b90ec17ea9dde89e995a9a46222a93df0f992d4,1,29,True,3.1465,49026
08,WAVE,3b90ec17ea9dde89e995a9a46222a93df0f992d4,1,30,True,3.146666,49026
08,WAVE,3b90ec17ea9dde89e995a9a46222a93df0f992d4,1,31,True,3.160167,49026
08,WAVE,3b90ec17ea9dde89e995a9a46222a93df0f992d4,1,32,True,3.148709,49026
08,WAVE,3b90ec17ea9dde89e995a9a46222a93df0f992d4,1,33,True,3.191959,49026
08,WAVE,3b90ec17ea9dde89e995a9a46222a93df0f992d4,1,34,True,3.232584,49026
08,WAVE,3b90ec17ea9dde89e995a9a46222a93df0f992d4,1,35,True,3.180792,49026
08,WAVE,3b90ec17ea9dde89e995a9a46222a93df0f992d4,1,36,True,3.397167,49026
08,WAVE,3b90ec17ea9dde89e995a9a46222a93df0f992d4,1,37,True,3.330417,49026
08,WAVE,3b90ec17ea9dde89e995a9a46222a93df0f992d4,1,38,True,3.1895,49026
08,WAVE,3b90ec17ea9dde89e995a9a46222a93df0f992d4,1,39,True,3.180958,49026
08,WAVE,3b90ec17ea9dde89e995a9a46222a93df0f992d4,1,40,True,3.185541,49026
08,WAVE,3b90ec17ea9dde89e995a9a46222a93df0f992d4,1,41,True,3.18025,49026
08,WAVE,3b90ec17ea9dde89e995a9a46222a93df0f992d4,1,42,True,3.198208,49026
08,WAVE,3b90ec17ea9dde89e995a9a46222a93df0f992d4,1,43,True,3.20425,49026
08,WAVE,3b90ec17ea9dde89e995a9a46222a93df0f992d4,1,44,True,3.181333,49026
08,WAVE,3b90ec17ea9dde89e995a9a46222a93df0f992d4,1,45,True,3.253625,49026
08,WAVE,3b90ec17ea9dde89e995a9a46222a93df0f992d4,1,46,True,3.331417,49026
08,WAVE,3b90ec17ea9dde89e995a9a46222a93df0f992d4,1,47,True,3.266542,49026
08,WAVE,3b90ec17ea9dde89e995a9a46222a93df0f992d4,1,48,True,3.22325,49026
08,WAVE,3b90ec17ea9dde89e995a9a46222a93df0f992d4,1,49,True,3.185417,49026
08,WAVE,3b90ec17ea9dde89e995a9a46222a93df0f992d4,1,50,True,3.150125,49026
08,WAVE,3b90ec17ea9dde89e995a9a46222a93df0f992d4,1,51,True,3.199,49026
08,WAVE,3b90ec17ea9dde89e995a9a46222a93df0f992d4,1,52,True,3.159417,49026
08,WAVE,3b90ec17ea9dde89e995a9a46222a93df0f992d4,1,53,True,3.115417,49026
08,WAVE,3b90ec17ea9dde89e995a9a46222a93df0f992d4,1,54,True,3.031125,49026
08,WAVE,3b90ec17ea9dde89e995a9a46222a93df0f992d4,1,55,True,3.107292,49026
08,WAVE,3b90ec17ea9dde89e995a9a46222a93df0f992d4,1,56,True,3.317959,49026
08,WAVE,3b90ec17ea9dde89e995a9a46222a93df0f992d4,1,57,True,3.29175,49026
08,WAVE,3b90ec17ea9dde89e995a9a46222a93df0f992d4,1,58,True,3.191208,49026
08,WAVE,3b90ec17ea9dde89e995a9a46222a93df0f992d4,1,59,True,3.169875,49026
08,WAVE,3b90ec17ea9dde89e995a9a46222a93df0f992d4,1,60,True,3.2025,49026
08,WAVE,3b90ec17ea9dde89e995a9a46222a93df0f992d4,1,61,True,3.1615,49026
08,WAVE,3b90ec17ea9dde89e995a9a46222a93df0f992d4,1,62,True,3.166917,49026
08,WAVE,3b90ec17ea9dde89e995a9a46222a93df0f992d4,1,63,True,3.18375,49026
08,WAVE,3b90ec17ea9dde89e995a9a46222a93df0f992d4,1,64,True,3.147792,49026
08,WAVE,3b90ec17ea9dde89e995a9a46222a93df0f992d4,1,65,True,3.241833,49026
08,WAVE,3b90ec17ea9dde89e995a9a46222a93df0f992d4,1,66,True,3.339083,49026
08,WAVE,3b90ec17ea9dde89e995a9a46222a93df0f992d4,1,67,True,3.196833,49026
08,WAVE,3b90ec17ea9dde89e995a9a46222a93df0f992d4,1,68,True,3.163875,49026
08,WAVE,3b90ec17ea9dde89e995a9a46222a93df0f992d4,1,69,True,3.163541,49026
08,WAVE,3b90ec17ea9dde89e995a9a46222a93df0f992d4,1,70,True,3.093916,49026
08,WAVE,3b90ec17ea9dde89e995a9a46222a93df0f992d4,1,71,True,3.118292,49026
08,WAVE,3b90ec17ea9dde89e995a9a46222a93df0f992d4,1,72,True,3.161625,49026
08,WAVE,3b90ec17ea9dde89e995a9a46222a93df0f992d4,1,73,True,3.069083,49026
08,WAVE,3b90ec17ea9dde89e995a9a46222a93df0f992d4,1,74,True,3.094916,49026
08,WAVE,3b90ec17ea9dde89e995a9a46222a93df0f992d4,1,75,True,3.132083,49026
08,WAVE,3b90ec17ea9dde89e995a9a46222a93df0f992d4,1,76,True,3.354209,49026
08,WAVE,3b90ec17ea9dde89e995a9a46222a93df0f992d4,1,77,True,3.381666,49026
08,WAVE,3b90ec17ea9dde89e995a9a46222a93df0f992d4,1,78,True,3.26175,49026
08,WAVE,3b90ec17ea9dde89e995a9a46222a93df0f992d4,1,79,True,3.225834,49026
08,WAVE,3b90ec17ea9dde89e995a9a46222a93df0f992d4,1,80,True,3.3855,49026
08,WAVE,3b90ec17ea9dde89e995a9a46222a93df0f992d4,1,81,True,3.206958,49026
08,WAVE,3b90ec17ea9dde89e995a9a46222a93df0f992d4,1,82,True,3.24675,49026
08,WAVE,3b90ec17ea9dde89e995a9a46222a93df0f992d4,1,83,True,3.23075,49026
08,WAVE,3b90ec17ea9dde89e995a9a46222a93df0f992d4,1,84,True,3.257291,49026
08,WAVE,3b90ec17ea9dde89e995a9a46222a93df0f992d4,1,85,True,3.209042,49026
08,WAVE,3b90ec17ea9dde89e995a9a46222a93df0f992d4,1,86,True,3.234417,49026
08,WAVE,3b90ec17ea9dde89e995a9a46222a93df0f992d4,1,87,True,3.218375,49026
08,WAVE,3b90ec17ea9dde89e995a9a46222a93df0f992d4,1,88,True,3.453833,49026
08,WAVE,3b90ec17ea9dde89e995a9a46222a93df0f992d4,1,89,True,3.366041,49026
08,WAVE,3b90ec17ea9dde89e995a9a46222a93df0f992d4,1,90,True,3.103583,49026
08,WAVE,3b90ec17ea9dde89e995a9a46222a93df0f992d4,1,91,True,3.093708,49026
08,WAVE,3b90ec17ea9dde89e995a9a46222a93df0f992d4,1,92,True,3.161833,49026
08,WAVE,3b90ec17ea9dde89e995a9a46222a93df0f992d4,1,93,True,3.186083,49026
08,WAVE,3b90ec17ea9dde89e995a9a46222a93df0f992d4,1,94,True,3.184625,49026
08,WAVE,3b90ec17ea9dde89e995a9a46222a93df0f992d4,1,95,True,3.20275,49026
08,WAVE,3b90ec17ea9dde89e995a9a46222a93df0f992d4,1,96,True,3.196375,49026
08,WAVE,3b90ec17ea9dde89e995a9a46222a93df0f992d4,1,97,True,3.202958,49026
08,WAVE,3b90ec17ea9dde89e995a9a46222a93df0f992d4,1,98,True,3.369459,49026
08,WAVE,3b90ec17ea9dde89e995a9a46222a93df0f992d4,1,99,True,3.288667,49026
08,WAVE,3b90ec17ea9dde89e995a9a46222a93df0f992d4,1,100,True,3.227875,49026
08,WAVE,3b90ec17ea9dde89e995a9a46222a93df0f992d4,2,1,True,5.036125,96035
08,WAVE,3b90ec17ea9dde89e995a9a46222a93df0f992d4,2,2,True,5.126416,96035
08,WAVE,3b90ec17ea9dde89e995a9a46222a93df0f992d4,2,3,True,5.318875,96035
08,WAVE,3b90ec17ea9dde89e995a9a46222a93df0f992d4,2,4,True,5.176417,96035
08,WAVE,3b90ec17ea9dde89e995a9a46222a93df0f992d4,2,5,True,5.013084,96035
08,WAVE,3b90ec17ea9dde89e995a9a46222a93df0f992d4,2,6,True,4.947208,96035
08,WAVE,3b90ec17ea9dde89e995a9a46222a93df0f992d4,2,7,True,4.959208,96035
08,WAVE,3b90ec17ea9dde89e995a9a46222a93df0f992d4,2,8,True,4.993,96035
08,WAVE,3b90ec17ea9dde89e995a9a46222a93df0f992d4,2,9,True,5.30975,96035
08,WAVE,3b90ec17ea9dde89e995a9a46222a93df0f992d4,2,10,True,5.07925,96035
08,WAVE,3b90ec17ea9dde89e995a9a46222a93df0f992d4,2,11,True,4.889417,96035
08,WAVE,3b90ec17ea9dde89e995a9a46222a93df0f992d4,2,12,True,4.977916,96035
08,WAVE,3b90ec17ea9dde89e995a9a46222a93df0f992d4,2,13,True,5.008208,96035
08,WAVE,3b90ec17ea9dde89e995a9a46222a93df0f992d4,2,14,True,5.115792,96035
08,WAVE,3b90ec17ea9dde89e995a9a46222a93df0f992d4,2,15,True,5.162,96035
08,WAVE,3b90ec17ea9dde89e995a9a46222a93df0f992d4,2,16,True,4.996,96035
08,WAVE,3b90ec17ea9dde89e995a9a46222a93df0f992d4,2,17,True,5.0625,96035
08,WAVE,3b90ec17ea9dde89e995a9a46222a93df0f992d4,2,18,True,5.075167,96035
08,WAVE,3b90ec17ea9dde89e995a9a46222a93df0f992d4,2,19,True,5.338375,96035
08,WAVE,3b90ec17ea9dde89e995a9a46222a93df0f992d4,2,20,True,5.290125,96035
08,WAVE,3b90ec17ea9dde89e995a9a46222a93df0f992d4,2,21,True,5.228875,96035
08,WAVE,3b90ec17ea9dde89e995a9a46222a93df0f992d4,2,22,True,5.150875,96035
08,WAVE,3b90ec17ea9dde89e995a9a46222a93df0f992d4,2,23,True,5.133333,96035
08,WAVE,3b90ec17ea9dde89e995a9a46222a93df0f992d4,2,24,True,5.110875,96035
08,WAVE,3b90ec17ea9dde89e995a9a46222a93df0f992d4,2,25,True,5.148209,96035
08,WAVE,3b90ec17ea9dde89e995a9a46222a93df0f992d4,2,26,True,5.3795,96035
08,WAVE,3b90ec17ea9dde89e995a9a46222a93df0f992d4,2,27,True,5.435416,96035
08,WAVE,3b90ec17ea9dde89e995a9a46222a93df0f992d4,2,28,True,5.204,96035
08,WAVE,3b90ec17ea9dde89e995a9a46222a93df0f992d4,2,29,True,5.148042,96035
08,WAVE,3b90ec17ea9dde89e995a9a46222a93df0f992d4,2,30,True,5.13425,96035
08,WAVE,3b90ec17ea9dde89e995a9a46222a93df0f992d4,2,31,True,5.032167,96035
08,WAVE,3b90ec17ea9dde89e995a9a46222a93df0f992d4,2,32,True,5.279917,96035
08,WAVE,3b90ec17ea9dde89e995a9a46222a93df0f992d4,2,33,True,5.215292,96035
08,WAVE,3b90ec17ea9dde89e995a9a46222a93df0f992d4,2,34,True,5.149625,96035
08,WAVE,3b90ec17ea9dde89e995a9a46222a93df0f992d4,2,35,True,5.125958,96035
08,WAVE,3b90ec17ea9dde89e995a9a46222a93df0f992d4,2,36,True,5.061375,96035
08,WAVE,3b90ec17ea9dde89e995a9a46222a93df0f992d4,2,37,True,5.058959,96035
08,WAVE,3b90ec17ea9dde89e995a9a46222a93df0f992d4,2,38,True,5.069792,96035
08,WAVE,3b90ec17ea9dde89e995a9a46222a93df0f992d4,2,39,True,5.360791,96035
08,WAVE,3b90ec17ea9dde89e995a9a46222a93df0f992d4,2,40,True,5.104166,96035
08,WAVE,3b90ec17ea9dde89e995a9a46222a93df0f992d4,2,41,True,5.046958,96035
08,WAVE,3b90ec17ea9dde89e995a9a46222a93df0f992d4,2,42,True,5.091041,96035
08,WAVE,3b90ec17ea9dde89e995a9a46222a93df0f992d4,2,43,True,5.1295,96035
08,WAVE,3b90ec17ea9dde89e995a9a46222a93df0f992d4,2,44,True,5.279625,96035
08,WAVE,3b90ec17ea9dde89e995a9a46222a93df0f992d4,2,45,True,5.212041,96035
08,WAVE,3b90ec17ea9dde89e995a9a46222a93df0f992d4,2,46,True,4.815583,96035
08,WAVE,3b90ec17ea9dde89e995a9a46222a93df0f992d4,2,47,True,4.837875,96035
08,WAVE,3b90ec17ea9dde89e995a9a46222a93df0f992d4,2,48,True,4.887584,96035
08,WAVE,3b90ec17ea9dde89e995a9a46222a93df0f992d4,2,49,True,5.207084,96035
08,WAVE,3b90ec17ea9dde89e995a9a46222a93df0f992d4,2,50,True,4.933083,96035
08,WAVE,3b90ec17ea9dde89e995a9a46222a93df0f992d4,2,51,True,4.796917,96035
08,WAVE,3b90ec17ea9dde89e995a9a46222a93df0f992d4,2,52,True,4.841125,96035
08,WAVE,3b90ec17ea9dde89e995a9a46222a93df0f992d4,2,53,True,4.95925,96035
08,WAVE,3b90ec17ea9dde89e995a9a46222a93df0f992d4,2,54,True,5.0705,96035
08,WAVE,3b90ec17ea9dde89e995a9a46222a93df0f992d4,2,55,True,5.271708,96035
08,WAVE,3b90ec17ea9dde89e995a9a46222a93df0f992d4,2,56,True,4.86475,96035
08,WAVE,3b90ec17ea9dde89e995a9a46222a93df0f992d4,2,57,True,4.881542,96035
08,WAVE,3b90ec17ea9dde89e995a9a46222a93df0f992d4,2,58,True,4.993625,96035
08,WAVE,3b90ec17ea9dde89e995a9a46222a93df0f992d4,2,59,True,5.0475,96035
08,WAVE,3b90ec17ea9dde89e995a9a46222a93df0f992d4,2,60,True,5.035375,96035
08,WAVE,3b90ec17ea9dde89e995a9a46222a93df0f992d4,2,61,True,5.451042,96035
08,WAVE,3b90ec17ea9dde89e995a9a46222a93df0f992d4,2,62,True,5.169334,96035
08,WAVE,3b90ec17ea9dde89e995a9a46222a93df0f992d4,2,63,True,5.096375,96035
08,WAVE,3b90ec17ea9dde89e995a9a46222a93df0f992d4,2,64,True,5.011791,96035
08,WAVE,3b90ec17ea9dde89e995a9a46222a93df0f992d4,2,65,True,4.950541,96035
08,WAVE,3b90ec17ea9dde89e995a9a46222a93df0f992d4,2,66,True,5.051084,96035
08,WAVE,3b90ec17ea9dde89e995a9a46222a93df0f992d4,2,67,True,5.054,96035
08,WAVE,3b90ec17ea9dde89e995a9a46222a93df0f992d4,2,68,True,5.027542,96035
08,WAVE,3b90ec17ea9dde89e995a9a46222a93df0f992d4,2,69,True,5.010333,96035
08,WAVE,3b90ec17ea9dde89e995a9a46222a93df0f992d4,2,70,True,5.023875,96035
08,WAVE,3b90ec17ea9dde89e995a9a46222a93df0f992d4,2,71,True,4.988375,96035
08,WAVE,3b90ec17ea9dde89e995a9a46222a93df0f992d4,2,72,True,5.083459,96035
08,WAVE,3b90ec17ea9dde89e995a9a46222a93df0f992d4,2,73,True,5.226,96035
08,WAVE,3b90ec17ea9dde89e995a9a46222a93df0f992d4,2,74,True,5.005542,96035
08,WAVE,3b90ec17ea9dde89e995a9a46222a93df0f992d4,2,75,True,4.98925,96035
08,WAVE,3b90ec17ea9dde89e995a9a46222a93df0f992d4,2,76,True,4.937708,96035
08,WAVE,3b90ec17ea9dde89e995a9a46222a93df0f992d4,2,77,True,4.998667,96035
08,WAVE,3b90ec17ea9dde89e995a9a46222a93df0f992d4,2,78,True,5.138875,96035
08,WAVE,3b90ec17ea9dde89e995a9a46222a93df0f992d4,2,79,True,5.134333,96035
08,WAVE,3b90ec17ea9dde89e995a9a46222a93df0f992d4,2,80,True,4.819042,96035
08,WAVE,3b90ec17ea9dde89e995a9a46222a93df0f992d4,2,81,True,4.919333,96035
08,WAVE,3b90ec17ea9dde89e995a9a46222a93df0f992d4,2,82,True,4.958041,96035
08,WAVE,3b90ec17ea9dde89e995a9a46222a93df0f992d4,2,83,True,5.194875,96035
08,WAVE,3b90ec17ea9dde89e995a9a46222a93df0f992d4,2,84,True,5.077334,96035
08,WAVE,3b90ec17ea9dde89e995a9a46222a93df0f992d4,2,85,True,4.797792,96035
08,WAVE,3b90ec17ea9dde89e995a9a46222a93df0f992d4,2,86,True,4.9145,96035
08,WAVE,3b90ec17ea9dde89e995a9a46222a93df0f992d4,2,87,True,4.887583,96035
08,WAVE,3b90ec17ea9dde89e995a9a46222a93df0f992d4,2,88,True,5.062,96035
08,WAVE,3b90ec17ea9dde89e995a9a46222a93df0f992d4,2,89,True,5.244458,96035
08,WAVE,3b90ec17ea9dde89e995a9a46222a93df0f992d4,2,90,True,4.968375,96035
08,WAVE,3b90ec17ea9dde89e995a9a46222a93df0f992d4,2,91,True,4.789083,96035
08,WAVE,3b90ec17ea9dde89e995a9a46222a93df0f992d4,2,92,True,4.860125,96035
08,WAVE,3b90ec17ea9dde89e995a9a46222a93df0f992d4,2,93,True,4.877,96035
08,WAVE,3b90ec17ea9dde89e995a9a46222a93df0f992d4,2,94,True,4.903625,96035
08,WAVE,3b90ec17ea9dde89e995a9a46222a93df0f992d4,2,95,True,5.199708,96035
08,WAVE,3b90ec17ea9dde89e995a9a46222a93df0f992d4,2,96,True,5.079917,96035
08,WAVE,3b90ec17ea9dde89e995a9a46222a93df0f992d4,2,97,True,5.048208,96035
08,WAVE,3b90ec17ea9dde89e995a9a46222a93df0f992d4,2,98,True,5.034875,96035
08,WAVE,3b90ec17ea9dde89e995a9a46222a93df0f992d4,2,99,True,5.031042,96035
08,WAVE,3b90ec17ea9dde89e995a9a46222a93df0f992d4,2,100,True,5.034625,96035
08,WAVE,3b90ec17ea9dde89e995a9a46222a93df0f992d4,3,1,True,7.199042,143040
08,WAVE,3b90ec17ea9dde89e995a9a46222a93df0f992d4,3,2,True,6.826542,143040
08,WAVE,3b90ec17ea9dde89e995a9a46222a93df0f992d4,3,3,True,6.953,143040
08,WAVE,3b90ec17ea9dde89e995a9a46222a93df0f992d4,3,4,True,6.994166,143040
08,WAVE,3b90ec17ea9dde89e995a9a46222a93df0f992d4,3,5,True,7.125042,143040
08,WAVE,3b90ec17ea9dde89e995a9a46222a93df0f992d4,3,6,True,6.932042,143040
08,WAVE,3b90ec17ea9dde89e995a9a46222a93df0f992d4,3,7,True,6.95775,143040
08,WAVE,3b90ec17ea9dde89e995a9a46222a93df0f992d4,3,8,True,7.020459,143040
08,WAVE,3b90ec17ea9dde89e995a9a46222a93df0f992d4,3,9,True,7.310084,143040
08,WAVE,3b90ec17ea9dde89e995a9a46222a93df0f992d4,3,10,True,7.316125,143040
08,WAVE,3b90ec17ea9dde89e995a9a46222a93df0f992d4,3,11,True,7.146,143040
08,WAVE,3b90ec17ea9dde89e995a9a46222a93df0f992d4,3,12,True,7.102083,143040
08,WAVE,3b90ec17ea9dde89e995a9a46222a93df0f992d4,3,13,True,7.256708,143040
08,WAVE,3b90ec17ea9dde89e995a9a46222a93df0f992d4,3,14,True,6.884584,143040
08,WAVE,3b90ec17ea9dde89e995a9a46222a93df0f992d4,3,15,True,6.897958,143040
08,WAVE,3b90ec17ea9dde89e995a9a46222a93df0f992d4,3,16,True,6.945833,143040
08,WAVE,3b90ec17ea9dde89e995a9a46222a93df0f992d4,3,17,True,7.167959,143040
08,WAVE,3b90ec17ea9dde89e995a9a46222a93df0f992d4,3,18,True,6.908583,143040
08,WAVE,3b90ec17ea9dde89e995a9a46222a93df0f992d4,3,19,True,6.710334,143040
08,WAVE,3b90ec17ea9dde89e995a9a46222a93df0f992d4,3,20,True,6.867042,143040
08,WAVE,3b90ec17ea9dde89e995a9a46222a93df0f992d4,3,21,True,7.024625,143040
08,WAVE,3b90ec17ea9dde89e995a9a46222a93df0f992d4,3,22,True,6.875083,143040
08,WAVE,3b90ec17ea9dde89e995a9a46222a93df0f992d4,3,23,True,6.774333,143040
08,WAVE,3b90ec17ea9dde89e995a9a46222a93df0f992d4,3,24,True,6.894417,143040
08,WAVE,3b90ec17ea9dde89e995a9a46222a93df0f992d4,3,25,True,7.142375,143040
08,WAVE,3b90ec17ea9dde89e995a9a46222a93df0f992d4,3,26,True,7.055541,143040
08,WAVE,3b90ec17ea9dde89e995a9a46222a93df0f992d4,3,27,True,7.019042,143040
08,WAVE,3b90ec17ea9dde89e995a9a46222a93df0f992d4,3,28,True,6.9275,143040
08,WAVE,3b90ec17ea9dde89e995a9a46222a93df0f992d4,3,29,True,6.855166,143040
08,WAVE,3b90ec17ea9dde89e995a9a46222a93df0f992d4,3,30,True,7.173458,143040
08,WAVE,3b90ec17ea9dde89e995a9a46222a93df0f992d4,3,31,True,6.868834,143040
08,WAVE,3b90ec17ea9dde89e995a9a46222a93df0f992d4,3,32,True,6.846542,143040
08,WAVE,3b90ec17ea9dde89e995a9a46222a93df0f992d4,3,33,True,6.938375,143040
08,WAVE,3b90ec17ea9dde89e995a9a46222a93df0f992d4,3,34,True,7.071625,143040
08,WAVE,3b90ec17ea9dde89e995a9a46222a93df0f992d4,3,35,True,6.925875,143040
08,WAVE,3b90ec17ea9dde89e995a9a46222a93df0f992d4,3,36,True,6.790083,143040
08,WAVE,3b90ec17ea9dde89e995a9a46222a93df0f992d4,3,37,True,6.592958,143040
08,WAVE,3b90ec17ea9dde89e995a9a46222a93df0f992d4,3,38,True,6.883292,143040
08,WAVE,3b90ec17ea9dde89e995a9a46222a93df0f992d4,3,39,True,6.978709,143040
08,WAVE,3b90ec17ea9dde89e995a9a46222a93df0f992d4,3,40,True,6.865083,143040
08,WAVE,3b90ec17ea9dde89e995a9a46222a93df0f992d4,3,41,True,6.862041,143040
08,WAVE,3b90ec17ea9dde89e995a9a46222a93df0f992d4,3,42,True,7.230708,143040
08,WAVE,3b90ec17ea9dde89e995a9a46222a93df0f992d4,3,43,True,6.887042,143040
08,WAVE,3b90ec17ea9dde89e995a9a46222a93df0f992d4,3,44,True,6.897666,143040
08,WAVE,3b90ec17ea9dde89e995a9a46222a93df0f992d4,3,45,True,7.001708,143040
08,WAVE,3b90ec17ea9dde89e995a9a46222a93df0f992d4,3,46,True,7.4185,143040
08,WAVE,3b90ec17ea9dde89e995a9a46222a93df0f992d4,3,47,True,7.28825,143040
08,WAVE,3b90ec17ea9dde89e995a9a46222a93df0f992d4,3,48,True,7.129125,143040
08,WAVE,3b90ec17ea9dde89e995a9a46222a93df0f992d4,3,49,True,7.129333,143040
08,WAVE,3b90ec17ea9dde89e995a9a46222a93df0f992d4,3,50,True,6.891833,143040
08,WAVE,3b90ec17ea9dde89e995a9a46222a93df0f992d4,3,51,True,6.833875,143040
08,WAVE,3b90ec17ea9dde89e995a9a46222a93df0f992d4,3,52,True,7.047958,143040
08,WAVE,3b90ec17ea9dde89e995a9a46222a93df0f992d4,3,53,True,7.102583,143040
08,WAVE,3b90ec17ea9dde89e995a9a46222a93df0f992d4,3,54,True,7.405167,143040
08,WAVE,3b90ec17ea9dde89e995a9a46222a93df0f992d4,3,55,True,7.155042,143040
08,WAVE,3b90ec17ea9dde89e995a9a46222a93df0f992d4,3,56,True,7.096875,143040
08,WAVE,3b90ec17ea9dde89e995a9a46222a93df0f992d4,3,57,True,6.710875,143040
08,WAVE,3b90ec17ea9dde89e995a9a46222a93df0f992d4,3,58,True,7.024833,143040
08,WAVE,3b90ec17ea9dde89e995a9a46222a93df0f992d4,3,59,True,7.007666,143040
08,WAVE,3b90ec17ea9dde89e995a9a46222a93df0f992d4,3,60,True,6.929083,143040
08,WAVE,3b90ec17ea9dde89e995a9a46222a93df0f992d4,3,61,True,6.865417,143040
08,WAVE,3b90ec17ea9dde89e995a9a46222a93df0f992d4,3,62,True,7.005833,143040
08,WAVE,3b90ec17ea9dde89e995a9a46222a93df0f992d4,3,63,True,6.909084,143040
08,WAVE,3b90ec17ea9dde89e995a9a46222a93df0f992d4,3,64,True,7.07725,143040
08,WAVE,3b90ec17ea9dde89e995a9a46222a93df0f992d4,3,65,True,6.787792,143040
08,WAVE,3b90ec17ea9dde89e995a9a46222a93df0f992d4,3,66,True,7.129208,143040
08,WAVE,3b90ec17ea9dde89e995a9a46222a93df0f992d4,3,67,True,7.185084,143040
08,WAVE,3b90ec17ea9dde89e995a9a46222a93df0f992d4,3,68,True,7.111792,143040
08,WAVE,3b90ec17ea9dde89e995a9a46222a93df0f992d4,3,69,True,7.094792,143040
08,WAVE,3b90ec17ea9dde89e995a9a46222a93df0f992d4,3,70,True,7.395709,143040
08,WAVE,3b90ec17ea9dde89e995a9a46222a93df0f992d4,3,71,True,7.335917,143040
08,WAVE,3b90ec17ea9dde89e995a9a46222a93df0f992d4,3,72,True,6.820583,143040
08,WAVE,3b90ec17ea9dde89e995a9a46222a93df0f992d4,3,73,True,6.781833,143040
08,WAVE,3b90ec17ea9dde89e995a9a46222a93df0f992d4,3,74,True,6.874833,143040
08,WAVE,3b90ec17ea9dde89e995a9a46222a93df0f992d4,3,75,True,6.936916,143040
08,WAVE,3b90ec17ea9dde89e995a9a46222a93df0f992d4,3,76,True,6.881416,143040
08,WAVE,3b90ec17ea9dde89e995a9a46222a93df0f992d4,3,77,True,7.119375,143040
08,WAVE,3b90ec17ea9dde89e995a9a46222a93df0f992d4,3,78,True,7.315833,143040
08,WAVE,3b90ec17ea9dde89e995a9a46222a93df0f992d4,3,79,True,6.824584,143040
08,WAVE,3b90ec17ea9dde89e995a9a46222a93df0f992d4,3,80,True,6.8455,143040
08,WAVE,3b90ec17ea9dde89e995a9a46222a93df0f992d4,3,81,True,6.942209,143040
08,WAVE,3b90ec17ea9dde89e995a9a46222a93df0f992d4,3,82,True,7.189583,143040
08,WAVE,3b90ec17ea9dde89e995a9a46222a93df0f992d4,3,83,True,6.667291,143040
08,WAVE,3b90ec17ea9dde89e995a9a46222a93df0f992d4,3,84,True,6.721833,143040
08,WAVE,3b90ec17ea9dde89e995a9a46222a93df0f992d4,3,85,True,6.588917,143040
08,WAVE,3b90ec17ea9dde89e995a9a46222a93df0f992d4,3,86,True,7.124542,143040
08,WAVE,3b90ec17ea9dde89e995a9a46222a93df0f992d4,3,87,True,6.89275,143040
08,WAVE,3b90ec17ea9dde89e995a9a46222a93df0f992d4,3,88,True,6.966792,143040
08,WAVE,3b90ec17ea9dde89e995a9a46222a93df0f992d4,3,89,True,6.926,143040
08,WAVE,3b90ec17ea9dde89e995a9a46222a93df0f992d4,3,90,True,7.125792,143040
08,WAVE,3b90ec17ea9dde89e995a9a46222a93df0f992d4,3,91,True,6.692084,143040
08,WAVE,3b90ec17ea9dde89e995a9a46222a93df0f992d4,3,92,True,6.76625,143040
08,WAVE,3b90ec17ea9dde89e995a9a46222a93df0f992d4,3,93,True,6.811875,143040
08,WAVE,3b90ec17ea9dde89e995a9a46222a93df0f992d4,3,94,True,7.122167,143040
08,WAVE,3b90ec17ea9dde89e995a9a46222a93df0f992d4,3,95,True,7.126917,143040
08,WAVE,3b90ec17ea9dde89e995a9a46222a93df0f992d4,3,96,True,6.995208,143040
08,WAVE,3b90ec17ea9dde89e995a9a46222a93df0f992d4,3,97,True,6.927292,143040
08,WAVE,3b90ec17ea9dde89e995a9a46222a93df0f992d4,3,98,True,7.064375,143040
08,WAVE,3b90ec17ea9dde89e995a9a46222a93df0f992d4,3,99,True,6.88875,143040
08,WAVE,3b90ec17ea9dde89e995a9a46222a93df0f992d4,3,100,True,6.81025,143040
08,WAVE,3b90ec17ea9dde89e995a9a46222a93df0f992d4,5,1,True,11.089334,237050
08,WAVE,3b90ec17ea9dde89e995a9a46222a93df0f992d4,5,2,True,10.676459,237050
08,WAVE,3b90ec17ea9dde89e995a9a46222a93df0f992d4,5,3,True,10.832333,237050
08,WAVE,3b90ec17ea9dde89e995a9a46222a93df0f992d4,5,4,True,11.04875,237050
08,WAVE,3b90ec17ea9dde89e995a9a46222a93df0f992d4,5,5,True,10.797,237050
08,WAVE,3b90ec17ea9dde89e995a9a46222a93df0f992d4,5,6,True,10.779167,237050
08,WAVE,3b90ec17ea9dde89e995a9a46222a93df0f992d4,5,7,True,10.704709,237050
08,WAVE,3b90ec17ea9dde89e995a9a46222a93df0f992d4,5,8,True,10.537,237050
08,WAVE,3b90ec17ea9dde89e995a9a46222a93df0f992d4,5,9,True,10.6575,237050
08,WAVE,3b90ec17ea9dde89e995a9a46222a93df0f992d4,5,10,True,11.022625,237050
08,WAVE,3b90ec17ea9dde89e995a9a46222a93df0f992d4,5,11,True,10.788875,237050
08,WAVE,3b90ec17ea9dde89e995a9a46222a93df0f992d4,5,12,True,10.757,237050
08,WAVE,3b90ec17ea9dde89e995a9a46222a93df0f992d4,5,13,True,11.340209,237050
08,WAVE,3b90ec17ea9dde89e995a9a46222a93df0f992d4,5,14,True,10.866542,237050
08,WAVE,3b90ec17ea9dde89e995a9a46222a93df0f992d4,5,15,True,10.60975,237050
08,WAVE,3b90ec17ea9dde89e995a9a46222a93df0f992d4,5,16,True,11.274416,237050
08,WAVE,3b90ec17ea9dde89e995a9a46222a93df0f992d4,5,17,True,10.845291,237050
08,WAVE,3b90ec17ea9dde89e995a9a46222a93df0f992d4,5,18,True,10.824708,237050
08,WAVE,3b90ec17ea9dde89e995a9a46222a93df0f992d4,5,19,True,10.814334,237050
08,WAVE,3b90ec17ea9dde89e995a9a46222a93df0f992d4,5,20,True,10.694292,237050
08,WAVE,3b90ec17ea9dde89e995a9a46222a93df0f992d4,5,21,True,11.04325,237050
08,WAVE,3b90ec17ea9dde89e995a9a46222a93df0f992d4,5,22,True,10.581583,237050
08,WAVE,3b90ec17ea9dde89e995a9a46222a93df0f992d4,5,23,True,10.4855,237050
08,WAVE,3b90ec17ea9dde89e995a9a46222a93df0f992d4,5,24,True,10.864875,237050
08,WAVE,3b90ec17ea9dde89e995a9a46222a93df0f992d4,5,25,True,11.020792,237050
08,WAVE,3b90ec17ea9dde89e995a9a46222a93df0f992d4,5,26,True,10.58925,237050
08,WAVE,3b90ec17ea9dde89e995a9a46222a93df0f992d4,5,27,True,11.046458,237050
08,WAVE,3b90ec17ea9dde89e995a9a46222a93df0f992d4,5,28,True,10.730916,237050
08,WAVE,3b90ec17ea9dde89e995a9a46222a93df0f992d4,5,29,True,10.850167,237050
08,WAVE,3b90ec17ea9dde89e995a9a46222a93df0f992d4,5,30,True,11.270667,237050
08,WAVE,3b90ec17ea9dde89e995a9a46222a93df0f992d4,5,31,True,10.979,237050
08,WAVE,3b90ec17ea9dde89e995a9a46222a93df0f992d4,5,32,True,10.75425,237050
08,WAVE,3b90ec17ea9dde89e995a9a46222a93df0f992d4,5,33,True,11.313958,237050
08,WAVE,3b90ec17ea9dde89e995a9a46222a93df0f992d4,5,34,True,10.881042,237050
08,WAVE,3b90ec17ea9dde89e995a9a46222a93df0f992d4,5,35,True,10.618375,237050
08,WAVE,3b90ec17ea9dde89e995a9a46222a93df0f992d4,5,36,True,10.946792,237050
08,WAVE,3b90ec17ea9dde89e995a9a46222a93df0f992d4,5,37,True,10.833417,237050
08,WAVE,3b90ec17ea9dde89e995a9a46222a93df0f992d4,5,38,True,11.260584,237050
08,WAVE,3b90ec17ea9dde89e995a9a46222a93df0f992d4,5,39,True,10.619042,237050
08,WAVE,3b90ec17ea9dde89e995a9a46222a93df0f992d4,5,40,True,10.722167,237050
08,WAVE,3b90ec17ea9dde89e995a9a46222a93df0f992d4,5,41,True,10.796042,237050
08,WAVE,3b90ec17ea9dde89e995a9a46222a93df0f992d4,5,42,True,10.647666,237050
08,WAVE,3b90ec17ea9dde89e995a9a46222a93df0f992d4,5,43,True,10.787083,237050
08,WAVE,3b90ec17ea9dde89e995a9a46222a93df0f992d4,5,44,True,11.224625,237050
08,WAVE,3b90ec17ea9dde89e995a9a46222a93df0f992d4,5,45,True,10.89125,237050
08,WAVE,3b90ec17ea9dde89e995a9a46222a93df0f992d4,5,46,True,10.884375,237050
08,WAVE,3b90ec17ea9dde89e995a9a46222a93df0f992d4,5,47,True,11.046041,237050
08,WAVE,3b90ec17ea9dde89e995a9a46222a93df0f992d4,5,48,True,10.739958,237050
08,WAVE,3b90ec17ea9dde89e995a9a46222a93df0f992d4,5,49,True,10.554667,237050
08,WAVE,3b90ec17ea9dde89e995a9a46222a93df0f992d4,5,50,True,10.9305,237050
08,WAVE,3b90ec17ea9dde89e995a9a46222a93df0f992d4,5,51,True,10.954208,237050
08,WAVE,3b90ec17ea9dde89e995a9a46222a93df0f992d4,5,52,True,10.373334,237050
08,WAVE,3b90ec17ea9dde89e995a9a46222a93df0f992d4,5,53,True,10.90325,237050
08,WAVE,3b90ec17ea9dde89e995a9a46222a93df0f992d4,5,54,True,10.731208,237050
08,WAVE,3b90ec17ea9dde89e995a9a46222a93df0f992d4,5,55,True,10.813833,237050
08,WAVE,3b90ec17ea9dde89e995a9a46222a93df0f992d4,5,56,True,10.945083,237050
08,WAVE,3b90ec17ea9dde89e995a9a46222a93df0f992d4,5,57,True,10.567625,237050
08,WAVE,3b90ec17ea9dde89e995a9a46222a93df0f992d4,5,58,True,10.48775,237050
08,WAVE,3b90ec17ea9dde89e995a9a46222a93df0f992d4,5,59,True,10.672333,237050
08,WAVE,3b90ec17ea9dde89e995a9a46222a93df0f992d4,5,60,True,10.423958,237050
08,WAVE,3b90ec17ea9dde89e995a9a46222a93df0f992d4,5,61,True,10.525041,237050
08,WAVE,3b90ec17ea9dde89e995a9a46222a93df0f992d4,5,62,True,11.118167,237050
08,WAVE,3b90ec17ea9dde89e995a9a46222a93df0f992d4,5,63,True,10.85575,237050
08,WAVE,3b90ec17ea9dde89e995a9a46222a93df0f992d4,5,64,True,10.824208,237050
08,WAVE,3b90ec17ea9dde89e995a9a46222a93df0f992d4,5,65,True,10.784708,237050
08,WAVE,3b90ec17ea9dde89e995a9a46222a93df0f992d4,5,66,True,10.611958,237050
08,WAVE,3b90ec17ea9dde89e995a9a46222a93df0f992d4,5,67,True,10.506625,237050
08,WAVE,3b90ec17ea9dde89e995a9a46222a93df0f992d4,5,68,True,11.198125,237050
08,WAVE,3b90ec17ea9dde89e995a9a46222a93df0f992d4,5,69,True,10.555791,237050
08,WAVE,3b90ec17ea9dde89e995a9a46222a93df0f992d4,5,70,True,10.69925,237050
08,WAVE,3b90ec17ea9dde89e995a9a46222a93df0f992d4,5,71,True,11.078042,237050
08,WAVE,3b90ec17ea9dde89e995a9a46222a93df0f992d4,5,72,True,11.062417,237050
08,WAVE,3b90ec17ea9dde89e995a9a46222a93df0f992d4,5,73,True,10.927875,237050
08,WAVE,3b90ec17ea9dde89e995a9a46222a93df0f992d4,5,74,True,10.79125,237050
08,WAVE,3b90ec17ea9dde89e995a9a46222a93df0f992d4,5,75,True,10.477916,237050
08,WAVE,3b90ec17ea9dde89e995a9a46222a93df0f992d4,5,76,True,10.499417,237050
08,WAVE,3b90ec17ea9dde89e995a9a46222a93df0f992d4,5,77,True,10.645459,237050
08,WAVE,3b90ec17ea9dde89e995a9a46222a93df0f992d4,5,78,True,10.752916,237050
08,WAVE,3b90ec17ea9dde89e995a9a46222a93df0f992d4,5,79,True,10.450667,237050
08,WAVE,3b90ec17ea9dde89e995a9a46222a93df0f992d4,5,80,True,10.712875,237050
08,WAVE,3b90ec17ea9dde89e995a9a46222a93df0f992d4,5,81,True,10.5115,237050
08,WAVE,3b90ec17ea9dde89e995a9a46222a93df0f992d4,5,82,True,10.577,237050
08,WAVE,3b90ec17ea9dde89e995a9a46222a93df0f992d4,5,83,True,11.013125,237050
08,WAVE,3b90ec17ea9dde89e995a9a46222a93df0f992d4,5,84,True,10.812958,237050
08,WAVE,3b90ec17ea9dde89e995a9a46222a93df0f992d4,5,85,True,10.783,237050
08,WAVE,3b90ec17ea9dde89e995a9a46222a93df0f992d4,5,86,True,11.05975,237050
08,WAVE,3b90ec17ea9dde89e995a9a46222a93df0f992d4,5,87,True,10.74325,237050
08,WAVE,3b90ec17ea9dde89e995a9a46222a93df0f992d4,5,88,True,10.723208,237050
08,WAVE,3b90ec17ea9dde89e995a9a46222a93df0f992d4,5,89,True,11.160958,237050
08,WAVE,3b90ec17ea9dde89e995a9a46222a93df0f992d4,5,90,True,10.500042,237050
08,WAVE,3b90ec17ea9dde89e995a9a46222a93df0f992d4,5,91,True,10.649166,237050
08,WAVE,3b90ec17ea9dde89e995a9a46222a93df0f992d4,5,92,True,11.054291,237050
08,WAVE,3b90ec17ea9dde89e995a9a46222a93df0f992d4,5,93,True,10.948584,237050
08,WAVE,3b90ec17ea9dde89e995a9a46222a93df0f992d4,5,94,True,10.8505,237050
08,WAVE,3b90ec17ea9dde89e995a9a46222a93df0f992d4,5,95,True,10.968625,237050
08,WAVE,3b90ec17ea9dde89e995a9a46222a93df0f992d4,5,96,True,10.698834,237050
08,WAVE,3b90ec17ea9dde89e995a9a46222a93df0f992d4,5,97,True,10.768917,237050
08,WAVE,3b90ec17ea9dde89e995a9a46222a93df0f992d4,5,98,True,10.87825,237050
08,WAVE,3b90ec17ea9dde89e995a9a46222a93df0f992d4,5,99,True,10.510041,237050
08,WAVE,3b90ec17ea9dde89e995a9a46222a93df0f992d4,5,100,True,10.70725,237050
08,WAVE,3b90ec17ea9dde89e995a9a46222a93df0f992d4,10,1,True,20.507666,472075
08,WAVE,3b90ec17ea9dde89e995a9a46222a93df0f992d4,10,2,True,20.488291,472075
08,WAVE,3b90ec17ea9dde89e995a9a46222a93df0f992d4,10,3,True,20.621542,472075
08,WAVE,3b90ec17ea9dde89e995a9a46222a93df0f992d4,10,4,True,20.372417,472075
08,WAVE,3b90ec17ea9dde89e995a9a46222a93df0f992d4,10,5,True,20.364458,472075
08,WAVE,3b90ec17ea9dde89e995a9a46222a93df0f992d4,10,6,True,20.812625,472075
08,WAVE,3b90ec17ea9dde89e995a9a46222a93df0f992d4,10,7,True,20.548458,472075
08,WAVE,3b90ec17ea9dde89e995a9a46222a93df0f992d4,10,8,True,21.108375,472075
08,WAVE,3b90ec17ea9dde89e995a9a46222a93df0f992d4,10,9,True,21.037458,472075
08,WAVE,3b90ec17ea9dde89e995a9a46222a93df0f992d4,10,10,True,23.035125,472075
08,WAVE,3b90ec17ea9dde89e995a9a46222a93df0f992d4,10,11,True,20.119125,472075
08,WAVE,3b90ec17ea9dde89e995a9a46222a93df0f992d4,10,12,True,19.977084,472075
08,WAVE,3b90ec17ea9dde89e995a9a46222a93df0f992d4,10,13,True,20.515375,472075
08,WAVE,3b90ec17ea9dde89e995a9a46222a93df0f992d4,10,14,True,20.158625,472075
08,WAVE,3b90ec17ea9dde89e995a9a46222a93df0f992d4,10,15,True,20.579334,472075
08,WAVE,3b90ec17ea9dde89e995a9a46222a93df0f992d4,10,16,True,20.222583,472075
08,WAVE,3b90ec17ea9dde89e995a9a46222a93df0f992d4,10,17,True,20.493167,472075
08,WAVE,3b90ec17ea9dde89e995a9a46222a93df0f992d4,10,18,True,20.111125,472075
08,WAVE,3b90ec17ea9dde89e995a9a46222a93df0f992d4,10,19,True,20.514,472075
08,WAVE,3b90ec17ea9dde89e995a9a46222a93df0f992d4,10,20,True,20.469167,472075
08,WAVE,3b90ec17ea9dde89e995a9a46222a93df0f992d4,10,21,True,21.514,472075
08,WAVE,3b90ec17ea9dde89e995a9a46222a93df0f992d4,10,22,True,21.74425,472075
08,WAVE,3b90ec17ea9dde89e995a9a46222a93df0f992d4,10,23,True,21.407042,472075
08,WAVE,3b90ec17ea9dde89e995a9a46222a93df0f992d4,10,24,True,20.479333,472075
08,WAVE,3b90ec17ea9dde89e995a9a46222a93df0f992d4,10,25,True,20.119333,472075
08,WAVE,3b90ec17ea9dde89e995a9a46222a93df0f992d4,10,26,True,20.520167,472075
08,WAVE,3b90ec17ea9dde89e995a9a46222a93df0f992d4,10,27,True,20.09575,472075
08,WAVE,3b90ec17ea9dde89e995a9a46222a93df0f992d4,10,28,True,20.616791,472075
08,WAVE,3b90ec17ea9dde89e995a9a46222a93df0f992d4,10,29,True,20.207167,472075
08,WAVE,3b90ec17ea9dde89e995a9a46222a93df0f992d4,10,30,True,20.311833,472075
08,WAVE,3b90ec17ea9dde89e995a9a46222a93df0f992d4,10,31,True,20.32975,472075
08,WAVE,3b90ec17ea9dde89e995a9a46222a93df0f992d4,10,32,True,20.387584,472075
08,WAVE,3b90ec17ea9dde89e995a9a46222a93df0f992d4,10,33,True,20.767625,472075
08,WAVE,3b90ec17ea9dde89e995a9a46222a93df0f992d4,10,34,True,20.647292,472075
08,WAVE,3b90ec17ea9dde89e995a9a46222a93df0f992d4,10,35,True,20.289583,472075
08,WAVE,3b90ec17ea9dde89e995a9a46222a93df0f992d4,10,36,True,20.813916,472075
08,WAVE,3b90ec17ea9dde89e995a9a46222a93df0f992d4,10,37,True,20.955708,472075
08,WAVE,3b90ec17ea9dde89e995a9a46222a93df0f992d4,10,38,True,21.027958,472075
08,WAVE,3b90ec17ea9dde89e995a9a46222a93df0f992d4,10,39,True,20.130959,472075
08,WAVE,3b90ec17ea9dde89e995a9a46222a93df0f992d4,10,40,True,20.157917,472075
08,WAVE,3b90ec17ea9dde89e995a9a46222a93df0f992d4,10,41,True,20.621625,472075
08,WAVE,3b90ec17ea9dde89e995a9a46222a93df0f992d4,10,42,True,20.3245,472075
08,WAVE,3b90ec17ea9dde89e995a9a46222a93df0f992d4,10,43,True,20.488792,472075
08,WAVE,3b90ec17ea9dde89e995a9a46222a93df0f992d4,10,44,True,19.768167,472075
08,WAVE,3b90ec17ea9dde89e995a9a46222a93df0f992d4,10,45,True,20.6125,472075
08,WAVE,3b90ec17ea9dde89e995a9a46222a93df0f992d4,10,46,True,20.628125,472075
08,WAVE,3b90ec17ea9dde89e995a9a46222a93df0f992d4,10,47,True,20.607001,472075
08,WAVE,3b90ec17ea9dde89e995a9a46222a93df0f992d4,10,48,True,22.459125,472075
08,WAVE,3b90ec17ea9dde89e995a9a46222a93df0f992d4,10,49,True,25.743375,472075
08,WAVE,3b90ec17ea9dde89e995a9a46222a93df0f992d4,10,50,True,28.22425,472075
08,WAVE,3b90ec17ea9dde89e995a9a46222a93df0f992d4,10,51,True,23.191833,472075
08,WAVE,3b90ec17ea9dde89e995a9a46222a93df0f992d4,10,52,True,22.85175,472075
08,WAVE,3b90ec17ea9dde89e995a9a46222a93df0f992d4,10,53,True,23.126333,472075
08,WAVE,3b90ec17ea9dde89e995a9a46222a93df0f992d4,10,54,True,23.315667,472075
08,WAVE,3b90ec17ea9dde89e995a9a46222a93df0f992d4,10,55,True,22.529209,472075
08,WAVE,3b90ec17ea9dde89e995a9a46222a93df0f992d4,10,56,True,21.439667,472075
08,WAVE,3b90ec17ea9dde89e995a9a46222a93df0f992d4,10,57,True,21.226417,472075
08,WAVE,3b90ec17ea9dde89e995a9a46222a93df0f992d4,10,58,True,21.245792,472075
08,WAVE,3b90ec17ea9dde89e995a9a46222a93df0f992d4,10,59,True,20.950416,472075
08,WAVE,3b90ec17ea9dde89e995a9a46222a93df0f992d4,10,60,True,20.747666,472075
08,WAVE,3b90ec17ea9dde89e995a9a46222a93df0f992d4,10,61,True,20.980792,472075
08,WAVE,3b90ec17ea9dde89e995a9a46222a93df0f992d4,10,62,True,20.637292,472075
08,WAVE,3b90ec17ea9dde89e995a9a46222a93df0f992d4,10,63,True,20.442208,472075
08,WAVE,3b90ec17ea9dde89e995a9a46222a93df0f992d4,10,64,True,20.50025,472075
08,WAVE,3b90ec17ea9dde89e995a9a46222a93df0f992d4,10,65,True,20.654416,472075
08,WAVE,3b90ec17ea9dde89e995a9a46222a93df0f992d4,10,66,True,20.962333,472075
08,WAVE,3b90ec17ea9dde89e995a9a46222a93df0f992d4,10,67,True,20.466917,472075
08,WAVE,3b90ec17ea9dde89e995a9a46222a93df0f992d4,10,68,True,20.88925,472075
08,WAVE,3b90ec17ea9dde89e995a9a46222a93df0f992d4,10,69,True,20.77525,472075
08,WAVE,3b90ec17ea9dde89e995a9a46222a93df0f992d4,10,70,True,20.777584,472075
08,WAVE,3b90ec17ea9dde89e995a9a46222a93df0f992d4,10,71,True,20.443083,472075
08,WAVE,3b90ec17ea9dde89e995a9a46222a93df0f992d4,10,72,True,20.681917,472075
08,WAVE,3b90ec17ea9dde89e995a9a46222a93df0f992d4,10,73,True,20.255167,472075
08,WAVE,3b90ec17ea9dde89e995a9a46222a93df0f992d4,10,74,True,20.57625,472075
08,WAVE,3b90ec17ea9dde89e995a9a46222a93df0f992d4,10,75,True,20.081625,472075
08,WAVE,3b90ec17ea9dde89e995a9a46222a93df0f992d4,10,76,True,20.545125,472075
08,WAVE,3b90ec17ea9dde89e995a9a46222a93df0f992d4,10,77,True,20.005334,472075
08,WAVE,3b90ec17ea9dde89e995a9a46222a93df0f992d4,10,78,True,20.397125,472075
08,WAVE,3b90ec17ea9dde89e995a9a46222a93df0f992d4,10,79,True,19.809667,472075
08,WAVE,3b90ec17ea9dde89e995a9a46222a93df0f992d4,10,80,True,20.737291,472075
08,WAVE,3b90ec17ea9dde89e995a9a46222a93df0f992d4,10,81,True,20.809333,472075
08,WAVE,3b90ec17ea9dde89e995a9a46222a93df0f992d4,10,82,True,20.819083,472075
08,WAVE,3b90ec17ea9dde89e995a9a46222a93df0f992d4,10,83,True,20.512625,472075
08,WAVE,3b90ec17ea9dde89e995a9a46222a93df0f992d4,10,84,True,20.868375,472075
08,WAVE,3b90ec17ea9dde89e995a9a46222a93df0f992d4,10,85,True,20.816208,472075
08,WAVE,3b90ec17ea9dde89e995a9a46222a93df0f992d4,10,86,True,20.435334,472075
08,WAVE,3b90ec17ea9dde89e995a9a46222a93df0f992d4,10,87,True,20.122333,472075
08,WAVE,3b90ec17ea9dde89e995a9a46222a93df0f992d4,10,88,True,20.356125,472075
08,WAVE,3b90ec17ea9dde89e995a9a46222a93df0f992d4,10,89,True,20.229625,472075
08,WAVE,3b90ec17ea9dde89e995a9a46222a93df0f992d4,10,90,True,20.331542,472075
08,WAVE,3b90ec17ea9dde89e995a9a46222a93df0f992d4,10,91,True,19.973667,472075
08,WAVE,3b90ec17ea9dde89e995a9a46222a93df0f992d4,10,92,True,20.618959,472075
08,WAVE,3b90ec17ea9dde89e995a9a46222a93df0f992d4,10,93,True,20.985708,472075
08,WAVE,3b90ec17ea9dde89e995a9a46222a93df0f992d4,10,94,True,20.7305,472075
08,WAVE,3b90ec17ea9dde89e995a9a46222a93df0f992d4,10,95,True,20.334542,472075
08,WAVE,3b90ec17ea9dde89e995a9a46222a93df0f992d4,10,96,True,20.674,472075
08,WAVE,3b90ec17ea9dde89e995a9a46222a93df0f992d4,10,97,True,20.073958,472075
08,WAVE,3b90ec17ea9dde89e995a9a46222a93df0f992d4,10,98,True,20.11175,472075
08,WAVE,3b90ec17ea9dde89e995a9a46222a93df0f992d4,10,99,True,19.93975,472075
08,WAVE,3b90ec17ea9dde89e995a9a46222a93df0f992d4,10,100,True,20.26325,472075
09,WAVE,3b90ec17ea9dde89e995a9a46222a93df0f992d4,1,1,True,3.627917,49026
09,WAVE,3b90ec17ea9dde89e995a9a46222a93df0f992d4,1,2,True,3.522417,49026
09,WAVE,3b90ec17ea9dde89e995a9a46222a93df0f992d4,1,3,True,3.404041,49026
09,WAVE,3b90ec17ea9dde89e995a9a46222a93df0f992d4,1,4,True,3.353458,49026
09,WAVE,3b90ec17ea9dde89e995a9a46222a93df0f992d4,1,5,True,3.314792,49026
09,WAVE,3b90ec17ea9dde89e995a9a46222a93df0f992d4,1,6,True,3.480875,49026
09,WAVE,3b90ec17ea9dde89e995a9a46222a93df0f992d4,1,7,True,3.605458,49026
09,WAVE,3b90ec17ea9dde89e995a9a46222a93df0f992d4,1,8,True,3.132625,49026
09,WAVE,3b90ec17ea9dde89e995a9a46222a93df0f992d4,1,9,True,3.102875,49026
09,WAVE,3b90ec17ea9dde89e995a9a46222a93df0f992d4,1,10,True,3.07825,49026
09,WAVE,3b90ec17ea9dde89e995a9a46222a93df0f992d4,1,11,True,3.10075,49026
09,WAVE,3b90ec17ea9dde89e995a9a46222a93df0f992d4,1,12,True,3.167,49026
09,WAVE,3b90ec17ea9dde89e995a9a46222a93df0f992d4,1,13,True,3.059125,49026
09,WAVE,3b90ec17ea9dde89e995a9a46222a93df0f992d4,1,14,True,3.023,49026
09,WAVE,3b90ec17ea9dde89e995a9a46222a93df0f992d4,1,15,True,3.212583,49026
09,WAVE,3b90ec17ea9dde89e995a9a46222a93df0f992d4,1,16,True,3.167167,49026
09,WAVE,3b90ec17ea9dde89e995a9a46222a93df0f992d4,1,17,True,3.113334,49026
09,WAVE,3b90ec17ea9dde89e995a9a46222a93df0f992d4,1,18,True,3.130584,49026
09,WAVE,3b90ec17ea9dde89e995a9a46222a93df0f992d4,1,19,True,3.1885,49026
09,WAVE,3b90ec17ea9dde89e995a9a46222a93df0f992d4,1,20,True,3.136666,49026
09,WAVE,3b90ec17ea9dde89e995a9a46222a93df0f992d4,1,21,True,3.154958,49026
09,WAVE,3b90ec17ea9dde89e995a9a46222a93df0f992d4,1,22,True,2.975625,49026
09,WAVE,3b90ec17ea9dde89e995a9a46222a93df0f992d4,1,23,True,3.0615,49026
09,WAVE,3b90ec17ea9dde89e995a9a46222a93df0f992d4,1,24,True,3.148083,49026
09,WAVE,3b90ec17ea9dde89e995a9a46222a93df0f992d4,1,25,True,3.156291,49026
09,WAVE,3b90ec17ea9dde89e995a9a46222a93df0f992d4,1,26,True,3.243291,49026
09,WAVE,3b90ec17ea9dde89e995a9a46222a93df0f992d4,1,27,True,3.138166,49026
09,WAVE,3b90ec17ea9dde89e995a9a46222a93df0f992d4,1,28,True,3.111917,49026
09,WAVE,3b90ec17ea9dde89e995a9a46222a93df0f992d4,1,29,True,3.142167,49026
09,WAVE,3b90ec17ea9dde89e995a9a46222a93df0f992d4,1,30,True,3.150959,49026
09,WAVE,3b90ec17ea9dde89e995a9a46222a93df0f992d4,1,31,True,3.146667,49026
09,WAVE,3b90ec17ea9dde89e995a9a46222a93df0f992d4,1,32,True,3.0905,49026
09,WAVE,3b90ec17ea9dde89e995a9a46222a93df0f992d4,1,33,True,3.017167,49026
09,WAVE,3b90ec17ea9dde89e995a9a46222a93df0f992d4,1,34,True,3.134916,49026
09,WAVE,3b90ec17ea9dde89e995a9a46222a93df0f992d4,1,35,True,3.337833,49026
09,WAVE,3b90ec17ea9dde89e995a9a46222a93df0f992d4,1,36,True,3.281292,49026
09,WAVE,3b90ec17ea9dde89e995a9a46222a93df0f992d4,1,37,True,3.269375,49026
09,WAVE,3b90ec17ea9dde89e995a9a46222a93df0f992d4,1,38,True,3.198416,49026
09,WAVE,3b90ec17ea9dde89e995a9a46222a93df0f992d4,1,39,True,3.17225,49026
09,WAVE,3b90ec17ea9dde89e995a9a46222a93df0f992d4,1,40,True,3.145042,49026
09,WAVE,3b90ec17ea9dde89e995a9a46222a93df0f992d4,1,41,True,3.1735,49026
09,WAVE,3b90ec17ea9dde89e995a9a46222a93df0f992d4,1,42,True,3.158792,49026
09,WAVE,3b90ec17ea9dde89e995a9a46222a93df0f992d4,1,43,True,3.131334,49026
09,WAVE,3b90ec17ea9dde89e995a9a46222a93df0f992d4,1,44,True,3.143708,49026
09,WAVE,3b90ec17ea9dde89e995a9a46222a93df0f992d4,1,45,True,3.193375,49026
09,WAVE,3b90ec17ea9dde89e995a9a46222a93df0f992d4,1,46,True,3.1325,49026
09,WAVE,3b90ec17ea9dde89e995a9a46222a93df0f992d4,1,47,True,3.315833,49026
09,WAVE,3b90ec17ea9dde89e995a9a46222a93df0f992d4,1,48,True,3.363167,49026
09,WAVE,3b90ec17ea9dde89e995a9a46222a93df0f992d4,1,49,True,3.321417,49026
09,WAVE,3b90ec17ea9dde89e995a9a46222a93df0f992d4,1,50,True,3.257041,49026
09,WAVE,3b90ec17ea9dde89e995a9a46222a93df0f992d4,1,51,True,3.141541,49026
09,WAVE,3b90ec17ea9dde89e995a9a46222a93df0f992d4,1,52,True,2.949375,49026
09,WAVE,3b90ec17ea9dde89e995a9a46222a93df0f992d4,1,53,True,2.982875,49026
09,WAVE,3b90ec17ea9dde89e995a9a46222a93df0f992d4,1,54,True,3.061459,49026
09,WAVE,3b90ec17ea9dde89e995a9a46222a93df0f992d4,1,55,True,3.061167,49026
09,WAVE,3b90ec17ea9dde89e995a9a46222a93df0f992d4,1,56,True,3.036208,49026
09,WAVE,3b90ec17ea9dde89e995a9a46222a93df0f992d4,1,57,True,2.97625,49026
09,WAVE,3b90ec17ea9dde89e995a9a46222a93df0f992d4,1,58,True,3.001041,49026
09,WAVE,3b90ec17ea9dde89e995a9a46222a93df0f992d4,1,59,True,3.145292,49026
09,WAVE,3b90ec17ea9dde89e995a9a46222a93df0f992d4,1,60,True,3.253208,49026
09,WAVE,3b90ec17ea9dde89e995a9a46222a93df0f992d4,1,61,True,3.201292,49026
09,WAVE,3b90ec17ea9dde89e995a9a46222a93df0f992d4,1,62,True,3.131542,49026
09,WAVE,3b90ec17ea9dde89e995a9a46222a93df0f992d4,1,63,True,3.031916,49026
09,WAVE,3b90ec17ea9dde89e995a9a46222a93df0f992d4,1,64,True,3.037917,49026
09,WAVE,3b90ec17ea9dde89e995a9a46222a93df0f992d4,1,65,True,3.086792,49026
09,WAVE,3b90ec17ea9dde89e995a9a46222a93df0f992d4,1,66,True,3.119167,49026
09,WAVE,3b90ec17ea9dde89e995a9a46222a93df0f992d4,1,67,True,3.103792,49026
09,WAVE,3b90ec17ea9dde89e995a9a46222a93df0f992d4,1,68,True,3.177583,49026
09,WAVE,3b90ec17ea9dde89e995a9a46222a93df0f992d4,1,69,True,3.169417,49026
09,WAVE,3b90ec17ea9dde89e995a9a46222a93df0f992d4,1,70,True,3.15125,49026
09,WAVE,3b90ec17ea9dde89e995a9a46222a93df0f992d4,1,71,True,3.342208,49026
09,WAVE,3b90ec17ea9dde89e995a9a46222a93df0f992d4,1,72,True,2.995375,49026
09,WAVE,3b90ec17ea9dde89e995a9a46222a93df0f992d4,1,73,True,3.009625,49026
09,WAVE,3b90ec17ea9dde89e995a9a46222a93df0f992d4,1,74,True,3.058167,49026
09,WAVE,3b90ec17ea9dde89e995a9a46222a93df0f992d4,1,75,True,3.007541,49026
09,WAVE,3b90ec17ea9dde89e995a9a46222a93df0f992d4,1,76,True,2.995666,49026
09,WAVE,3b90ec17ea9dde89e995a9a46222a93df0f992d4,1,77,True,3.027917,49026
09,WAVE,3b90ec17ea9dde89e995a9a46222a93df0f992d4,1,78,True,3.017917,49026
09,WAVE,3b90ec17ea9dde89e995a9a46222a93df0f992d4,1,79,True,3.211875,49026
09,WAVE,3b90ec17ea9dde89e995a9a46222a93df0f992d4,1,80,True,3.274375,49026
09,WAVE,3b90ec17ea9dde89e995a9a46222a93df0f992d4,1,81,True,3.230334,49026
09,WAVE,3b90ec17ea9dde89e995a9a46222a93df0f992d4,1,82,True,3.006875,49026
09,WAVE,3b90ec17ea9dde89e995a9a46222a93df0f992d4,1,83,True,3.028375,49026
09,WAVE,3b90ec17ea9dde89e995a9a46222a93df0f992d4,1,84,True,3.085625,49026
09,WAVE,3b90ec17ea9dde89e995a9a46222a93df0f992d4,1,85,True,3.073541,49026
09,WAVE,3b90ec17ea9dde89e995a9a46222a93df0f992d4,1,86,True,3.136917,49026
09,WAVE,3b90ec17ea9dde89e995a9a46222a93df0f992d4,1,87,True,3.100583,49026
09,WAVE,3b90ec17ea9dde89e995a9a46222a93df0f992d4,1,88,True,3.116125,49026
09,WAVE,3b90ec17ea9dde89e995a9a46222a93df0f992d4,1,89,True,3.115209,49026
09,WAVE,3b90ec17ea9dde89e995a9a46222a93df0f992d4,1,90,True,3.143292,49026
09,WAVE,3b90ec17ea9dde89e995a9a46222a93df0f992d4,1,91,True,3.345833,49026
09,WAVE,3b90ec17ea9dde89e995a9a46222a93df0f992d4,1,92,True,3.2615,49026
09,WAVE,3b90ec17ea9dde89e995a9a46222a93df0f992d4,1,93,True,3.159292,49026
09,WAVE,3b90ec17ea9dde89e995a9a46222a93df0f992d4,1,94,True,3.1925,49026
09,WAVE,3b90ec17ea9dde89e995a9a46222a93df0f992d4,1,95,True,3.2115,49026
09,WAVE,3b90ec17ea9dde89e995a9a46222a93df0f992d4,1,96,True,3.225875,49026
09,WAVE,3b90ec17ea9dde89e995a9a46222a93df0f992d4,1,97,True,3.2115,49026
09,WAVE,3b90ec17ea9dde89e995a9a46222a93df0f992d4,1,98,True,3.266416,49026
09,WAVE,3b90ec17ea9dde89e995a9a46222a93df0f992d4,1,99,True,3.418875,49026
09,WAVE,3b90ec17ea9dde89e995a9a46222a93df0f992d4,1,100,True,3.224083,49026
09,WAVE,3b90ec17ea9dde89e995a9a46222a93df0f992d4,2,1,True,4.935875,96035
09,WAVE,3b90ec17ea9dde89e995a9a46222a93df0f992d4,2,2,True,5.427791,96035
09,WAVE,3b90ec17ea9dde89e995a9a46222a93df0f992d4,2,3,True,5.172,96035
09,WAVE,3b90ec17ea9dde89e995a9a46222a93df0f992d4,2,4,True,4.924917,96035
09,WAVE,3b90ec17ea9dde89e995a9a46222a93df0f992d4,2,5,True,4.835291,96035
09,WAVE,3b90ec17ea9dde89e995a9a46222a93df0f992d4,2,6,True,4.915791,96035
09,WAVE,3b90ec17ea9dde89e995a9a46222a93df0f992d4,2,7,True,4.947125,96035
09,WAVE,3b90ec17ea9dde89e995a9a46222a93df0f992d4,2,8,True,5.213166,96035
09,WAVE,3b90ec17ea9dde89e995a9a46222a93df0f992d4,2,9,True,5.0705,96035
09,WAVE,3b90ec17ea9dde89e995a9a46222a93df0f992d4,2,10,True,5.003417,96035
09,WAVE,3b90ec17ea9dde89e995a9a46222a93df0f992d4,2,11,True,5.089708,96035
09,WAVE,3b90ec17ea9dde89e995a9a46222a93df0f992d4,2,12,True,5.0055,96035
09,WAVE,3b90ec17ea9dde89e995a9a46222a93df0f992d4,2,13,True,5.108833,96035
09,WAVE,3b90ec17ea9dde89e995a9a46222a93df0f992d4,2,14,True,5.085459,96035
09,WAVE,3b90ec17ea9dde89e995a9a46222a93df0f992d4,2,15,True,5.216584,96035
09,WAVE,3b90ec17ea9dde89e995a9a46222a93df0f992d4,2,16,True,5.052958,96035
09,WAVE,3b90ec17ea9dde89e995a9a46222a93df0f992d4,2,17,True,5.100333,96035
09,WAVE,3b90ec17ea9dde89e995a9a46222a93df0f992d4,2,18,True,4.959125,96035
09,WAVE,3b90ec17ea9dde89e995a9a46222a93df0f992d4,2,19,True,5.073459,96035
09,WAVE,3b90ec17ea9dde89e995a9a46222a93df0f992d4,2,20,True,4.973083,96035
09,WAVE,3b90ec17ea9dde89e995a9a46222a93df0f992d4,2,21,True,5.003792,96035
09,WAVE,3b90ec17ea9dde89e995a9a46222a93df0f992d4,2,22,True,5.008833,96035
09,WAVE,3b90ec17ea9dde89e995a9a46222a93df0f992d4,2,23,True,5.066458,96035
09,WAVE,3b90ec17ea9dde89e995a9a46222a93df0f992d4,2,24,True,5.139333,96035
09,WAVE,3b90ec17ea9dde89e995a9a46222a93df0f992d4,2,25,True,5.42775,96035
09,WAVE,3b90ec17ea9dde89e995a9a46222a93df0f992d4,2,26,True,5.105167,96035
09,WAVE,3b90ec17ea9dde89e995a9a46222a93df0f992d4,2,27,True,5.017625,96035
09,WAVE,3b90ec17ea9dde89e995a9a46222a93df0f992d4,2,28,True,5.003958,96035
09,WAVE,3b90ec17ea9dde89e995a9a46222a93df0f992d4,2,29,True,5.019875,96035
09,WAVE,3b90ec17ea9dde89e995a9a46222a93df0f992d4,2,30,True,5.130291,96035
09,WAVE,3b90ec17ea9dde89e995a9a46222a93df0f992d4,2,31,True,5.331958,96035
09,WAVE,3b90ec17ea9dde89e995a9a46222a93df0f992d4,2,32,True,5.028167,96035
09,WAVE,3b90ec17ea9dde89e995a9a46222a93df0f992d4,2,33,True,5.074625,96035
09,WAVE,3b90ec17ea9dde89e995a9a46222a93df0f992d4,2,34,True,4.922792,96035
09,WAVE,3b90ec17ea9dde89e995a9a46222a93df0f992d4,2,35,True,5.060667,96035
09,WAVE,3b90ec17ea9dde89e995a9a46222a93df0f992d4,2,36,True,5.075375,96035
09,WAVE,3b90ec17ea9dde89e995a9a46222a93df0f992d4,2,37,True,4.971583,96035
09,WAVE,3b90ec17ea9dde89e995a9a46222a93df0f992d4,2,38,True,5.571208,96035
09,WAVE,3b90ec17ea9dde89e995a9a46222a93df0f992d4,2,39,True,6.032333,96035
09,WAVE,3b90ec17ea9dde89e995a9a46222a93df0f992d4,2,40,True,5.37875,96035
09,WAVE,3b90ec17ea9dde89e995a9a46222a93df0f992d4,2,41,True,7.794084,96035
09,WAVE,3b90ec17ea9dde89e995a9a46222a93df0f992d4,2,42,True,5.93275,96035
09,WAVE,3b90ec17ea9dde89e995a9a46222a93df0f992d4,2,43,True,5.655042,96035
09,WAVE,3b90ec17ea9dde89e995a9a46222a93df0f992d4,2,44,True,5.523,96035
09,WAVE,3b90ec17ea9dde89e995a9a46222a93df0f992d4,2,45,True,5.458125,96035
09,WAVE,3b90ec17ea9dde89e995a9a46222a93df0f992d4,2,46,True,5.440917,96035
09,WAVE,3b90ec17ea9dde89e995a9a46222a93df0f992d4,2,47,True,5.798958,96035
09,WAVE,3b90ec17ea9dde89e995a9a46222a93df0f992d4,2,48,True,10.699667,96035
09,WAVE,3b90ec17ea9dde89e995a9a46222a93df0f992d4,2,49,True,12.704708,96035
09,WAVE,3b90ec17ea9dde89e995a9a46222a93df0f992d4,2,50,True,14.67075,96035
09,WAVE,3b90ec17ea9dde89e995a9a46222a93df0f992d4,2,51,True,11.85975,96035
09,WAVE,3b90ec17ea9dde89e995a9a46222a93df0f992d4,2,52,True,11.969625,96035
09,WAVE,3b90ec17ea9dde89e995a9a46222a93df0f992d4,2,53,True,12.13875,96035
09,WAVE,3b90ec17ea9dde89e995a9a46222a93df0f992d4,2,54,True,12.509541,96035
09,WAVE,3b90ec17ea9dde89e995a9a46222a93df0f992d4,2,55,True,8.811334,96035
09,WAVE,3b90ec17ea9dde89e995a9a46222a93df0f992d4,2,56,True,5.770625,96035
09,WAVE,3b90ec17ea9dde89e995a9a46222a93df0f992d4,2,57,True,5.944375,96035
09,WAVE,3b90ec17ea9dde89e995a9a46222a93df0f992d4,2,58,True,5.709167,96035
09,WAVE,3b90ec17ea9dde89e995a9a46222a93df0f992d4,2,59,True,5.748167,96035
09,WAVE,3b90ec17ea9dde89e995a9a46222a93df0f992d4,2,60,True,5.529,96035
09,WAVE,3b90ec17ea9dde89e995a9a46222a93df0f992d4,2,61,True,5.48975,96035
09,WAVE,3b90ec17ea9dde89e995a9a46222a93df0f992d4,2,62,True,5.751167,96035
09,WAVE,3b90ec17ea9dde89e995a9a46222a93df0f992d4,2,63,True,5.410333,96035
09,WAVE,3b90ec17ea9dde89e995a9a46222a93df0f992d4,2,64,True,5.513833,96035
09,WAVE,3b90ec17ea9dde89e995a9a46222a93df0f992d4,2,65,True,5.310416,96035
09,WAVE,3b90ec17ea9dde89e995a9a46222a93df0f992d4,2,66,True,5.6075,96035
09,WAVE,3b90ec17ea9dde89e995a9a46222a93df0f992d4,2,67,True,5.262958,96035
09,WAVE,3b90ec17ea9dde89e995a9a46222a93df0f992d4,2,68,True,5.275792,96035
09,WAVE,3b90ec17ea9dde89e995a9a46222a93df0f992d4,2,69,True,5.223667,96035
09,WAVE,3b90ec17ea9dde89e995a9a46222a93df0f992d4,2,70,True,5.631708,96035
09,WAVE,3b90ec17ea9dde89e995a9a46222a93df0f992d4,2,71,True,5.227,96035
09,WAVE,3b90ec17ea9dde89e995a9a46222a93df0f992d4,2,72,True,5.150125,96035
09,WAVE,3b90ec17ea9dde89e995a9a46222a93df0f992d4,2,73,True,5.135959,96035
09,WAVE,3b90ec17ea9dde89e995a9a46222a93df0f992d4,2,74,True,5.125334,96035
09,WAVE,3b90ec17ea9dde89e995a9a46222a93df0f992d4,2,75,True,5.168417,96035
09,WAVE,3b90ec17ea9dde89e995a9a46222a93df0f992d4,2,76,True,5.209541,96035
09,WAVE,3b90ec17ea9dde89e995a9a46222a93df0f992d4,2,77,True,5.198875,96035
09,WAVE,3b90ec17ea9dde89e995a9a46222a93df0f992d4,2,78,True,5.110666,96035
09,WAVE,3b90ec17ea9dde89e995a9a46222a93df0f992d4,2,79,True,5.099667,96035
09,WAVE,3b90ec17ea9dde89e995a9a46222a93df0f992d4,2,80,True,5.325375,96035
09,WAVE,3b90ec17ea9dde89e995a9a46222a93df0f992d4,2,81,True,5.325125,96035
09,WAVE,3b90ec17ea9dde89e995a9a46222a93df0f992d4,2,82,True,5.011833,96035
09,WAVE,3b90ec17ea9dde89e995a9a46222a93df0f992d4,2,83,True,4.982334,96035
09,WAVE,3b90ec17ea9dde89e995a9a46222a93df0f992d4,2,84,True,5.041125,96035
09,WAVE,3b90ec17ea9dde89e995a9a46222a93df0f992d4,2,85,True,5.109375,96035
09,WAVE,3b90ec17ea9dde89e995a9a46222a93df0f992d4,2,86,True,5.077166,96035
09,WAVE,3b90ec17ea9dde89e995a9a46222a93df0f992d4,2,87,True,5.327458,96035
09,WAVE,3b90ec17ea9dde89e995a9a46222a93df0f992d4,2,88,True,5.364666,96035
09,WAVE,3b90ec17ea9dde89e995a9a46222a93df0f992d4,2,89,True,5.225666,96035
09,WAVE,3b90ec17ea9dde89e995a9a46222a93df0f992d4,2,90,True,5.176042,96035
09,WAVE,3b90ec17ea9dde89e995a9a46222a93df0f992d4,2,91,True,5.079959,96035
09,WAVE,3b90ec17ea9dde89e995a9a46222a93df0f992d4,2,92,True,4.855,96035
09,WAVE,3b90ec17ea9dde89e995a9a46222a93df0f992d4,2,93,True,5.246416,96035
09,WAVE,3b90ec17ea9dde89e995a9a46222a93df0f992d4,2,94,True,5.027625,96035
09,WAVE,3b90ec17ea9dde89e995a9a46222a93df0f992d4,2,95,True,5.031417,96035
09,WAVE,3b90ec17ea9dde89e995a9a46222a93df0f992d4,2,96,True,5.016583,96035
09,WAVE,3b90ec17ea9dde89e995a9a46222a93df0f992d4,2,97,True,5.012625,96035
09,WAVE,3b90ec17ea9dde89e995a9a46222a93df0f992d4,2,98,True,5.216333,96035
09,WAVE,3b90ec17ea9dde89e995a9a46222a93df0f992d4,2,99,True,5.057459,96035
09,WAVE,3b90ec17ea9dde89e995a9a46222a93df0f992d4,2,100,True,5.087375,96035
09,WAVE,3b90ec17ea9dde89e995a9a46222a93df0f992d4,3,1,True,6.745083,143040
09,WAVE,3b90ec17ea9dde89e995a9a46222a93df0f992d4,3,2,True,6.850041,143040
09,WAVE,3b90ec17ea9dde89e995a9a46222a93df0f992d4,3,3,True,7.184167,143040
09,WAVE,3b90ec17ea9dde89e995a9a46222a93df0f992d4,3,4,True,7.144,143040
09,WAVE,3b90ec17ea9dde89e995a9a46222a93df0f992d4,3,5,True,6.90075,143040
09,WAVE,3b90ec17ea9dde89e995a9a46222a93df0f992d4,3,6,True,6.848583,143040
09,WAVE,3b90ec17ea9dde89e995a9a46222a93df0f992d4,3,7,True,7.066916,143040
09,WAVE,3b90ec17ea9dde89e995a9a46222a93df0f992d4,3,8,True,7.034333,143040
09,WAVE,3b90ec17ea9dde89e995a9a46222a93df0f992d4,3,9,True,6.933291,143040
09,WAVE,3b90ec17ea9dde89e995a9a46222a93df0f992d4,3,10,True,6.968958,143040
09,WAVE,3b90ec17ea9dde89e995a9a46222a93df0f992d4,3,11,True,7.443208,143040
09,WAVE,3b90ec17ea9dde89e995a9a46222a93df0f992d4,3,12,True,7.078125,143040
09,WAVE,3b90ec17ea9dde89e995a9a46222a93df0f992d4,3,13,True,6.742792,143040
09,WAVE,3b90ec17ea9dde89e995a9a46222a93df0f992d4,3,14,True,6.795667,143040
09,WAVE,3b90ec17ea9dde89e995a9a46222a93df0f992d4,3,15,True,7.197875,143040
09,WAVE,3b90ec17ea9dde89e995a9a46222a93df0f992d4,3,16,True,6.757792,143040
09,WAVE,3b90ec17ea9dde89e995a9a46222a93df0f992d4,3,17,True,6.700625,143040
09,WAVE,3b90ec17ea9dde89e995a9a46222a93df0f992d4,3,18,True,6.804916,143040
09,WAVE,3b90ec17ea9dde89e995a9a46222a93df0f992d4,3,19,True,7.1525,143040
09,WAVE,3b90ec17ea9dde89e995a9a46222a93df0f992d4,3,20,True,6.715416,143040
09,WAVE,3b90ec17ea9dde89e995a9a46222a93df0f992d4,3,21,True,6.858375,143040
09,WAVE,3b90ec17ea9dde89e995a9a46222a93df0f992d4,3,22,True,6.854958,143040
09,WAVE,3b90ec17ea9dde89e995a9a46222a93df0f992d4,3,23,True,7.08625,143040
09,WAVE,3b90ec17ea9dde89e995a9a46222a93df0f992d4,3,24,True,6.911875,143040
09,WAVE,3b90ec17ea9dde89e995a9a46222a93df0f992d4,3,25,True,6.900625,143040
09,WAVE,3b90ec17ea9dde89e995a9a46222a93df0f992d4,3,26,True,6.855542,143040
09,WAVE,3b90ec17ea9dde89e995a9a46222a93df0f992d4,3,27,True,6.919375,143040
09,WAVE,3b90ec17ea9dde89e995a9a46222a93df0f992d4,3,28,True,6.671667,143040
09,WAVE,3b90ec17ea9dde89e995a9a46222a93df0f992d4,3,29,True,6.834791,143040
09,WAVE,3b90ec17ea9dde89e995a9a46222a93df0f992d4,3,30,True,6.882,143040
09,WAVE,3b90ec17ea9dde89e995a9a46222a93df0f992d4,3,31,True,7.067625,143040
09,WAVE,3b90ec17ea9dde89e995a9a46222a93df0f992d4,3,32,True,6.853083,143040
09,WAVE,3b90ec17ea9dde89e995a9a46222a93df0f992d4,3,33,True,6.973125,143040
09,WAVE,3b90ec17ea9dde89e995a9a46222a93df0f992d4,3,34,True,6.951208,143040
09,WAVE,3b90ec17ea9dde89e995a9a46222a93df0f992d4,3,35,True,7.313667,143040
09,WAVE,3b90ec17ea9dde89e995a9a46222a93df0f992d4,3,36,True,7.066708,143040
09,WAVE,3b90ec17ea9dde89e995a9a46222a93df0f992d4,3,37,True,7.046542,143040
09,WAVE,3b90ec17ea9dde89e995a9a46222a93df0f992d4,3,38,True,6.98525,143040
09,WAVE,3b90ec17ea9dde89e995a9a46222a93df0f992d4,3,39,True,7.322125,143040
09,WAVE,3b90ec17ea9dde89e995a9a46222a93df0f992d4,3,40,True,7.11975,143040
09,WAVE,3b90ec17ea9dde89e995a9a46222a93df0f992d4,3,41,True,6.987,143040
09,WAVE,3b90ec17ea9dde89e995a9a46222a93df0f992d4,3,42,True,7.019917,143040
09,WAVE,3b90ec17ea9dde89e995a9a46222a93df0f992d4,3,43,True,7.220792,143040
09,WAVE,3b90ec17ea9dde89e995a9a46222a93df0f992d4,3,44,True,7.043417,143040
09,WAVE,3b90ec17ea9dde89e995a9a46222a93df0f992d4,3,45,True,6.6635,143040
09,WAVE,3b90ec17ea9dde89e995a9a46222a93df0f992d4,3,46,True,6.861167,143040
09,WAVE,3b90ec17ea9dde89e995a9a46222a93df0f992d4,3,47,True,7.116875,143040
09,WAVE,3b90ec17ea9dde89e995a9a46222a93df0f992d4,3,48,True,6.686333,143040
09,WAVE,3b90ec17ea9dde89e995a9a46222a93df0f992d4,3,49,True,6.756375,143040
09,WAVE,3b90ec17ea9dde89e995a9a46222a93df0f992d4,3,50,True,6.645583,143040
09,WAVE,3b90ec17ea9dde89e995a9a46222a93df0f992d4,3,51,True,6.957083,143040
09,WAVE,3b90ec17ea9dde89e995a9a46222a93df0f992d4,3,52,True,6.910709,143040
09,WAVE,3b90ec17ea9dde89e995a9a46222a93df0f992d4,3,53,True,6.902542,143040
09,WAVE,3b90ec17ea9dde89e995a9a46222a93df0f992d4,3,54,True,6.891417,143040
09,WAVE,3b90ec17ea9dde89e995a9a46222a93df0f992d4,3,55,True,7.167291,143040
09,WAVE,3b90ec17ea9dde89e995a9a46222a93df0f992d4,3,56,True,6.686333,143040
09,WAVE,3b90ec17ea9dde89e995a9a46222a93df0f992d4,3,57,True,6.759,143040
09,WAVE,3b90ec17ea9dde89e995a9a46222a93df0f992d4,3,58,True,6.732666,143040
09,WAVE,3b90ec17ea9dde89e995a9a46222a93df0f992d4,3,59,True,7.175083,143040
09,WAVE,3b90ec17ea9dde89e995a9a46222a93df0f992d4,3,60,True,6.899375,143040
09,WAVE,3b90ec17ea9dde89e995a9a46222a93df0f992d4,3,61,True,6.8485,143040
09,WAVE,3b90ec17ea9dde89e995a9a46222a93df0f992d4,3,62,True,7.008834,143040
09,WAVE,3b90ec17ea9dde89e995a9a46222a93df0f992d4,3,63,True,7.076,143040
09,WAVE,3b90ec17ea9dde89e995a9a46222a93df0f992d4,3,64,True,6.942417,143040
09,WAVE,3b90ec17ea9dde89e995a9a46222a93df0f992d4,3,65,True,7.289166,143040
09,WAVE,3b90ec17ea9dde89e995a9a46222a93df0f992d4,3,66,True,7.172292,143040
09,WAVE,3b90ec17ea9dde89e995a9a46222a93df0f992d4,3,67,True,7.959666,143040
09,WAVE,3b90ec17ea9dde89e995a9a46222a93df0f992d4,3,68,True,8.118166,143040
09,WAVE,3b90ec17ea9dde89e995a9a46222a93df0f992d4,3,69,True,7.585375,143040
09,WAVE,3b90ec17ea9dde89e995a9a46222a93df0f992d4,3,70,True,7.366125,143040
09,WAVE,3b90ec17ea9dde89e995a9a46222a93df0f992d4,3,71,True,8.461,143040
09,WAVE,3b90ec17ea9dde89e995a9a46222a93df0f992d4,3,72,True,8.193084,143040
09,WAVE,3b90ec17ea9dde89e995a9a46222a93df0f992d4,3,73,True,7.647042,143040
09,WAVE,3b90ec17ea9dde89e995a9a46222a93df0f992d4,3,74,True,7.873916,143040
09,WAVE,3b90ec17ea9dde89e995a9a46222a93df0f992d4,3,75,True,10.652583,143040
09,WAVE,3b90ec17ea9dde89e995a9a46222a93df0f992d4,3,76,True,9.698625,143040
09,WAVE,3b90ec17ea9dde89e995a9a46222a93df0f992d4,3,77,True,7.607708,143040
09,WAVE,3b90ec17ea9dde89e995a9a46222a93df0f992d4,3,78,True,7.549292,143040
09,WAVE,3b90ec17ea9dde89e995a9a46222a93df0f992d4,3,79,True,7.481667,143040
09,WAVE,3b90ec17ea9dde89e995a9a46222a93df0f992d4,3,80,True,7.797833,143040
09,WAVE,3b90ec17ea9dde89e995a9a46222a93df0f992d4,3,81,True,7.888542,143040
09,WAVE,3b90ec17ea9dde89e995a9a46222a93df0f992d4,3,82,True,7.529041,143040
09,WAVE,3b90ec17ea9dde89e995a9a46222a93df0f992d4,3,83,True,7.559,143040
09,WAVE,3b90ec17ea9dde89e995a9a46222a93df0f992d4,3,84,True,7.831292,143040
09,WAVE,3b90ec17ea9dde89e995a9a46222a93df0f992d4,3,85,True,7.511459,143040
09,WAVE,3b90ec17ea9dde89e995a9a46222a93df0f992d4,3,86,True,7.498333,143040
09,WAVE,3b90ec17ea9dde89e995a9a46222a93df0f992d4,3,87,True,7.466959,143040
09,WAVE,3b90ec17ea9dde89e995a9a46222a93df0f992d4,3,88,True,7.717292,143040
09,WAVE,3b90ec17ea9dde89e995a9a46222a93df0f992d4,3,89,True,7.764375,143040
09,WAVE,3b90ec17ea9dde89e995a9a46222a93df0f992d4,3,90,True,7.168375,143040
09,WAVE,3b90ec17ea9dde89e995a9a46222a93df0f992d4,3,91,True,7.206125,143040
09,WAVE,3b90ec17ea9dde89e995a9a46222a93df0f992d4,3,92,True,7.847541,143040
09,WAVE,3b90ec17ea9dde89e995a9a46222a93df0f992d4,3,93,True,7.137917,143040
09,WAVE,3b90ec17ea9dde89e995a9a46222a93df0f992d4,3,94,True,7.050417,143040
09,WAVE,3b90ec17ea9dde89e995a9a46222a93df0f992d4,3,95,True,7.274209,143040
09,WAVE,3b90ec17ea9dde89e995a9a46222a93df0f992d4,3,96,True,7.475083,143040
09,WAVE,3b90ec17ea9dde89e995a9a46222a93df0f992d4,3,97,True,7.300625,143040
09,WAVE,3b90ec17ea9dde89e995a9a46222a93df0f992d4,3,98,True,7.099167,143040
09,WAVE,3b90ec17ea9dde89e995a9a46222a93df0f992d4,3,99,True,7.019333,143040
09,WAVE,3b90ec17ea9dde89e995a9a46222a93df0f992d4,3,100,True,7.36425,143040
09,WAVE,3b90ec17ea9dde89e995a9a46222a93df0f992d4,5,1,True,11.236792,237050
09,WAVE,3b90ec17ea9dde89e995a9a46222a93df0f992d4,5,2,True,10.760042,237050
09,WAVE,3b90ec17ea9dde89e995a9a46222a93df0f992d4,5,3,True,10.813667,237050
09,WAVE,3b90ec17ea9dde89e995a9a46222a93df0f992d4,5,4,True,11.047041,237050
09,WAVE,3b90ec17ea9dde89e995a9a46222a93df0f992d4,5,5,True,10.654667,237050
09,WAVE,3b90ec17ea9dde89e995a9a46222a93df0f992d4,5,6,True,10.706209,237050
09,WAVE,3b90ec17ea9dde89e995a9a46222a93df0f992d4,5,7,True,11.146792,237050
09,WAVE,3b90ec17ea9dde89e995a9a46222a93df0f992d4,5,8,True,10.817292,237050
09,WAVE,3b90ec17ea9dde89e995a9a46222a93df0f992d4,5,9,True,10.560542,237050
09,WAVE,3b90ec17ea9dde89e995a9a46222a93df0f992d4,5,10,True,11.084209,237050
09,WAVE,3b90ec17ea9dde89e995a9a46222a93df0f992d4,5,11,True,10.7225,237050
09,WAVE,3b90ec17ea9dde89e995a9a46222a93df0f992d4,5,12,True,10.345916,237050
09,WAVE,3b90ec17ea9dde89e995a9a46222a93df0f992d4,5,13,True,10.8995,237050
09,WAVE,3b90ec17ea9dde89e995a9a46222a93df0f992d4,5,14,True,10.549667,237050
09,WAVE,3b90ec17ea9dde89e995a9a46222a93df0f992d4,5,15,True,10.672958,237050
09,WAVE,3b90ec17ea9dde89e995a9a46222a93df0f992d4,5,16,True,10.99075,237050
09,WAVE,3b90ec17ea9dde89e995a9a46222a93df0f992d4,5,17,True,10.845041,237050
09,WAVE,3b90ec17ea9dde89e995a9a46222a93df0f992d4,5,18,True,10.682667,237050
09,WAVE,3b90ec17ea9dde89e995a9a46222a93df0f992d4,5,19,True,11.078958,237050
09,WAVE,3b90ec17ea9dde89e995a9a46222a93df0f992d4,5,20,True,10.776625,237050
09,WAVE,3b90ec17ea9dde89e995a9a46222a93df0f992d4,5,21,True,10.83175,237050
09,WAVE,3b90ec17ea9dde89e995a9a46222a93df0f992d4,5,22,True,11.061458,237050
09,WAVE,3b90ec17ea9dde89e995a9a46222a93df0f992d4,5,23,True,11.049542,237050
09,WAVE,3b90ec17ea9dde89e995a9a46222a93df0f992d4,5,24,True,10.717292,237050
09,WAVE,3b90ec17ea9dde89e995a9a46222a93df0f992d4,5,25,True,10.989625,237050
09,WAVE,3b90ec17ea9dde89e995a9a46222a93df0f992d4,5,26,True,10.432583,237050
09,WAVE,3b90ec17ea9dde89e995a9a46222a93df0f992d4,5,27,True,10.536167,237050
09,WAVE,3b90ec17ea9dde89e995a9a46222a93df0f992d4,5,28,True,11.221416,237050
09,WAVE,3b90ec17ea9dde89e995a9a46222a93df0f992d4,5,29,True,10.686666,237050
09,WAVE,3b90ec17ea9dde89e995a9a46222a93df0f992d4,5,30,True,10.871041,237050
09,WAVE,3b90ec17ea9dde89e995a9a46222a93df0f992d4,5,31,True,10.653583,237050
09,WAVE,3b90ec17ea9dde89e995a9a46222a93df0f992d4,5,32,True,10.659458,237050
09,WAVE,3b90ec17ea9dde89e995a9a46222a93df0f992d4,5,33,True,11.254666,237050
09,WAVE,3b90ec17ea9dde89e995a9a46222a93df0f992d4,5,34,True,11.906792,237050
09,WAVE,3b90ec17ea9dde89e995a9a46222a93df0f992d4,5,35,True,11.768125,237050
09,WAVE,3b90ec17ea9dde89e995a9a46222a93df0f992d4,5,36,True,12.016042,237050
09,WAVE,3b90ec17ea9dde89e995a9a46222a93df0f992d4,5,37,True,11.545417,237050
09,WAVE,3b90ec17ea9dde89e995a9a46222a93df0f992d4,5,38,True,13.488292,237050
09,WAVE,3b90ec17ea9dde89e995a9a46222a93df0f992d4,5,39,True,12.176625,237050
09,WAVE,3b90ec17ea9dde89e995a9a46222a93df0f992d4,5,40,True,11.685,237050
09,WAVE,3b90ec17ea9dde89e995a9a46222a93df0f992d4,5,41,True,12.201,237050
09,WAVE,3b90ec17ea9dde89e995a9a46222a93df0f992d4,5,42,True,12.279458,237050
09,WAVE,3b90ec17ea9dde89e995a9a46222a93df0f992d4,5,43,True,11.897291,237050
09,WAVE,3b90ec17ea9dde89e995a9a46222a93df0f992d4,5,44,True,12.005375,237050
09,WAVE,3b90ec17ea9dde89e995a9a46222a93df0f992d4,5,45,True,12.000458,237050
09,WAVE,3b90ec17ea9dde89e995a9a46222a93df0f992d4,5,46,True,11.787833,237050
09,WAVE,3b90ec17ea9dde89e995a9a46222a93df0f992d4,5,47,True,12.050209,237050
09,WAVE,3b90ec17ea9dde89e995a9a46222a93df0f992d4,5,48,True,11.932417,237050
09,WAVE,3b90ec17ea9dde89e995a9a46222a93df0f992d4,5,49,True,11.688292,237050
09,WAVE,3b90ec17ea9dde89e995a9a46222a93df0f992d4,5,50,True,11.826,237050
09,WAVE,3b90ec17ea9dde89e995a9a46222a93df0f992d4,5,51,True,11.32975,237050
09,WAVE,3b90ec17ea9dde89e995a9a46222a93df0f992d4,5,52,True,11.181375,237050
09,WAVE,3b90ec17ea9dde89e995a9a46222a93df0f992d4,5,53,True,11.573583,237050
09,WAVE,3b90ec17ea9dde89e995a9a46222a93df0f992d4,5,54,True,11.478167,237050
09,WAVE,3b90ec17ea9dde89e995a9a46222a93df0f992d4,5,55,True,11.27125,237050
09,WAVE,3b90ec17ea9dde89e995a9a46222a93df0f992d4,5,56,True,11.581,237050
09,WAVE,3b90ec17ea9dde89e995a9a46222a93df0f992d4,5,57,True,10.950959,237050
09,WAVE,3b90ec17ea9dde89e995a9a46222a93df0f992d4,5,58,True,10.955458,237050
09,WAVE,3b90ec17ea9dde89e995a9a46222a93df0f992d4,5,59,True,10.8605,237050
09,WAVE,3b90ec17ea9dde89e995a9a46222a93df0f992d4,5,60,True,11.01,237050
09,WAVE,3b90ec17ea9dde89e995a9a46222a93df0f992d4,5,61,True,10.936167,237050
09,WAVE,3b90ec17ea9dde89e995a9a46222a93df0f992d4,5,62,True,11.246166,237050
09,WAVE,3b90ec17ea9dde89e995a9a46222a93df0f992d4,5,63,True,10.533125,237050
09,WAVE,3b90ec17ea9dde89e995a9a46222a93df0f992d4,5,64,True,10.771709,237050
09,WAVE,3b90ec17ea9dde89e995a9a46222a93df0f992d4,5,65,True,11.13475,237050
09,WAVE,3b90ec17ea9dde89e995a9a46222a93df0f992d4,5,66,True,10.5955,237050
09,WAVE,3b90ec17ea9dde89e995a9a46222a93df0f992d4,5,67,True,10.747292,237050
09,WAVE,3b90ec17ea9dde89e995a9a46222a93df0f992d4,5,68,True,11.187584,237050
09,WAVE,3b90ec17ea9dde89e995a9a46222a93df0f992d4,5,69,True,10.576125,237050
09,WAVE,3b90ec17ea9dde89e995a9a46222a93df0f992d4,5,70,True,10.896042,237050
09,WAVE,3b90ec17ea9dde89e995a9a46222a93df0f992d4,5,71,True,11.20175,237050
09,WAVE,3b90ec17ea9dde89e995a9a46222a93df0f992d4,5,72,True,10.942417,237050
09,WAVE,3b90ec17ea9dde89e995a9a46222a93df0f992d4,5,73,True,10.834041,237050
09,WAVE,3b90ec17ea9dde89e995a9a46222a93df0f992d4,5,74,True,11.256875,237050
09,WAVE,3b90ec17ea9dde89e995a9a46222a93df0f992d4,5,75,True,11.235333,237050
09,WAVE,3b90ec17ea9dde89e995a9a46222a93df0f992d4,5,76,True,10.431708,237050
09,WAVE,3b90ec17ea9dde89e995a9a46222a93df0f992d4,5,77,True,10.543875,237050
09,WAVE,3b90ec17ea9dde89e995a9a46222a93df0f992d4,5,78,True,11.1975,237050
09,WAVE,3b90ec17ea9dde89e995a9a46222a93df0f992d4,5,79,True,10.827459,237050
09,WAVE,3b90ec17ea9dde89e995a9a46222a93df0f992d4,5,80,True,11.066375,237050
09,WAVE,3b90ec17ea9dde89e995a9a46222a93df0f992d4,5,81,True,10.924917,237050
09,WAVE,3b90ec17ea9dde89e995a9a46222a93df0f992d4,5,82,True,10.926584,237050
09,WAVE,3b90ec17ea9dde89e995a9a46222a93df0f992d4,5,83,True,11.391208,237050
09,WAVE,3b90ec17ea9dde89e995a9a46222a93df0f992d4,5,84,True,10.922375,237050
09,WAVE,3b90ec17ea9dde89e995a9a46222a93df0f992d4,5,85,True,10.738833,237050
09,WAVE,3b90ec17ea9dde89e995a9a46222a93df0f992d4,5,86,True,10.958333,237050
09,WAVE,3b90ec17ea9dde89e995a9a46222a93df0f992d4,5,87,True,10.712416,237050
09,WAVE,3b90ec17ea9dde89e995a9a46222a93df0f992d4,5,88,True,10.795583,237050
09,WAVE,3b90ec17ea9dde89e995a9a46222a93df0f992d4,5,89,True,11.187375,237050
09,WAVE,3b90ec17ea9dde89e995a9a46222a93df0f992d4,5,90,True,10.847167,237050
09,WAVE,3b90ec17ea9dde89e995a9a46222a93df0f992d4,5,91,True,10.77025,237050
09,WAVE,3b90ec17ea9dde89e995a9a46222a93df0f992d4,5,92,True,10.743875,237050
09,WAVE,3b90ec17ea9dde89e995a9a46222a93df0f992d4,5,93,True,10.806209,237050
09,WAVE,3b90ec17ea9dde89e995a9a46222a93df0f992d4,5,94,True,10.706,237050
09,WAVE,3b90ec17ea9dde89e995a9a46222a93df0f992d4,5,95,True,10.544542,237050
09,WAVE,3b90ec17ea9dde89e995a9a46222a93df0f992d4,5,96,True,11.080958,237050
09,WAVE,3b90ec17ea9dde89e995a9a46222a93df0f992d4,5,97,True,10.780875,237050
09,WAVE,3b90ec17ea9dde89e995a9a46222a93df0f992d4,5,98,True,10.545834,237050
09,WAVE,3b90ec17ea9dde89e995a9a46222a93df0f992d4,5,99,True,10.965833,237050
09,WAVE,3b90ec17ea9dde89e995a9a46222a93df0f992d4,5,100,True,10.765291,237050
09,WAVE,3b90ec17ea9dde89e995a9a46222a93df0f992d4,10,1,True,20.431958,472075
09,WAVE,3b90ec17ea9dde89e995a9a46222a93df0f992d4,10,2,True,20.759208,472075
09,WAVE,3b90ec17ea9dde89e995a9a46222a93df0f992d4,10,3,True,20.710042,472075
09,WAVE,3b90ec17ea9dde89e995a9a46222a93df0f992d4,10,4,True,20.736417,472075
09,WAVE,3b90ec17ea9dde89e995a9a46222a93df0f992d4,10,5,True,20.838125,472075
09,WAVE,3b90ec17ea9dde89e995a9a46222a93df0f992d4,10,6,True,20.608209,472075
09,WAVE,3b90ec17ea9dde89e995a9a46222a93df0f992d4,10,7,True,20.381666,472075
09,WAVE,3b90ec17ea9dde89e995a9a46222a93df0f992d4,10,8,True,19.914791,472075
09,WAVE,3b90ec17ea9dde89e995a9a46222a93df0f992d4,10,9,True,20.436834,472075
09,WAVE,3b90ec17ea9dde89e995a9a46222a93df0f992d4,10,10,True,20.332458,472075
09,WAVE,3b90ec17ea9dde89e995a9a46222a93df0f992d4,10,11,True,20.247834,472075
09,WAVE,3b90ec17ea9dde89e995a9a46222a93df0f992d4,10,12,True,20.275208,472075
09,WAVE,3b90ec17ea9dde89e995a9a46222a93df0f992d4,10,13,True,20.614917,472075
09,WAVE,3b90ec17ea9dde89e995a9a46222a93df0f992d4,10,14,True,20.223167,472075
09,WAVE,3b90ec17ea9dde89e995a9a46222a93df0f992d4,10,15,True,20.58275,472075
09,WAVE,3b90ec17ea9dde89e995a9a46222a93df0f992d4,10,16,True,20.603375,472075
09,WAVE,3b90ec17ea9dde89e995a9a46222a93df0f992d4,10,17,True,20.77125,472075
09,WAVE,3b90ec17ea9dde89e995a9a46222a93df0f992d4,10,18,True,20.735459,472075
09,WAVE,3b90ec17ea9dde89e995a9a46222a93df0f992d4,10,19,True,20.29825,472075
09,WAVE,3b90ec17ea9dde89e995a9a46222a93df0f992d4,10,20,True,20.687625,472075
09,WAVE,3b90ec17ea9dde89e995a9a46222a93df0f992d4,10,21,True,20.317667,472075
09,WAVE,3b90ec17ea9dde89e995a9a46222a93df0f992d4,10,22,True,20.035709,472075
09,WAVE,3b90ec17ea9dde89e995a9a46222a93df0f992d4,10,23,True,20.528375,472075
09,WAVE,3b90ec17ea9dde89e995a9a46222a93df0f992d4,10,24,True,20.582958,472075
09,WAVE,3b90ec17ea9dde89e995a9a46222a93df0f992d4,10,25,True,20.110292,472075
09,WAVE,3b90ec17ea9dde89e995a9a46222a93df0f992d4,10,26,True,20.371375,472075
09,WAVE,3b90ec17ea9dde89e995a9a46222a93df0f992d4,10,27,True,20.117333,472075
09,WAVE,3b90ec17ea9dde89e995a9a46222a93df0f992d4,10,28,True,20.450166,472075
09,WAVE,3b90ec17ea9dde89e995a9a46222a93df0f992d4,10,29,True,20.538292,472075
09,WAVE,3b90ec17ea9dde89e995a9a46222a93df0f992d4,10,30,True,20.87525,472075
09,WAVE,3b90ec17ea9dde89e995a9a46222a93df0f992d4,10,31,True,20.10325,472075
09,WAVE,3b90ec17ea9dde89e995a9a46222a93df0f992d4,10,32,True,20.4725,472075
09,WAVE,3b90ec17ea9dde89e995a9a46222a93df0f992d4,10,33,True,20.708041,472075
09,WAVE,3b90ec17ea9dde89e995a9a46222a93df0f992d4,10,34,True,20.076584,472075
09,WAVE,3b90ec17ea9dde89e995a9a46222a93df0f992d4,10,35,True,20.133292,472075
09,WAVE,3b90ec17ea9dde89e995a9a46222a93df0f992d4,10,36,True,20.346375,472075
09,WAVE,3b90ec17ea9dde89e995a9a46222a93df0f992d4,10,37,True,20.743833,472075
09,WAVE,3b90ec17ea9dde89e995a9a46222a93df0f992d4,10,38,True,20.353625,472075
09,WAVE,3b90ec17ea9dde89e995a9a46222a93df0f992d4,10,39,True,20.265042,472075
09,WAVE,3b90ec17ea9dde89e995a9a46222a93df0f992d4,10,40,True,20.42725,472075
09,WAVE,3b90ec17ea9dde89e995a9a46222a93df0f992d4,10,41,True,19.911584,472075
09,WAVE,3b90ec17ea9dde89e995a9a46222a93df0f992d4,10,42,True,20.379917,472075
09,WAVE,3b90ec17ea9dde89e995a9a46222a93df0f992d4,10,43,True,20.663167,472075
09,WAVE,3b90ec17ea9dde89e995a9a46222a93df0f992d4,10,44,True,20.680416,472075
09,WAVE,3b90ec17ea9dde89e995a9a46222a93df0f992d4,10,45,True,20.425042,472075
09,WAVE,3b90ec17ea9dde89e995a9a46222a93df0f992d4,10,46,True,20.073917,472075
09,WAVE,3b90ec17ea9dde89e995a9a46222a93df0f992d4,10,47,True,20.471792,472075
09,WAVE,3b90ec17ea9dde89e995a9a46222a93df0f992d4,10,48,True,20.652958,472075
09,WAVE,3b90ec17ea9dde89e995a9a46222a93df0f992d4,10,49,True,20.659125,472075
09,WAVE,3b90ec17ea9dde89e995a9a46222a93df0f992d4,10,50,True,20.7085,472075
09,WAVE,3b90ec17ea9dde89e995a9a46222a93df0f992d4,10,51,True,20.129833,472075
09,WAVE,3b90ec17ea9dde89e995a9a46222a93df0f992d4,10,52,True,20.219459,472075
09,WAVE,3b90ec17ea9dde89e995a9a46222a93df0f992d4,10,53,True,19.933125,472075
09,WAVE,3b90ec17ea9dde89e995a9a46222a93df0f992d4,10,54,True,20.555125,472075
09,WAVE,3b90ec17ea9dde89e995a9a46222a93df0f992d4,10,55,True,20.831,472075
09,WAVE,3b90ec17ea9dde89e995a9a46222a93df0f992d4,10,56,True,20.764875,472075
09,WAVE,3b90ec17ea9dde89e995a9a46222a93df0f992d4,10,57,True,20.229666,472075
09,WAVE,3b90ec17ea9dde89e995a9a46222a93df0f992d4,10,58,True,20.823041,472075
09,WAVE,3b90ec17ea9dde89e995a9a46222a93df0f992d4,10,59,True,20.480333,472075
09,WAVE,3b90ec17ea9dde89e995a9a46222a93df0f992d4,10,60,True,20.863292,472075
09,WAVE,3b90ec17ea9dde89e995a9a46222a93df0f992d4,10,61,True,20.065584,472075
09,WAVE,3b90ec17ea9dde89e995a9a46222a93df0f992d4,10,62,True,20.228458,472075
09,WAVE,3b90ec17ea9dde89e995a9a46222a93df0f992d4,10,63,True,20.375584,472075
09,WAVE,3b90ec17ea9dde89e995a9a46222a93df0f992d4,10,64,True,20.610917,472075
09,WAVE,3b90ec17ea9dde89e995a9a46222a93df0f992d4,10,65,True,20.602,472075
09,WAVE,3b90ec17ea9dde89e995a9a46222a93df0f992d4,10,66,True,20.742167,472075
09,WAVE,3b90ec17ea9dde89e995a9a46222a93df0f992d4,10,67,True,20.041042,472075
09,WAVE,3b90ec17ea9dde89e995a9a46222a93df0f992d4,10,68,True,20.724708,472075
09,WAVE,3b90ec17ea9dde89e995a9a46222a93df0f992d4,10,69,True,20.712667,472075
09,WAVE,3b90ec17ea9dde89e995a9a46222a93df0f992d4,10,70,True,20.629583,472075
09,WAVE,3b90ec17ea9dde89e995a9a46222a93df0f992d4,10,71,True,20.228375,472075
09,WAVE,3b90ec17ea9dde89e995a9a46222a93df0f992d4,10,72,True,20.277959,472075
09,WAVE,3b90ec17ea9dde89e995a9a46222a93df0f992d4,10,73,True,19.885167,472075
09,WAVE,3b90ec17ea9dde89e995a9a46222a93df0f992d4,10,74,True,20.615583,472075
09,WAVE,3b90ec17ea9dde89e995a9a46222a93df0f992d4,10,75,True,20.700042,472075
09,WAVE,3b90ec17ea9dde89e995a9a46222a93df0f992d4,10,76,True,20.631875,472075
09,WAVE,3b90ec17ea9dde89e995a9a46222a93df0f992d4,10,77,True,19.84275,472075
09,WAVE,3b90ec17ea9dde89e995a9a46222a93df0f992d4,10,78,True,20.540333,472075
09,WAVE,3b90ec17ea9dde89e995a9a46222a93df0f992d4,10,79,True,20.286834,472075
09,WAVE,3b90ec17ea9dde89e995a9a46222a93df0f992d4,10,80,True,21.970167,472075
09,WAVE,3b90ec17ea9dde89e995a9a46222a93df0f992d4,10,81,True,23.829208,472075
09,WAVE,3b90ec17ea9dde89e995a9a46222a93df0f992d4,10,82,True,22.894709,472075
09,WAVE,3b90ec17ea9dde89e995a9a46222a93df0f992d4,10,83,True,30.198334,472075
09,WAVE,3b90ec17ea9dde89e995a9a46222a93df0f992d4,10,84,True,27.759708,472075
09,WAVE,3b90ec17ea9dde89e995a9a46222a93df0f992d4,10,85,True,22.559542,472075
09,WAVE,3b90ec17ea9dde89e995a9a46222a93df0f992d4,10,86,True,23.86725,472075
09,WAVE,3b90ec17ea9dde89e995a9a46222a93df0f992d4,10,87,True,22.544084,472075
09,WAVE,3b90ec17ea9dde89e995a9a46222a93df0f992d4,10,88,True,21.502958,472075
09,WAVE,3b90ec17ea9dde89e995a9a46222a93df0f992d4,10,89,True,21.742208,472075
09,WAVE,3b90ec17ea9dde89e995a9a46222a93df0f992d4,10,90,True,21.391375,472075
09,WAVE,3b90ec17ea9dde89e995a9a46222a93df0f992d4,10,91,True,20.943583,472075
09,WAVE,3b90ec17ea9dde89e995a9a46222a93df0f992d4,10,92,True,20.846875,472075
09,WAVE,3b90ec17ea9dde89e995a9a46222a93df0f992d4,10,93,True,20.586125,472075
09,WAVE,3b90ec17ea9dde89e995a9a46222a93df0f992d4,10,94,True,20.497334,472075
09,WAVE,3b90ec17ea9dde89e995a9a46222a93df0f992d4,10,95,True,20.456541,472075
09,WAVE,3b90ec17ea9dde89e995a9a46222a93df0f992d4,10,96,True,20.718291,472075
09,WAVE,3b90ec17ea9dde89e995a9a46222a93df0f992d4,10,97,True,20.24675,472075
09,WAVE,3b90ec17ea9dde89e995a9a46222a93df0f992d4,10,98,True,20.612375,472075
09,WAVE,3b90ec17ea9dde89e995a9a46222a93df0f992d4,10,99,True,20.080459,472075
09,WAVE,3b90ec17ea9dde89e995a9a46222a93df0f992d4,10,100,True,20.378334,472075
10,WAVE,3b90ec17ea9dde89e995a9a46222a93df0f992d4,1,1,True,3.8595,49026
10,WAVE,3b90ec17ea9dde89e995a9a46222a93df0f992d4,1,2,True,3.706,49026
10,WAVE,3b90ec17ea9dde89e995a9a46222a93df0f992d4,1,3,True,3.611041,49026
10,WAVE,3b90ec17ea9dde89e995a9a46222a93df0f992d4,1,4,True,3.540083,49026
10,WAVE,3b90ec17ea9dde89e995a9a46222a93df0f992d4,1,5,True,3.413334,49026
10,WAVE,3b90ec17ea9dde89e995a9a46222a93df0f992d4,1,6,True,3.374,49026
10,WAVE,3b90ec17ea9dde89e995a9a46222a93df0f992d4,1,7,True,3.340875,49026
10,WAVE,3b90ec17ea9dde89e995a9a46222a93df0f992d4,1,8,True,3.551709,49026
10,WAVE,3b90ec17ea9dde89e995a9a46222a93df0f992d4,1,9,True,3.604792,49026
10,WAVE,3b90ec17ea9dde89e995a9a46222a93df0f992d4,1,10,True,3.290125,49026
10,WAVE,3b90ec17ea9dde89e995a9a46222a93df0f992d4,1,11,True,3.24125,49026
10,WAVE,3b90ec17ea9dde89e995a9a46222a93df0f992d4,1,12,True,3.234875,49026
10,WAVE,3b90ec17ea9dde89e995a9a46222a93df0f992d4,1,13,True,3.16175,49026
10,WAVE,3b90ec17ea9dde89e995a9a46222a93df0f992d4,1,14,True,3.139,49026
10,WAVE,3b90ec17ea9dde89e995a9a46222a93df0f992d4,1,15,True,3.135917,49026
10,WAVE,3b90ec17ea9dde89e995a9a46222a93df0f992d4,1,16,True,3.180917,49026
10,WAVE,3b90ec17ea9dde89e995a9a46222a93df0f992d4,1,17,True,3.18275,49026
10,WAVE,3b90ec17ea9dde89e995a9a46222a93df0f992d4,1,18,True,3.213584,49026
10,WAVE,3b90ec17ea9dde89e995a9a46222a93df0f992d4,1,19,True,3.211125,49026
10,WAVE,3b90ec17ea9dde89e995a9a46222a93df0f992d4,1,20,True,3.260042,49026
10,WAVE,3b90ec17ea9dde89e995a9a46222a93df0f992d4,1,21,True,3.336208,49026
10,WAVE,3b90ec17ea9dde89e995a9a46222a93df0f992d4,1,22,True,3.093125,49026
10,WAVE,3b90ec17ea9dde89e995a9a46222a93df0f992d4,1,23,True,3.162792,49026
10,WAVE,3b90ec17ea9dde89e995a9a46222a93df0f992d4,1,24,True,3.196916,49026
10,WAVE,3b90ec17ea9dde89e995a9a46222a93df0f992d4,1,25,True,3.124416,49026
10,WAVE,3b90ec17ea9dde89e995a9a46222a93df0f992d4,1,26,True,3.048417,49026
10,WAVE,3b90ec17ea9dde89e995a9a46222a93df0f992d4,1,27,True,3.125667,49026
10,WAVE,3b90ec17ea9dde89e995a9a46222a93df0f992d4,1,28,True,3.179583,49026
10,WAVE,3b90ec17ea9dde89e995a9a46222a93df0f992d4,1,29,True,3.29675,49026
10,WAVE,3b90ec17ea9dde89e995a9a46222a93df0f992d4,1,30,True,3.315625,49026
10,WAVE,3b90ec17ea9dde89e995a9a46222a93df0f992d4,1,31,True,3.157667,49026
10,WAVE,3b90ec17ea9dde89e995a9a46222a93df0f992d4,1,32,True,3.2035,49026
10,WAVE,3b90ec17ea9dde89e995a9a46222a93df0f992d4,1,33,True,3.163625,49026
10,WAVE,3b90ec17ea9dde89e995a9a46222a93df0f992d4,1,34,True,3.196459,49026
10,WAVE,3b90ec17ea9dde89e995a9a46222a93df0f992d4,1,35,True,3.187375,49026
10,WAVE,3b90ec17ea9dde89e995a9a46222a93df0f992d4,1,36,True,3.12675,49026
10,WAVE,3b90ec17ea9dde89e995a9a46222a93df0f992d4,1,37,True,3.038666,49026
10,WAVE,3b90ec17ea9dde89e995a9a46222a93df0f992d4,1,38,True,3.257542,49026
10,WAVE,3b90ec17ea9dde89e995a9a46222a93df0f992d4,1,39,True,3.250083,49026
10,WAVE,3b90ec17ea9dde89e995a9a46222a93df0f992d4,1,40,True,3.199125,49026
10,WAVE,3b90ec17ea9dde89e995a9a46222a93df0f992d4,1,41,True,3.215958,49026
10,WAVE,3b90ec17ea9dde89e995a9a46222a93df0f992d4,1,42,True,3.121958,49026
10,WAVE,3b90ec17ea9dde89e995a9a46222a93df0f992d4,1,43,True,3.201875,49026
10,WAVE,3b90ec17ea9dde89e995a9a46222a93df0f992d4,1,44,True,3.191125,49026
10,WAVE,3b90ec17ea9dde89e995a9a46222a93df0f992d4,1,45,True,3.144458,49026
10,WAVE,3b90ec17ea9dde89e995a9a46222a93df0f992d4,1,46,True,3.190917,49026
10,WAVE,3b90ec17ea9dde89e995a9a46222a93df0f992d4,1,47,True,3.159084,49026
10,WAVE,3b90ec17ea9dde89e995a9a46222a93df0f992d4,1,48,True,3.161792,49026
10,WAVE,3b90ec17ea9dde89e995a9a46222a93df0f992d4,1,49,True,3.183,49026
10,WAVE,3b90ec17ea9dde89e995a9a46222a93df0f992d4,1,50,True,3.188459,49026
10,WAVE,3b90ec17ea9dde89e995a9a46222a93df0f992d4,1,51,True,3.374167,49026
10,WAVE,3b90ec17ea9dde89e995a9a46222a93df0f992d4,1,52,True,3.369375,49026
10,WAVE,3b90ec17ea9dde89e995a9a46222a93df0f992d4,1,53,True,3.261041,49026
10,WAVE,3b90ec17ea9dde89e995a9a46222a93df0f992d4,1,54,True,3.209667,49026
10,WAVE,3b90ec17ea9dde89e995a9a46222a93df0f992d4,1,55,True,3.160084,49026
10,WAVE,3b90ec17ea9dde89e995a9a46222a93df0f992d4,1,56,True,3.125875,49026
10,WAVE,3b90ec17ea9dde89e995a9a46222a93df0f992d4,1,57,True,3.166541,49026
10,WAVE,3b90ec17ea9dde89e995a9a46222a93df0f992d4,1,58,True,3.182625,49026
10,WAVE,3b90ec17ea9dde89e995a9a46222a93df0f992d4,1,59,True,3.139666,49026
10,WAVE,3b90ec17ea9dde89e995a9a46222a93df0f992d4,1,60,True,3.145958,49026
10,WAVE,3b90ec17ea9dde89e995a9a46222a93df0f992d4,1,61,True,3.168083,49026
10,WAVE,3b90ec17ea9dde89e995a9a46222a93df0f992d4,1,62,True,3.2375,49026
10,WAVE,3b90ec17ea9dde89e995a9a46222a93df0f992d4,1,63,True,3.393083,49026
10,WAVE,3b90ec17ea9dde89e995a9a46222a93df0f992d4,1,64,True,3.055542,49026
10,WAVE,3b90ec17ea9dde89e995a9a46222a93df0f992d4,1,65,True,3.180709,49026
10,WAVE,3b90ec17ea9dde89e995a9a46222a93df0f992d4,1,66,True,3.052458,49026
10,WAVE,3b90ec17ea9dde89e995a9a46222a93df0f992d4,1,67,True,2.979875,49026
10,WAVE,3b90ec17ea9dde89e995a9a46222a93df0f992d4,1,68,True,3.105459,49026
10,WAVE,3b90ec17ea9dde89e995a9a46222a93df0f992d4,1,69,True,3.134167,49026
10,WAVE,3b90ec17ea9dde89e995a9a46222a93df0f992d4,1,70,True,3.088167,49026
10,WAVE,3b90ec17ea9dde89e995a9a46222a93df0f992d4,1,71,True,3.289916,49026
10,WAVE,3b90ec17ea9dde89e995a9a46222a93df0f992d4,1,72,True,3.202709,49026
10,WAVE,3b90ec17ea9dde89e995a9a46222a93df0f992d4,1,73,True,3.326584,49026
10,WAVE,3b90ec17ea9dde89e995a9a46222a93df0f992d4,1,74,True,3.302917,49026
10,WAVE,3b90ec17ea9dde89e995a9a46222a93df0f992d4,1,75,True,3.13625,49026
10,WAVE,3b90ec17ea9dde89e995a9a46222a93df0f992d4,1,76,True,3.293583,49026
10,WAVE,3b90ec17ea9dde89e995a9a46222a93df0f992d4,1,77,True,3.765583,49026
10,WAVE,3b90ec17ea9dde89e995a9a46222a93df0f992d4,1,78,True,3.302084,49026
10,WAVE,3b90ec17ea9dde89e995a9a46222a93df0f992d4,1,79,True,3.112542,49026
10,WAVE,3b90ec17ea9dde89e995a9a46222a93df0f992d4,1,80,True,3.34025,49026
10,WAVE,3b90ec17ea9dde89e995a9a46222a93df0f992d4,1,81,True,3.796792,49026
10,WAVE,3b90ec17ea9dde89e995a9a46222a93df0f992d4,1,82,True,3.420166,49026
10,WAVE,3b90ec17ea9dde89e995a9a46222a93df0f992d4,1,83,True,3.4155,49026
10,WAVE,3b90ec17ea9dde89e995a9a46222a93df0f992d4,1,84,True,3.688125,49026
10,WAVE,3b90ec17ea9dde89e995a9a46222a93df0f992d4,1,85,True,3.436208,49026
10,WAVE,3b90ec17ea9dde89e995a9a46222a93df0f992d4,1,86,True,3.392916,49026
10,WAVE,3b90ec17ea9dde89e995a9a46222a93df0f992d4,1,87,True,3.373875,49026
10,WAVE,3b90ec17ea9dde89e995a9a46222a93df0f992d4,1,88,True,3.687625,49026
10,WAVE,3b90ec17ea9dde89e995a9a46222a93df0f992d4,1,89,True,3.669417,49026
10,WAVE,3b90ec17ea9dde89e995a9a46222a93df0f992d4,1,90,True,3.576791,49026
10,WAVE,3b90ec17ea9dde89e995a9a46222a93df0f992d4,1,91,True,3.566625,49026
10,WAVE,3b90ec17ea9dde89e995a9a46222a93df0f992d4,1,92,True,3.419625,49026
10,WAVE,3b90ec17ea9dde89e995a9a46222a93df0f992d4,1,93,True,3.3705,49026
10,WAVE,3b90ec17ea9dde89e995a9a46222a93df0f992d4,1,94,True,3.382791,49026
10,WAVE,3b90ec17ea9dde89e995a9a46222a93df0f992d4,1,95,True,3.527666,49026
10,WAVE,3b90ec17ea9dde89e995a9a46222a93df0f992d4,1,96,True,3.367833,49026
10,WAVE,3b90ec17ea9dde89e995a9a46222a93df0f992d4,1,97,True,3.37775,49026
10,WAVE,3b90ec17ea9dde89e995a9a46222a93df0f992d4,1,98,True,3.366417,49026
10,WAVE,3b90ec17ea9dde89e995a9a46222a93df0f992d4,1,99,True,3.380583,49026
10,WAVE,3b90ec17ea9dde89e995a9a46222a93df0f992d4,1,100,True,3.370125,49026
10,WAVE,3b90ec17ea9dde89e995a9a46222a93df0f992d4,2,1,True,4.945792,96035
10,WAVE,3b90ec17ea9dde89e995a9a46222a93df0f992d4,2,2,True,4.958083,96035
10,WAVE,3b90ec17ea9dde89e995a9a46222a93df0f992d4,2,3,True,5.154333,96035
10,WAVE,3b90ec17ea9dde89e995a9a46222a93df0f992d4,2,4,True,5.16775,96035
10,WAVE,3b90ec17ea9dde89e995a9a46222a93df0f992d4,2,5,True,5.104083,96035
10,WAVE,3b90ec17ea9dde89e995a9a46222a93df0f992d4,2,6,True,5.076542,96035
10,WAVE,3b90ec17ea9dde89e995a9a46222a93df0f992d4,2,7,True,5.04275,96035
10,WAVE,3b90ec17ea9dde89e995a9a46222a93df0f992d4,2,8,True,5.036834,96035
10,WAVE,3b90ec17ea9dde89e995a9a46222a93df0f992d4,2,9,True,5.495292,96035
10,WAVE,3b90ec17ea9dde89e995a9a46222a93df0f992d4,2,10,True,5.104958,96035
10,WAVE,3b90ec17ea9dde89e995a9a46222a93df0f992d4,2,11,True,5.01675,96035
10,WAVE,3b90ec17ea9dde89e995a9a46222a93df0f992d4,2,12,True,5.035,96035
10,WAVE,3b90ec17ea9dde89e995a9a46222a93df0f992d4,2,13,True,5.016542,96035
10,WAVE,3b90ec17ea9dde89e995a9a46222a93df0f992d4,2,14,True,5.185292,96035
10,WAVE,3b90ec17ea9dde89e995a9a46222a93df0f992d4,2,15,True,5.366625,96035
10,WAVE,3b90ec17ea9dde89e995a9a46222a93df0f992d4,2,16,True,5.106,96035
10,WAVE,3b90ec17ea9dde89e995a9a46222a93df0f992d4,2,17,True,5.079416,96035
10,WAVE,3b90ec17ea9dde89e995a9a46222a93df0f992d4,2,18,True,5.05225,96035
10,WAVE,3b90ec17ea9dde89e995a9a46222a93df0f992d4,2,19,True,5.030666,96035
10,WAVE,3b90ec17ea9dde89e995a9a46222a93df0f992d4,2,20,True,5.040792,96035
10,WAVE,3b90ec17ea9dde89e995a9a46222a93df0f992d4,2,21,True,5.472417,96035
10,WAVE,3b90ec17ea9dde89e995a9a46222a93df0f992d4,2,22,True,5.296875,96035
10,WAVE,3b90ec17ea9dde89e995a9a46222a93df0f992d4,2,23,True,4.995125,96035
10,WAVE,3b90ec17ea9dde89e995a9a46222a93df0f992d4,2,24,True,4.981958,96035
10,WAVE,3b90ec17ea9dde89e995a9a46222a93df0f992d4,2,25,True,5.016583,96035
10,WAVE,3b90ec17ea9dde89e995a9a46222a93df0f992d4,2,26,True,5.076875,96035
10,WAVE,3b90ec17ea9dde89e995a9a46222a93df0f992d4,2,27,True,5.26275,96035
10,WAVE,3b90ec17ea9dde89e995a9a46222a93df0f992d4,2,28,True,5.1565,96035
10,WAVE,3b90ec17ea9dde89e995a9a46222a93df0f992d4,2,29,True,5.047208,96035
10,WAVE,3b90ec17ea9dde89e995a9a46222a93df0f992d4,2,30,True,5.026459,96035
10,WAVE,3b90ec17ea9dde89e995a9a46222a93df0f992d4,2,31,True,5.042292,96035
10,WAVE,3b90ec17ea9dde89e995a9a46222a93df0f992d4,2,32,True,5.019334,96035
10,WAVE,3b90ec17ea9dde89e995a9a46222a93df0f992d4,2,33,True,5.138167,96035
10,WAVE,3b90ec17ea9dde89e995a9a46222a93df0f992d4,2,34,True,5.022375,96035
10,WAVE,3b90ec17ea9dde89e995a9a46222a93df0f992d4,2,35,True,5.108459,96035
10,WAVE,3b90ec17ea9dde89e995a9a46222a93df0f992d4,2,36,True,4.851917,96035
10,WAVE,3b90ec17ea9dde89e995a9a46222a93df0f992d4,2,37,True,5.031375,96035
10,WAVE,3b90ec17ea9dde89e995a9a46222a93df0f992d4,2,38,True,5.175875,96035
10,WAVE,3b90ec17ea9dde89e995a9a46222a93df0f992d4,2,39,True,4.9205,96035
10,WAVE,3b90ec17ea9dde89e995a9a46222a93df0f992d4,2,40,True,4.862625,96035
10,WAVE,3b90ec17ea9dde89e995a9a46222a93df0f992d4,2,41,True,4.921875,96035
10,WAVE,3b90ec17ea9dde89e995a9a46222a93df0f992d4,2,42,True,5.013917,96035
10,WAVE,3b90ec17ea9dde89e995a9a46222a93df0f992d4,2,43,True,5.404167,96035
10,WAVE,3b90ec17ea9dde89e995a9a46222a93df0f992d4,2,44,True,5.215875,96035
10,WAVE,3b90ec17ea9dde89e995a9a46222a93df0f992d4,2,45,True,4.888083,96035
10,WAVE,3b90ec17ea9dde89e995a9a46222a93df0f992d4,2,46,True,4.897584,96035
10,WAVE,3b90ec17ea9dde89e995a9a46222a93df0f992d4,2,47,True,4.976042,96035
10,WAVE,3b90ec17ea9dde89e995a9a46222a93df0f992d4,2,48,True,4.994541,96035
10,WAVE,3b90ec17ea9dde89e995a9a46222a93df0f992d4,2,49,True,5.291083,96035
10,WAVE,3b90ec17ea9dde89e995a9a46222a93df0f992d4,2,50,True,5.181334,96035
10,WAVE,3b90ec17ea9dde89e995a9a46222a93df0f992d4,2,51,True,5.118834,96035
10,WAVE,3b90ec17ea9dde89e995a9a46222a93df0f992d4,2,52,True,5.056334,96035
10,WAVE,3b90ec17ea9dde89e995a9a46222a93df0f992d4,2,53,True,5.049792,96035
10,WAVE,3b90ec17ea9dde89e995a9a46222a93df0f992d4,2,54,True,5.004416,96035
10,WAVE,3b90ec17ea9dde89e995a9a46222a93df0f992d4,2,55,True,5.129792,96035
10,WAVE,3b90ec17ea9dde89e995a9a46222a93df0f992d4,2,56,True,5.013458,96035
10,WAVE,3b90ec17ea9dde89e995a9a46222a93df0f992d4,2,57,True,4.825833,96035
10,WAVE,3b90ec17ea9dde89e995a9a46222a93df0f992d4,2,58,True,4.791791,96035
10,WAVE,3b90ec17ea9dde89e995a9a46222a93df0f992d4,2,59,True,4.942084,96035
10,WAVE,3b90ec17ea9dde89e995a9a46222a93df0f992d4,2,60,True,5.125333,96035
10,WAVE,3b90ec17ea9dde89e995a9a46222a93df0f992d4,2,61,True,5.210541,96035
10,WAVE,3b90ec17ea9dde89e995a9a46222a93df0f992d4,2,62,True,5.128875,96035
10,WAVE,3b90ec17ea9dde89e995a9a46222a93df0f992d4,2,63,True,5.021167,96035
10,WAVE,3b90ec17ea9dde89e995a9a46222a93df0f992d4,2,64,True,5.065834,96035
10,WAVE,3b90ec17ea9dde89e995a9a46222a93df0f992d4,2,65,True,5.031084,96035
10,WAVE,3b90ec17ea9dde89e995a9a46222a93df0f992d4,2,66,True,5.04425,96035
10,WAVE,3b90ec17ea9dde89e995a9a46222a93df0f992d4,2,67,True,5.373625,96035
10,WAVE,3b90ec17ea9dde89e995a9a46222a93df0f992d4,2,68,True,5.174416,96035
10,WAVE,3b90ec17ea9dde89e995a9a46222a93df0f992d4,2,69,True,5.09475,96035
10,WAVE,3b90ec17ea9dde89e995a9a46222a93df0f992d4,2,70,True,5.033667,96035
10,WAVE,3b90ec17ea9dde89e995a9a46222a93df0f992d4,2,71,True,5.036208,96035
10,WAVE,3b90ec17ea9dde89e995a9a46222a93df0f992d4,2,72,True,5.186417,96035
10,WAVE,3b90ec17ea9dde89e995a9a46222a93df0f992d4,2,73,True,5.030042,96035
10,WAVE,3b90ec17ea9dde89e995a9a46222a93df0f992d4,2,74,True,4.922583,96035
10,WAVE,3b90ec17ea9dde89e995a9a46222a93df0f992d4,2,75,True,4.953792,96035
10,WAVE,3b90ec17ea9dde89e995a9a46222a93df0f992d4,2,76,True,4.950916,96035
10,WAVE,3b90ec17ea9dde89e995a9a46222a93df0f992d4,2,77,True,4.941083,96035
10,WAVE,3b90ec17ea9dde89e995a9a46222a93df0f992d4,2,78,True,4.961667,96035
10,WAVE,3b90ec17ea9dde89e995a9a46222a93df0f992d4,2,79,True,5.268416,96035
10,WAVE,3b90ec17ea9dde89e995a9a46222a93df0f992d4,2,80,True,5.112125,96035
10,WAVE,3b90ec17ea9dde89e995a9a46222a93df0f992d4,2,81,True,4.805417,96035
10,WAVE,3b90ec17ea9dde89e995a9a46222a93df0f992d4,2,82,True,4.945667,96035
10,WAVE,3b90ec17ea9dde89e995a9a46222a93df0f992d4,2,83,True,5.001584,96035
10,WAVE,3b90ec17ea9dde89e995a9a46222a93df0f992d4,2,84,True,5.032834,96035
10,WAVE,3b90ec17ea9dde89e995a9a46222a93df0f992d4,2,85,True,5.319209,96035
10,WAVE,3b90ec17ea9dde89e995a9a46222a93df0f992d4,2,86,True,5.025709,96035
10,WAVE,3b90ec17ea9dde89e995a9a46222a93df0f992d4,2,87,True,5.095709,96035
10,WAVE,3b90ec17ea9dde89e995a9a46222a93df0f992d4,2,88,True,4.785167,96035
10,WAVE,3b90ec17ea9dde89e995a9a46222a93df0f992d4,2,89,True,5.098458,96035
10,WAVE,3b90ec17ea9dde89e995a9a46222a93df0f992d4,2,90,True,5.060416,96035
10,WAVE,3b90ec17ea9dde89e995a9a46222a93df0f992d4,2,91,True,4.991917,96035
10,WAVE,3b90ec17ea9dde89e995a9a46222a93df0f992d4,2,92,True,5.006334,96035
10,WAVE,3b90ec17ea9dde89e995a9a46222a93df0f992d4,2,93,True,5.023834,96035
10,WAVE,3b90ec17ea9dde89e995a9a46222a93df0f992d4,2,94,True,5.030209,96035
10,WAVE,3b90ec17ea9dde89e995a9a46222a93df0f992d4,2,95,True,5.26575,96035
10,WAVE,3b90ec17ea9dde89e995a9a46222a93df0f992d4,2,96,True,5.167833,96035
10,WAVE,3b90ec17ea9dde89e995a9a46222a93df0f992d4,2,97,True,4.831375,96035
10,WAVE,3b90ec17ea9dde89e995a9a46222a93df0f992d4,2,98,True,4.907292,96035
10,WAVE,3b90ec17ea9dde89e995a9a46222a93df0f992d4,2,99,True,4.902584,96035
10,WAVE,3b90ec17ea9dde89e995a9a46222a93df0f992d4,2,100,True,4.961167,96035
10,WAVE,3b90ec17ea9dde89e995a9a46222a93df0f992d4,3,1,True,6.842958,143040
10,WAVE,3b90ec17ea9dde89e995a9a46222a93df0f992d4,3,2,True,7.354,143040
10,WAVE,3b90ec17ea9dde89e995a9a46222a93df0f992d4,3,3,True,7.047833,143040
10,WAVE,3b90ec17ea9dde89e995a9a46222a93df0f992d4,3,4,True,6.918708,143040
10,WAVE,3b90ec17ea9dde89e995a9a46222a93df0f992d4,3,5,True,6.933416,143040
10,WAVE,3b90ec17ea9dde89e995a9a46222a93df0f992d4,3,6,True,6.922292,143040
10,WAVE,3b90ec17ea9dde89e995a9a46222a93df0f992d4,3,7,True,7.254167,143040
10,WAVE,3b90ec17ea9dde89e995a9a46222a93df0f992d4,3,8,True,6.884542,143040
10,WAVE,3b90ec17ea9dde89e995a9a46222a93df0f992d4,3,9,True,6.813167,143040
10,WAVE,3b90ec17ea9dde89e995a9a46222a93df0f992d4,3,10,True,6.949542,143040
10,WAVE,3b90ec17ea9dde89e995a9a46222a93df0f992d4,3,11,True,7.145541,143040
10,WAVE,3b90ec17ea9dde89e995a9a46222a93df0f992d4,3,12,True,7.113708,143040
10,WAVE,3b90ec17ea9dde89e995a9a46222a93df0f992d4,3,13,True,7.094333,143040
10,WAVE,3b90ec17ea9dde89e995a9a46222a93df0f992d4,3,14,True,6.990458,143040
10,WAVE,3b90ec17ea9dde89e995a9a46222a93df0f992d4,3,15,True,7.083416,143040
10,WAVE,3b90ec17ea9dde89e995a9a46222a93df0f992d4,3,16,True,6.998958,143040
10,WAVE,3b90ec17ea9dde89e995a9a46222a93df0f992d4,3,17,True,6.8675,143040
10,WAVE,3b90ec17ea9dde89e995a9a46222a93df0f992d4,3,18,True,6.519,143040
10,WAVE,3b90ec17ea9dde89e995a9a46222a93df0f992d4,3,19,True,7.187833,143040
10,WAVE,3b90ec17ea9dde89e995a9a46222a93df0f992d4,3,20,True,6.923417,143040
10,WAVE,3b90ec17ea9dde89e995a9a46222a93df0f992d4,3,21,True,6.87125,143040
10,WAVE,3b90ec17ea9dde89e995a9a46222a93df0f992d4,3,22,True,6.889625,143040
10,WAVE,3b90ec17ea9dde89e995a9a46222a93df0f992d4,3,23,True,7.159459,143040
10,WAVE,3b90ec17ea9dde89e995a9a46222a93df0f992d4,3,24,True,6.793041,143040
10,WAVE,3b90ec17ea9dde89e995a9a46222a93df0f992d4,3,25,True,6.866708,143040
10,WAVE,3b90ec17ea9dde89e995a9a46222a93df0f992d4,3,26,True,6.914291,143040
10,WAVE,3b90ec17ea9dde89e995a9a46222a93df0f992d4,3,27,True,7.111208,143040
10,WAVE,3b90ec17ea9dde89e995a9a46222a93df0f992d4,3,28,True,6.843084,143040
10,WAVE,3b90ec17ea9dde89e995a9a46222a93df0f992d4,3,29,True,6.919167,143040
10,WAVE,3b90ec17ea9dde89e995a9a46222a93df0f992d4,3,30,True,6.871916,143040
10,WAVE,3b90ec17ea9dde89e995a9a46222a93df0f992d4,3,31,True,7.176208,143040
10,WAVE,3b90ec17ea9dde89e995a9a46222a93df0f992d4,3,32,True,7.112417,143040
10,WAVE,3b90ec17ea9dde89e995a9a46222a93df0f992d4,3,33,True,6.908542,143040
10,WAVE,3b90ec17ea9dde89e995a9a46222a93df0f992d4,3,34,True,6.955791,143040
10,WAVE,3b90ec17ea9dde89e995a9a46222a93df0f992d4,3,35,True,7.123333,143040
10,WAVE,3b90ec17ea9dde89e995a9a46222a93df0f992d4,3,36,True,6.836459,143040
10,WAVE,3b90ec17ea9dde89e995a9a46222a93df0f992d4,3,37,True,6.855167,143040
10,WAVE,3b90ec17ea9dde89e995a9a46222a93df0f992d4,3,38,True,6.851875,143040
10,WAVE,3b90ec17ea9dde89e995a9a46222a93df0f992d4,3,39,True,7.137875,143040
10,WAVE,3b90ec17ea9dde89e995a9a46222a93df0f992d4,3,40,True,7.085417,143040
10,WAVE,3b90ec17ea9dde89e995a9a46222a93df0f992d4,3,41,True,6.964333,143040
10,WAVE,3b90ec17ea9dde89e995a9a46222a93df0f992d4,3,42,True,6.94675,143040
10,WAVE,3b90ec17ea9dde89e995a9a46222a93df0f992d4,3,43,True,7.034209,143040
10,WAVE,3b90ec17ea9dde89e995a9a46222a93df0f992d4,3,44,True,7.011833,143040
10,WAVE,3b90ec17ea9dde89e995a9a46222a93df0f992d4,3,45,True,6.925875,143040
10,WAVE,3b90ec17ea9dde89e995a9a46222a93df0f992d4,3,46,True,6.994959,143040
10,WAVE,3b90ec17ea9dde89e995a9a46222a93df0f992d4,3,47,True,7.244917,143040
10,WAVE,3b90ec17ea9dde89e995a9a46222a93df0f992d4,3,48,True,7.112292,143040
10,WAVE,3b90ec17ea9dde89e995a9a46222a93df0f992d4,3,49,True,6.984292,143040
10,WAVE,3b90ec17ea9dde89e995a9a46222a93df0f992d4,3,50,True,6.974167,143040
10,WAVE,3b90ec17ea9dde89e995a9a46222a93df0f992d4,3,51,True,7.404209,143040
10,WAVE,3b90ec17ea9dde89e995a9a46222a93df0f992d4,3,52,True,7.110584,143040
10,WAVE,3b90ec17ea9dde89e995a9a46222a93df0f992d4,3,53,True,7.046667,143040
10,WAVE,3b90ec17ea9dde89e995a9a46222a93df0f992d4,3,54,True,7.171584,143040
10,WAVE,3b90ec17ea9dde89e995a9a46222a93df0f992d4,3,55,True,7.295959,143040
10,WAVE,3b90ec17ea9dde89e995a9a46222a93df0f992d4,3,56,True,7.064375,143040
10,WAVE,3b90ec17ea9dde89e995a9a46222a93df0f992d4,3,57,True,6.731333,143040
10,WAVE,3b90ec17ea9dde89e995a9a46222a93df0f992d4,3,58,True,6.840291,143040
10,WAVE,3b90ec17ea9dde89e995a9a46222a93df0f992d4,3,59,True,6.843792,143040
10,WAVE,3b90ec17ea9dde89e995a9a46222a93df0f992d4,3,60,True,6.788,143040
10,WAVE,3b90ec17ea9dde89e995a9a46222a93df0f992d4,3,61,True,6.881541,143040
10,WAVE,3b90ec17ea9dde89e995a9a46222a93df0f992d4,3,62,True,7.179291,143040
10,WAVE,3b90ec17ea9dde89e995a9a46222a93df0f992d4,3,63,True,6.852375,143040
10,WAVE,3b90ec17ea9dde89e995a9a46222a93df0f992d4,3,64,True,6.834292,143040
10,WAVE,3b90ec17ea9dde89e995a9a46222a93df0f992d4,3,65,True,7.285958,143040
10,WAVE,3b90ec17ea9dde89e995a9a46222a93df0f992d4,3,66,True,6.903916,143040
10,WAVE,3b90ec17ea9dde89e995a9a46222a93df0f992d4,3,67,True,6.903416,143040
10,WAVE,3b90ec17ea9dde89e995a9a46222a93df0f992d4,3,68,True,6.970917,143040
10,WAVE,3b90ec17ea9dde89e995a9a46222a93df0f992d4,3,69,True,7.166334,143040
10,WAVE,3b90ec17ea9dde89e995a9a46222a93df0f992d4,3,70,True,7.006708,143040
10,WAVE,3b90ec17ea9dde89e995a9a46222a93df0f992d4,3,71,True,6.942,143040
10,WAVE,3b90ec17ea9dde89e995a9a46222a93df0f992d4,3,72,True,7.008791,143040
10,WAVE,3b90ec17ea9dde89e995a9a46222a93df0f992d4,3,73,True,7.279292,143040
10,WAVE,3b90ec17ea9dde89e995a9a46222a93df0f992d4,3,74,True,7.206417,143040
10,WAVE,3b90ec17ea9dde89e995a9a46222a93df0f992d4,3,75,True,7.041834,143040
10,WAVE,3b90ec17ea9dde89e995a9a46222a93df0f992d4,3,76,True,6.988166,143040
10,WAVE,3b90ec17ea9dde89e995a9a46222a93df0f992d4,3,77,True,7.243083,143040
10,WAVE,3b90ec17ea9dde89e995a9a46222a93df0f992d4,3,78,True,7.048833,143040
10,WAVE,3b90ec17ea9dde89e995a9a46222a93df0f992d4,3,79,True,7.0305,143040
10,WAVE,3b90ec17ea9dde89e995a9a46222a93df0f992d4,3,80,True,6.988125,143040
10,WAVE,3b90ec17ea9dde89e995a9a46222a93df0f992d4,3,81,True,7.221208,143040
10,WAVE,3b90ec17ea9dde89e995a9a46222a93df0f992d4,3,82,True,6.933625,143040
10,WAVE,3b90ec17ea9dde89e995a9a46222a93df0f992d4,3,83,True,6.850292,143040
10,WAVE,3b90ec17ea9dde89e995a9a46222a93df0f992d4,3,84,True,6.685709,143040
10,WAVE,3b90ec17ea9dde89e995a9a46222a93df0f992d4,3,85,True,6.95025,143040
10,WAVE,3b90ec17ea9dde89e995a9a46222a93df0f992d4,3,86,True,7.214334,143040
10,WAVE,3b90ec17ea9dde89e995a9a46222a93df0f992d4,3,87,True,6.759792,143040
10,WAVE,3b90ec17ea9dde89e995a9a46222a93df0f992d4,3,88,True,6.764834,143040
10,WAVE,3b90ec17ea9dde89e995a9a46222a93df0f992d4,3,89,True,6.83975,143040
10,WAVE,3b90ec17ea9dde89e995a9a46222a93df0f992d4,3,90,True,7.073667,143040
10,WAVE,3b90ec17ea9dde89e995a9a46222a93df0f992d4,3,91,True,6.909958,143040
10,WAVE,3b90ec17ea9dde89e995a9a46222a93df0f992d4,3,92,True,6.888125,143040
10,WAVE,3b90ec17ea9dde89e995a9a46222a93df0f992d4,3,93,True,6.898375,143040
10,WAVE,3b90ec17ea9dde89e995a9a46222a93df0f992d4,3,94,True,7.207708,143040
10,WAVE,3b90ec17ea9dde89e995a9a46222a93df0f992d4,3,95,True,6.883584,143040
10,WAVE,3b90ec17ea9dde89e995a9a46222a93df0f992d4,3,96,True,6.878917,143040
10,WAVE,3b90ec17ea9dde89e995a9a46222a93df0f992d4,3,97,True,6.950958,143040
10,WAVE,3b90ec17ea9dde89e995a9a46222a93df0f992d4,3,98,True,7.23775,143040
10,WAVE,3b90ec17ea9dde89e995a9a46222a93df0f992d4,3,99,True,7.094375,143040
10,WAVE,3b90ec17ea9dde89e995a9a46222a93df0f992d4,3,100,True,6.731166,143040
10,WAVE,3b90ec17ea9dde89e995a9a46222a93df0f992d4,5,1,True,11.329791,237050
10,WAVE,3b90ec17ea9dde89e995a9a46222a93df0f992d4,5,2,True,10.441875,237050
10,WAVE,3b90ec17ea9dde89e995a9a46222a93df0f992d4,5,3,True,10.697,237050
10,WAVE,3b90ec17ea9dde89e995a9a46222a93df0f992d4,5,4,True,10.514791,237050
10,WAVE,3b90ec17ea9dde89e995a9a46222a93df0f992d4,5,5,True,10.702625,237050
10,WAVE,3b90ec17ea9dde89e995a9a46222a93df0f992d4,5,6,True,10.878792,237050
10,WAVE,3b90ec17ea9dde89e995a9a46222a93df0f992d4,5,7,True,10.723666,237050
10,WAVE,3b90ec17ea9dde89e995a9a46222a93df0f992d4,5,8,True,10.822333,237050
10,WAVE,3b90ec17ea9dde89e995a9a46222a93df0f992d4,5,9,True,10.891416,237050
10,WAVE,3b90ec17ea9dde89e995a9a46222a93df0f992d4,5,10,True,10.310541,237050
10,WAVE,3b90ec17ea9dde89e995a9a46222a93df0f992d4,5,11,True,10.803,237050
10,WAVE,3b90ec17ea9dde89e995a9a46222a93df0f992d4,5,12,True,10.691458,237050
10,WAVE,3b90ec17ea9dde89e995a9a46222a93df0f992d4,5,13,True,10.534041,237050
10,WAVE,3b90ec17ea9dde89e995a9a46222a93df0f992d4,5,14,True,10.728458,237050
10,WAVE,3b90ec17ea9dde89e995a9a46222a93df0f992d4,5,15,True,10.769292,237050
10,WAVE,3b90ec17ea9dde89e995a9a46222a93df0f992d4,5,16,True,11.429208,237050
10,WAVE,3b90ec17ea9dde89e995a9a46222a93df0f992d4,5,17,True,10.410208,237050
10,WAVE,3b90ec17ea9dde89e995a9a46222a93df0f992d4,5,18,True,10.746417,237050
10,WAVE,3b90ec17ea9dde89e995a9a46222a93df0f992d4,5,19,True,10.50075,237050
10,WAVE,3b90ec17ea9dde89e995a9a46222a93df0f992d4,5,20,True,10.359208,237050
10,WAVE,3b90ec17ea9dde89e995a9a46222a93df0f992d4,5,21,True,11.262541,237050
10,WAVE,3b90ec17ea9dde89e995a9a46222a93df0f992d4,5,22,True,10.37475,237050
10,WAVE,3b90ec17ea9dde89e995a9a46222a93df0f992d4,5,23,True,10.486792,237050
10,WAVE,3b90ec17ea9dde89e995a9a46222a93df0f992d4,5,24,True,11.399084,237050
10,WAVE,3b90ec17ea9dde89e995a9a46222a93df0f992d4,5,25,True,10.832417,237050
10,WAVE,3b90ec17ea9dde89e995a9a46222a93df0f992d4,5,26,True,10.862,237050
10,WAVE,3b90ec17ea9dde89e995a9a46222a93df0f992d4,5,27,True,11.063375,237050
10,WAVE,3b90ec17ea9dde89e995a9a46222a93df0f992d4,5,28,True,11.236875,237050
10,WAVE,3b90ec17ea9dde89e995a9a46222a93df0f992d4,5,29,True,10.405042,237050
10,WAVE,3b90ec17ea9dde89e995a9a46222a93df0f992d4,5,30,True,10.70325,237050
10,WAVE,3b90ec17ea9dde89e995a9a46222a93df0f992d4,5,31,True,10.476459,237050
10,WAVE,3b90ec17ea9dde89e995a9a46222a93df0f992d4,5,32,True,10.843167,237050
10,WAVE,3b90ec17ea9dde89e995a9a46222a93df0f992d4,5,33,True,11.279375,237050
10,WAVE,3b90ec17ea9dde89e995a9a46222a93df0f992d4,5,34,True,10.902291,237050
10,WAVE,3b90ec17ea9dde89e995a9a46222a93df0f992d4,5,35,True,10.913167,237050
10,WAVE,3b90ec17ea9dde89e995a9a46222a93df0f992d4,5,36,True,10.846625,237050
10,WAVE,3b90ec17ea9dde89e995a9a46222a93df0f992d4,5,37,True,10.893709,237050
10,WAVE,3b90ec17ea9dde89e995a9a46222a93df0f992d4,5,38,True,11.031375,237050
10,WAVE,3b90ec17ea9dde89e995a9a46222a93df0f992d4,5,39,True,10.881208,237050
10,WAVE,3b90ec17ea9dde89e995a9a46222a93df0f992d4,5,40,True,11.375833,237050
10,WAVE,3b90ec17ea9dde89e995a9a46222a93df0f992d4,5,41,True,10.887083,237050
10,WAVE,3b90ec17ea9dde89e995a9a46222a93df0f992d4,5,42,True,10.954208,237050
10,WAVE,3b90ec17ea9dde89e995a9a46222a93df0f992d4,5,43,True,11.254209,237050
10,WAVE,3b90ec17ea9dde89e995a9a46222a93df0f992d4,5,44,True,11.005417,237050
10,WAVE,3b90ec17ea9dde89e995a9a46222a93df0f992d4,5,45,True,10.961791,237050
10,WAVE,3b90ec17ea9dde89e995a9a46222a93df0f992d4,5,46,True,10.709333,237050
10,WAVE,3b90ec17ea9dde89e995a9a46222a93df0f992d4,5,47,True,10.98675,237050
10,WAVE,3b90ec17ea9dde89e995a9a46222a93df0f992d4,5,48,True,10.845,237050
10,WAVE,3b90ec17ea9dde89e995a9a46222a93df0f992d4,5,49,True,10.918209,237050
10,WAVE,3b90ec17ea9dde89e995a9a46222a93df0f992d4,5,50,True,11.338875,237050
10,WAVE,3b90ec17ea9dde89e995a9a46222a93df0f992d4,5,51,True,10.854125,237050
10,WAVE,3b90ec17ea9dde89e995a9a46222a93df0f992d4,5,52,True,10.370875,237050
10,WAVE,3b90ec17ea9dde89e995a9a46222a93df0f992d4,5,53,True,10.641667,237050
10,WAVE,3b90ec17ea9dde89e995a9a46222a93df0f992d4,5,54,True,10.629084,237050
10,WAVE,3b90ec17ea9dde89e995a9a46222a93df0f992d4,5,55,True,11.121875,237050
10,WAVE,3b90ec17ea9dde89e995a9a46222a93df0f992d4,5,56,True,10.435292,237050
10,WAVE,3b90ec17ea9dde89e995a9a46222a93df0f992d4,5,57,True,11.03575,237050
10,WAVE,3b90ec17ea9dde89e995a9a46222a93df0f992d4,5,58,True,10.492375,237050
10,WAVE,3b90ec17ea9dde89e995a9a46222a93df0f992d4,5,59,True,10.447417,237050
10,WAVE,3b90ec17ea9dde89e995a9a46222a93df0f992d4,5,60,True,11.07075,237050
10,WAVE,3b90ec17ea9dde89e995a9a46222a93df0f992d4,5,61,True,10.986417,237050
10,WAVE,3b90ec17ea9dde89e995a9a46222a93df0f992d4,5,62,True,10.804542,237050
10,WAVE,3b90ec17ea9dde89e995a9a46222a93df0f992d4,5,63,True,11.328375,237050
10,WAVE,3b90ec17ea9dde89e995a9a46222a93df0f992d4,5,64,True,10.878,237050
10,WAVE,3b90ec17ea9dde89e995a9a46222a93df0f992d4,5,65,True,10.871959,237050
10,WAVE,3b90ec17ea9dde89e995a9a46222a93df0f992d4,5,66,True,11.078375,237050
10,WAVE,3b90ec17ea9dde89e995a9a46222a93df0f992d4,5,67,True,11.116125,237050
10,WAVE,3b90ec17ea9dde89e995a9a46222a93df0f992d4,5,68,True,10.605917,237050
10,WAVE,3b90ec17ea9dde89e995a9a46222a93df0f992d4,5,69,True,11.24975,237050
10,WAVE,3b90ec17ea9dde89e995a9a46222a93df0f992d4,5,70,True,11.109125,237050
10,WAVE,3b90ec17ea9dde89e995a9a46222a93df0f992d4,5,71,True,10.955417,237050
10,WAVE,3b90ec17ea9dde89e995a9a46222a93df0f992d4,5,72,True,11.302708,237050
10,WAVE,3b90ec17ea9dde89e995a9a46222a93df0f992d4,5,73,True,10.863542,237050
10,WAVE,3b90ec17ea9dde89e995a9a46222a93df0f992d4,5,74,True,10.918667,237050
10,WAVE,3b90ec17ea9dde89e995a9a46222a93df0f992d4,5,75,True,11.103083,237050
10,WAVE,3b90ec17ea9dde89e995a9a46222a93df0f992d4,5,76,True,10.915083,237050
10,WAVE,3b90ec17ea9dde89e995a9a46222a93df0f992d4,5,77,True,10.918792,237050
10,WAVE,3b90ec17ea9dde89e995a9a46222a93df0f992d4,5,78,True,11.181083,237050
10,WAVE,3b90ec17ea9dde89e995a9a46222a93df0f992d4,5,79,True,11.065458,237050
10,WAVE,3b90ec17ea9dde89e995a9a46222a93df0f992d4,5,80,True,10.870917,237050
10,WAVE,3b90ec17ea9dde89e995a9a46222a93df0f992d4,5,81,True,11.123084,237050
10,WAVE,3b90ec17ea9dde89e995a9a46222a93df0f992d4,5,82,True,10.798208,237050
10,WAVE,3b90ec17ea9dde89e995a9a46222a93df0f992d4,5,83,True,10.969,237050
10,WAVE,3b90ec17ea9dde89e995a9a46222a93df0f992d4,5,84,True,11.299334,237050
10,WAVE,3b90ec17ea9dde89e995a9a46222a93df0f992d4,5,85,True,10.637166,237050
10,WAVE,3b90ec17ea9dde89e995a9a46222a93df0f992d4,5,86,True,10.546541,237050
10,WAVE,3b90ec17ea9dde89e995a9a46222a93df0f992d4,5,87,True,11.128417,237050
10,WAVE,3b90ec17ea9dde89e995a9a46222a93df0f992d4,5,88,True,10.942167,237050
10,WAVE,3b90ec17ea9dde89e995a9a46222a93df0f992d4,5,89,True,10.897209,237050
10,WAVE,3b90ec17ea9dde89e995a9a46222a93df0f992d4,5,90,True,11.270375,237050
10,WAVE,3b90ec17ea9dde89e995a9a46222a93df0f992d4,5,91,True,10.847,237050
10,WAVE,3b90ec17ea9dde89e995a9a46222a93df0f992d4,5,92,True,10.884584,237050
10,WAVE,3b90ec17ea9dde89e995a9a46222a93df0f992d4,5,93,True,11.529334,237050
10,WAVE,3b90ec17ea9dde89e995a9a46222a93df0f992d4,5,94,True,10.357042,237050
10,WAVE,3b90ec17ea9dde89e995a9a46222a93df0f992d4,5,95,True,10.71125,237050
10,WAVE,3b90ec17ea9dde89e995a9a46222a93df0f992d4,5,96,True,10.942459,237050
10,WAVE,3b90ec17ea9dde89e995a9a46222a93df0f992d4,5,97,True,10.512459,237050
10,WAVE,3b90ec17ea9dde89e995a9a46222a93df0f992d4,5,98,True,11.471875,237050
10,WAVE,3b90ec17ea9dde89e995a9a46222a93df0f992d4,5,99,True,12.016625,237050
10,WAVE,3b90ec17ea9dde89e995a9a46222a93df0f992d4,5,100,True,11.558083,237050
10,WAVE,3b90ec17ea9dde89e995a9a46222a93df0f992d4,10,1,True,20.303667,472075
10,WAVE,3b90ec17ea9dde89e995a9a46222a93df0f992d4,10,2,True,20.562542,472075
10,WAVE,3b90ec17ea9dde89e995a9a46222a93df0f992d4,10,3,True,20.550334,472075
10,WAVE,3b90ec17ea9dde89e995a9a46222a93df0f992d4,10,4,True,20.6325,472075
10,WAVE,3b90ec17ea9dde89e995a9a46222a93df0f992d4,10,5,True,21.080584,472075
10,WAVE,3b90ec17ea9dde89e995a9a46222a93df0f992d4,10,6,True,21.984375,472075
10,WAVE,3b90ec17ea9dde89e995a9a46222a93df0f992d4,10,7,True,24.186291,472075
10,WAVE,3b90ec17ea9dde89e995a9a46222a93df0f992d4,10,8,True,22.984292,472075
10,WAVE,3b90ec17ea9dde89e995a9a46222a93df0f992d4,10,9,True,23.295292,472075
10,WAVE,3b90ec17ea9dde89e995a9a46222a93df0f992d4,10,10,True,22.146083,472075
10,WAVE,3b90ec17ea9dde89e995a9a46222a93df0f992d4,10,11,True,23.624875,472075
10,WAVE,3b90ec17ea9dde89e995a9a46222a93df0f992d4,10,12,True,21.988916,472075
10,WAVE,3b90ec17ea9dde89e995a9a46222a93df0f992d4,10,13,True,22.924958,472075
10,WAVE,3b90ec17ea9dde89e995a9a46222a93df0f992d4,10,14,True,22.655625,472075
10,WAVE,3b90ec17ea9dde89e995a9a46222a93df0f992d4,10,15,True,20.971042,472075
10,WAVE,3b90ec17ea9dde89e995a9a46222a93df0f992d4,10,16,True,21.083625,472075
10,WAVE,3b90ec17ea9dde89e995a9a46222a93df0f992d4,10,17,True,21.297875,472075
10,WAVE,3b90ec17ea9dde89e995a9a46222a93df0f992d4,10,18,True,20.795041,472075
10,WAVE,3b90ec17ea9dde89e995a9a46222a93df0f992d4,10,19,True,20.5675,472075
10,WAVE,3b90ec17ea9dde89e995a9a46222a93df0f992d4,10,20,True,20.43325,472075
10,WAVE,3b90ec17ea9dde89e995a9a46222a93df0f992d4,10,21,True,20.131584,472075
10,WAVE,3b90ec17ea9dde89e995a9a46222a93df0f992d4,10,22,True,20.423292,472075
10,WAVE,3b90ec17ea9dde89e995a9a46222a93df0f992d4,10,23,True,20.609625,472075
10,WAVE,3b90ec17ea9dde89e995a9a46222a93df0f992d4,10,24,True,20.333,472075
10,WAVE,3b90ec17ea9dde89e995a9a46222a93df0f992d4,10,25,True,20.186292,472075
10,WAVE,3b90ec17ea9dde89e995a9a46222a93df0f992d4,10,26,True,20.457042,472075
10,WAVE,3b90ec17ea9dde89e995a9a46222a93df0f992d4,10,27,True,19.913458,472075
10,WAVE,3b90ec17ea9dde89e995a9a46222a93df0f992d4,10,28,True,20.525125,472075
10,WAVE,3b90ec17ea9dde89e995a9a46222a93df0f992d4,10,29,True,20.035625,472075
10,WAVE,3b90ec17ea9dde89e995a9a46222a93df0f992d4,10,30,True,20.752917,472075
10,WAVE,3b90ec17ea9dde89e995a9a46222a93df0f992d4,10,31,True,20.674041,472075
10,WAVE,3b90ec17ea9dde89e995a9a46222a93df0f992d4,10,32,True,20.531708,472075
10,WAVE,3b90ec17ea9dde89e995a9a46222a93df0f992d4,10,33,True,20.152125,472075
10,WAVE,3b90ec17ea9dde89e995a9a46222a93df0f992d4,10,34,True,20.13525,472075
10,WAVE,3b90ec17ea9dde89e995a9a46222a93df0f992d4,10,35,True,20.378292,472075
10,WAVE,3b90ec17ea9dde89e995a9a46222a93df0f992d4,10,36,True,20.09325,472075
10,WAVE,3b90ec17ea9dde89e995a9a46222a93df0f992d4,10,37,True,20.384083,472075
10,WAVE,3b90ec17ea9dde89e995a9a46222a93df0f992d4,10,38,True,20.656625,472075
10,WAVE,3b90ec17ea9dde89e995a9a46222a93df0f992d4,10,39,True,19.889,472075
10,WAVE,3b90ec17ea9dde89e995a9a46222a93df0f992d4,10,40,True,20.359625,472075
10,WAVE,3b90ec17ea9dde89e995a9a46222a93df0f992d4,10,41,True,20.147667,472075
10,WAVE,3b90ec17ea9dde89e995a9a46222a93df0f992d4,10,42,True,20.784167,472075
10,WAVE,3b90ec17ea9dde89e995a9a46222a93df0f992d4,10,43,True,20.752208,472075
10,WAVE,3b90ec17ea9dde89e995a9a46222a93df0f992d4,10,44,True,20.698833,472075
10,WAVE,3b90ec17ea9dde89e995a9a46222a93df0f992d4,10,45,True,20.232917,472075
10,WAVE,3b90ec17ea9dde89e995a9a46222a93df0f992d4,10,46,True,20.311125,472075
10,WAVE,3b90ec17ea9dde89e995a9a46222a93df0f992d4,10,47,True,20.797625,472075
10,WAVE,3b90ec17ea9dde89e995a9a46222a93df0f992d4,10,48,True,19.939833,472075
10,WAVE,3b90ec17ea9dde89e995a9a46222a93df0f992d4,10,49,True,19.950209,472075
10,WAVE,3b90ec17ea9dde89e995a9a46222a93df0f992d4,10,50,True,20.097833,472075
10,WAVE,3b90ec17ea9dde89e995a9a46222a93df0f992d4,10,51,True,20.640625,472075
10,WAVE,3b90ec17ea9dde89e995a9a46222a93df0f992d4,10,52,True,20.830666,472075
10,WAVE,3b90ec17ea9dde89e995a9a46222a93df0f992d4,10,53,True,20.308083,472075
10,WAVE,3b90ec17ea9dde89e995a9a46222a93df0f992d4,10,54,True,20.17125,472075
10,WAVE,3b90ec17ea9dde89e995a9a46222a93df0f992d4,10,55,True,19.710291,472075
10,WAVE,3b90ec17ea9dde89e995a9a46222a93df0f992d4,10,56,True,20.385791,472075
10,WAVE,3b90ec17ea9dde89e995a9a46222a93df0f992d4,10,57,True,20.662375,472075
10,WAVE,3b90ec17ea9dde89e995a9a46222a93df0f992d4,10,58,True,20.610625,472075
10,WAVE,3b90ec17ea9dde89e995a9a46222a93df0f992d4,10,59,True,20.0325,472075
10,WAVE,3b90ec17ea9dde89e995a9a46222a93df0f992d4,10,60,True,20.848084,472075
10,WAVE,3b90ec17ea9dde89e995a9a46222a93df0f992d4,10,61,True,20.325375,472075
10,WAVE,3b90ec17ea9dde89e995a9a46222a93df0f992d4,10,62,True,20.638625,472075
10,WAVE,3b90ec17ea9dde89e995a9a46222a93df0f992d4,10,63,True,20.813042,472075
10,WAVE,3b90ec17ea9dde89e995a9a46222a93df0f992d4,10,64,True,20.856584,472075
10,WAVE,3b90ec17ea9dde89e995a9a46222a93df0f992d4,10,65,True,20.076291,472075
10,WAVE,3b90ec17ea9dde89e995a9a46222a93df0f992d4,10,66,True,20.335709,472075
10,WAVE,3b90ec17ea9dde89e995a9a46222a93df0f992d4,10,67,True,20.237833,472075
10,WAVE,3b90ec17ea9dde89e995a9a46222a93df0f992d4,10,68,True,20.757584,472075
10,WAVE,3b90ec17ea9dde89e995a9a46222a93df0f992d4,10,69,True,20.223666,472075
10,WAVE,3b90ec17ea9dde89e995a9a46222a93df0f992d4,10,70,True,20.722916,472075
10,WAVE,3b90ec17ea9dde89e995a9a46222a93df0f992d4,10,71,True,20.332542,472075
10,WAVE,3b90ec17ea9dde89e995a9a46222a93df0f992d4,10,72,True,20.74725,472075
10,WAVE,3b90ec17ea9dde89e995a9a46222a93df0f992d4,10,73,True,20.198208,472075
10,WAVE,3b90ec17ea9dde89e995a9a46222a93df0f992d4,10,74,True,20.066042,472075
10,WAVE,3b90ec17ea9dde89e995a9a46222a93df0f992d4,10,75,True,20.466375,472075
10,WAVE,3b90ec17ea9dde89e995a9a46222a93df0f992d4,10,76,True,20.657541,472075
10,WAVE,3b90ec17ea9dde89e995a9a46222a93df0f992d4,10,77,True,20.283875,472075
10,WAVE,3b90ec17ea9dde89e995a9a46222a93df0f992d4,10,78,True,20.706625,472075
10,WAVE,3b90ec17ea9dde89e995a9a46222a93df0f992d4,10,79,True,20.821542,472075
10,WAVE,3b90ec17ea9dde89e995a9a46222a93df0f992d4,10,80,True,20.816167,472075
10,WAVE,3b90ec17ea9dde89e995a9a46222a93df0f992d4,10,81,True,20.079917,472075
10,WAVE,3b90ec17ea9dde89e995a9a46222a93df0f992d4,10,82,True,20.169042,472075
10,WAVE,3b90ec17ea9dde89e995a9a46222a93df0f992d4,10,83,True,20.387583,472075
10,WAVE,3b90ec17ea9dde89e995a9a46222a93df0f992d4,10,84,True,20.528458,472075
10,WAVE,3b90ec17ea9dde89e995a9a46222a93df0f992d4,10,85,True,19.830459,472075
10,WAVE,3b90ec17ea9dde89e995a9a46222a93df0f992d4,10,86,True,20.469084,472075
10,WAVE,3b90ec17ea9dde89e995a9a46222a93df0f992d4,10,87,True,19.943125,472075
10,WAVE,3b90ec17ea9dde89e995a9a46222a93df0f992d4,10,88,True,20.788292,472075
10,WAVE,3b90ec17ea9dde89e995a9a46222a93df0f992d4,10,89,True,20.594667,472075
10,WAVE,3b90ec17ea9dde89e995a9a46222a93df0f992d4,10,90,True,20.457167,472075
10,WAVE,3b90ec17ea9dde89e995a9a46222a93df0f992d4,10,91,True,20.687167,472075
10,WAVE,3b90ec17ea9dde89e995a9a46222a93df0f992d4,10,92,True,20.923042,472075
10,WAVE,3b90ec17ea9dde89e995a9a46222a93df0f992d4,10,93,True,20.825875,472075
10,WAVE,3b90ec17ea9dde89e995a9a46222a93df0f992d4,10,94,True,20.477875,472075
10,WAVE,3b90ec17ea9dde89e995a9a46222a93df0f992d4,10,95,True,19.841,472075
10,WAVE,3b90ec17ea9dde89e995a9a46222a93df0f992d4,10,96,True,20.950708,472075
10,WAVE,3b90ec17ea9dde89e995a9a46222a93df0f992d4,10,97,True,20.73425,472075
10,WAVE,3b90ec17ea9dde89e995a9a46222a93df0f992d4,10,98,True,21.341666,472075
10,WAVE,3b90ec17ea9dde89e995a9a46222a93df0f992d4,10,99,True,20.795042,472075
10,WAVE,3b90ec17ea9dde89e995a9a46222a93df0f992d4,10,100,True,21.33225,472075
