session,test,depth,iteration,accepted,latency_ms,reason,chain_credentials,chain_size_bytes
01,chain_depth_sensitivity,1,1,True,0.876167,valid chain of delegation,1,826
01,chain_depth_sensitivity,1,2,True,1.078583,valid chain of delegation,1,826
01,chain_depth_sensitivity,1,3,True,0.949375,valid chain of delegation,1,826
01,chain_depth_sensitivity,1,4,True,0.857458,valid chain of delegation,1,826
01,chain_depth_sensitivity,1,5,True,0.798,valid chain of delegation,1,826
01,chain_depth_sensitivity,1,6,True,0.766875,valid chain of delegation,1,826
01,chain_depth_sensitivity,1,7,True,0.872916,valid chain of delegation,1,826
01,chain_depth_sensitivity,1,8,True,0.879583,valid chain of delegation,1,826
01,chain_depth_sensitivity,1,9,True,0.901042,valid chain of delegation,1,826
01,chain_depth_sensitivity,1,10,True,0.802208,valid chain of delegation,1,826
01,chain_depth_sensitivity,1,11,True,0.874792,valid chain of delegation,1,826
01,chain_depth_sensitivity,1,12,True,0.774459,valid chain of delegation,1,826
01,chain_depth_sensitivity,1,13,True,0.765917,valid chain of delegation,1,826
01,chain_depth_sensitivity,1,14,True,0.788917,valid chain of delegation,1,826
01,chain_depth_sensitivity,1,15,True,0.802041,valid chain of delegation,1,826
01,chain_depth_sensitivity,1,16,True,0.786875,valid chain of delegation,1,826
01,chain_depth_sensitivity,1,17,True,0.797375,valid chain of delegation,1,826
01,chain_depth_sensitivity,1,18,True,0.791167,valid chain of delegation,1,826
01,chain_depth_sensitivity,1,19,True,0.757834,valid chain of delegation,1,826
01,chain_depth_sensitivity,1,20,True,0.787209,valid chain of delegation,1,826
01,chain_depth_sensitivity,1,21,True,0.748,valid chain of delegation,1,826
01,chain_depth_sensitivity,1,22,True,0.79625,valid chain of delegation,1,826
01,chain_depth_sensitivity,1,23,True,0.788792,valid chain of delegation,1,826
01,chain_depth_sensitivity,1,24,True,0.726583,valid chain of delegation,1,826
01,chain_depth_sensitivity,1,25,True,0.704417,valid chain of delegation,1,826
01,chain_depth_sensitivity,1,26,True,0.6955,valid chain of delegation,1,826
01,chain_depth_sensitivity,1,27,True,0.802709,valid chain of delegation,1,826
01,chain_depth_sensitivity,1,28,True,0.720084,valid chain of delegation,1,826
01,chain_depth_sensitivity,1,29,True,0.732375,valid chain of delegation,1,826
01,chain_depth_sensitivity,1,30,True,0.718708,valid chain of delegation,1,826
01,chain_depth_sensitivity,1,31,True,0.738375,valid chain of delegation,1,826
01,chain_depth_sensitivity,1,32,True,0.714125,valid chain of delegation,1,826
01,chain_depth_sensitivity,1,33,True,0.717875,valid chain of delegation,1,826
01,chain_depth_sensitivity,1,34,True,0.71225,valid chain of delegation,1,826
01,chain_depth_sensitivity,1,35,True,0.722,valid chain of delegation,1,826
01,chain_depth_sensitivity,1,36,True,0.709875,valid chain of delegation,1,826
01,chain_depth_sensitivity,1,37,True,0.741208,valid chain of delegation,1,826
01,chain_depth_sensitivity,1,38,True,0.734375,valid chain of delegation,1,826
01,chain_depth_sensitivity,1,39,True,0.682583,valid chain of delegation,1,826
01,chain_depth_sensitivity,1,40,True,0.718,valid chain of delegation,1,826
01,chain_depth_sensitivity,1,41,True,0.7035,valid chain of delegation,1,826
01,chain_depth_sensitivity,1,42,True,0.695583,valid chain of delegation,1,826
01,chain_depth_sensitivity,1,43,True,0.73075,valid chain of delegation,1,826
01,chain_depth_sensitivity,1,44,True,0.6845,valid chain of delegation,1,826
01,chain_depth_sensitivity,1,45,True,0.702333,valid chain of delegation,1,826
01,chain_depth_sensitivity,1,46,True,0.727042,valid chain of delegation,1,826
01,chain_depth_sensitivity,1,47,True,0.691292,valid chain of delegation,1,826
01,chain_depth_sensitivity,1,48,True,0.733208,valid chain of delegation,1,826
01,chain_depth_sensitivity,1,49,True,0.709958,valid chain of delegation,1,826
01,chain_depth_sensitivity,1,50,True,0.734417,valid chain of delegation,1,826
01,chain_depth_sensitivity,1,51,True,0.689375,valid chain of delegation,1,826
01,chain_depth_sensitivity,1,52,True,0.701209,valid chain of delegation,1,826
01,chain_depth_sensitivity,1,53,True,0.711708,valid chain of delegation,1,826
01,chain_depth_sensitivity,1,54,True,0.687417,valid chain of delegation,1,826
01,chain_depth_sensitivity,1,55,True,0.700792,valid chain of delegation,1,826
01,chain_depth_sensitivity,1,56,True,0.711167,valid chain of delegation,1,826
01,chain_depth_sensitivity,1,57,True,0.679666,valid chain of delegation,1,826
01,chain_depth_sensitivity,1,58,True,0.776458,valid chain of delegation,1,826
01,chain_depth_sensitivity,1,59,True,0.731083,valid chain of delegation,1,826
01,chain_depth_sensitivity,1,60,True,0.713083,valid chain of delegation,1,826
01,chain_depth_sensitivity,1,61,True,0.72375,valid chain of delegation,1,826
01,chain_depth_sensitivity,1,62,True,0.673375,valid chain of delegation,1,826
01,chain_depth_sensitivity,1,63,True,0.73225,valid chain of delegation,1,826
01,chain_depth_sensitivity,1,64,True,0.713458,valid chain of delegation,1,826
01,chain_depth_sensitivity,1,65,True,0.732916,valid chain of delegation,1,826
01,chain_depth_sensitivity,1,66,True,0.702167,valid chain of delegation,1,826
01,chain_depth_sensitivity,1,67,True,0.740125,valid chain of delegation,1,826
01,chain_depth_sensitivity,1,68,True,0.693333,valid chain of delegation,1,826
01,chain_depth_sensitivity,1,69,True,0.78175,valid chain of delegation,1,826
01,chain_depth_sensitivity,1,70,True,0.678834,valid chain of delegation,1,826
01,chain_depth_sensitivity,1,71,True,0.721459,valid chain of delegation,1,826
01,chain_depth_sensitivity,1,72,True,0.708125,valid chain of delegation,1,826
01,chain_depth_sensitivity,1,73,True,0.728167,valid chain of delegation,1,826
01,chain_depth_sensitivity,1,74,True,0.693083,valid chain of delegation,1,826
01,chain_depth_sensitivity,1,75,True,0.719542,valid chain of delegation,1,826
01,chain_depth_sensitivity,1,76,True,0.747042,valid chain of delegation,1,826
01,chain_depth_sensitivity,1,77,True,0.727958,valid chain of delegation,1,826
01,chain_depth_sensitivity,1,78,True,0.727334,valid chain of delegation,1,826
01,chain_depth_sensitivity,1,79,True,0.704,valid chain of delegation,1,826
01,chain_depth_sensitivity,1,80,True,0.71125,valid chain of delegation,1,826
01,chain_depth_sensitivity,1,81,True,0.770125,valid chain of delegation,1,826
01,chain_depth_sensitivity,1,82,True,0.698959,valid chain of delegation,1,826
01,chain_depth_sensitivity,1,83,True,0.732625,valid chain of delegation,1,826
01,chain_depth_sensitivity,1,84,True,0.72,valid chain of delegation,1,826
01,chain_depth_sensitivity,1,85,True,0.687042,valid chain of delegation,1,826
01,chain_depth_sensitivity,1,86,True,0.720125,valid chain of delegation,1,826
01,chain_depth_sensitivity,1,87,True,0.73175,valid chain of delegation,1,826
01,chain_depth_sensitivity,1,88,True,0.738292,valid chain of delegation,1,826
01,chain_depth_sensitivity,1,89,True,0.764333,valid chain of delegation,1,826
01,chain_depth_sensitivity,1,90,True,0.689583,valid chain of delegation,1,826
01,chain_depth_sensitivity,1,91,True,0.748583,valid chain of delegation,1,826
01,chain_depth_sensitivity,1,92,True,0.752875,valid chain of delegation,1,826
01,chain_depth_sensitivity,1,93,True,0.712917,valid chain of delegation,1,826
01,chain_depth_sensitivity,1,94,True,0.710042,valid chain of delegation,1,826
01,chain_depth_sensitivity,1,95,True,0.704916,valid chain of delegation,1,826
01,chain_depth_sensitivity,1,96,True,0.728084,valid chain of delegation,1,826
01,chain_depth_sensitivity,1,97,True,0.710333,valid chain of delegation,1,826
01,chain_depth_sensitivity,1,98,True,0.736042,valid chain of delegation,1,826
01,chain_depth_sensitivity,1,99,True,0.734209,valid chain of delegation,1,826
01,chain_depth_sensitivity,1,100,True,0.676875,valid chain of delegation,1,826
01,chain_depth_sensitivity,2,1,True,0.775042,valid chain of delegation,2,1678
01,chain_depth_sensitivity,2,2,True,0.798834,valid chain of delegation,2,1678
01,chain_depth_sensitivity,2,3,True,0.830542,valid chain of delegation,2,1678
01,chain_depth_sensitivity,2,4,True,0.785,valid chain of delegation,2,1678
01,chain_depth_sensitivity,2,5,True,0.794584,valid chain of delegation,2,1678
01,chain_depth_sensitivity,2,6,True,0.794083,valid chain of delegation,2,1678
01,chain_depth_sensitivity,2,7,True,0.788417,valid chain of delegation,2,1678
01,chain_depth_sensitivity,2,8,True,0.786,valid chain of delegation,2,1678
01,chain_depth_sensitivity,2,9,True,0.799167,valid chain of delegation,2,1678
01,chain_depth_sensitivity,2,10,True,0.850041,valid chain of delegation,2,1678
01,chain_depth_sensitivity,2,11,True,0.8115,valid chain of delegation,2,1678
01,chain_depth_sensitivity,2,12,True,0.805417,valid chain of delegation,2,1678
01,chain_depth_sensitivity,2,13,True,0.803,valid chain of delegation,2,1678
01,chain_depth_sensitivity,2,14,True,0.786667,valid chain of delegation,2,1678
01,chain_depth_sensitivity,2,15,True,0.77725,valid chain of delegation,2,1678
01,chain_depth_sensitivity,2,16,True,0.798334,valid chain of delegation,2,1678
01,chain_depth_sensitivity,2,17,True,0.797292,valid chain of delegation,2,1678
01,chain_depth_sensitivity,2,18,True,0.751792,valid chain of delegation,2,1678
01,chain_depth_sensitivity,2,19,True,0.743542,valid chain of delegation,2,1678
01,chain_depth_sensitivity,2,20,True,0.79575,valid chain of delegation,2,1678
01,chain_depth_sensitivity,2,21,True,0.795583,valid chain of delegation,2,1678
01,chain_depth_sensitivity,2,22,True,0.771709,valid chain of delegation,2,1678
01,chain_depth_sensitivity,2,23,True,0.77325,valid chain of delegation,2,1678
01,chain_depth_sensitivity,2,24,True,0.821125,valid chain of delegation,2,1678
01,chain_depth_sensitivity,2,25,True,0.795208,valid chain of delegation,2,1678
01,chain_depth_sensitivity,2,26,True,0.810875,valid chain of delegation,2,1678
01,chain_depth_sensitivity,2,27,True,0.771417,valid chain of delegation,2,1678
01,chain_depth_sensitivity,2,28,True,0.775292,valid chain of delegation,2,1678
01,chain_depth_sensitivity,2,29,True,0.778625,valid chain of delegation,2,1678
01,chain_depth_sensitivity,2,30,True,0.781791,valid chain of delegation,2,1678
01,chain_depth_sensitivity,2,31,True,0.753958,valid chain of delegation,2,1678
01,chain_depth_sensitivity,2,32,True,0.765959,valid chain of delegation,2,1678
01,chain_depth_sensitivity,2,33,True,0.772208,valid chain of delegation,2,1678
01,chain_depth_sensitivity,2,34,True,0.750125,valid chain of delegation,2,1678
01,chain_depth_sensitivity,2,35,True,0.761625,valid chain of delegation,2,1678
01,chain_depth_sensitivity,2,36,True,0.736,valid chain of delegation,2,1678
01,chain_depth_sensitivity,2,37,True,0.784125,valid chain of delegation,2,1678
01,chain_depth_sensitivity,2,38,True,0.785041,valid chain of delegation,2,1678
01,chain_depth_sensitivity,2,39,True,0.755458,valid chain of delegation,2,1678
01,chain_depth_sensitivity,2,40,True,0.7575,valid chain of delegation,2,1678
01,chain_depth_sensitivity,2,41,True,0.790875,valid chain of delegation,2,1678
01,chain_depth_sensitivity,2,42,True,0.787833,valid chain of delegation,2,1678
01,chain_depth_sensitivity,2,43,True,0.7775,valid chain of delegation,2,1678
01,chain_depth_sensitivity,2,44,True,0.756,valid chain of delegation,2,1678
01,chain_depth_sensitivity,2,45,True,0.750792,valid chain of delegation,2,1678
01,chain_depth_sensitivity,2,46,True,0.811584,valid chain of delegation,2,1678
01,chain_depth_sensitivity,2,47,True,0.777208,valid chain of delegation,2,1678
01,chain_depth_sensitivity,2,48,True,0.727333,valid chain of delegation,2,1678
01,chain_depth_sensitivity,2,49,True,0.788292,valid chain of delegation,2,1678
01,chain_depth_sensitivity,2,50,True,0.776959,valid chain of delegation,2,1678
01,chain_depth_sensitivity,2,51,True,0.754458,valid chain of delegation,2,1678
01,chain_depth_sensitivity,2,52,True,0.759917,valid chain of delegation,2,1678
01,chain_depth_sensitivity,2,53,True,0.770708,valid chain of delegation,2,1678
01,chain_depth_sensitivity,2,54,True,0.788875,valid chain of delegation,2,1678
01,chain_depth_sensitivity,2,55,True,0.790958,valid chain of delegation,2,1678
01,chain_depth_sensitivity,2,56,True,0.757292,valid chain of delegation,2,1678
01,chain_depth_sensitivity,2,57,True,0.753667,valid chain of delegation,2,1678
01,chain_depth_sensitivity,2,58,True,0.773917,valid chain of delegation,2,1678
01,chain_depth_sensitivity,2,59,True,0.763833,valid chain of delegation,2,1678
01,chain_depth_sensitivity,2,60,True,0.771625,valid chain of delegation,2,1678
01,chain_depth_sensitivity,2,61,True,0.799042,valid chain of delegation,2,1678
01,chain_depth_sensitivity,2,62,True,0.786334,valid chain of delegation,2,1678
01,chain_depth_sensitivity,2,63,True,0.75725,valid chain of delegation,2,1678
01,chain_depth_sensitivity,2,64,True,0.785084,valid chain of delegation,2,1678
01,chain_depth_sensitivity,2,65,True,0.7615,valid chain of delegation,2,1678
01,chain_depth_sensitivity,2,66,True,0.7825,valid chain of delegation,2,1678
01,chain_depth_sensitivity,2,67,True,0.740959,valid chain of delegation,2,1678
01,chain_depth_sensitivity,2,68,True,0.759042,valid chain of delegation,2,1678
01,chain_depth_sensitivity,2,69,True,0.775917,valid chain of delegation,2,1678
01,chain_depth_sensitivity,2,70,True,0.95275,valid chain of delegation,2,1678
01,chain_depth_sensitivity,2,71,True,0.780333,valid chain of delegation,2,1678
01,chain_depth_sensitivity,2,72,True,0.735458,valid chain of delegation,2,1678
01,chain_depth_sensitivity,2,73,True,0.764708,valid chain of delegation,2,1678
01,chain_depth_sensitivity,2,74,True,0.723041,valid chain of delegation,2,1678
01,chain_depth_sensitivity,2,75,True,0.803,valid chain of delegation,2,1678
01,chain_depth_sensitivity,2,76,True,0.792167,valid chain of delegation,2,1678
01,chain_depth_sensitivity,2,77,True,0.773958,valid chain of delegation,2,1678
01,chain_depth_sensitivity,2,78,True,0.798875,valid chain of delegation,2,1678
01,chain_depth_sensitivity,2,79,True,0.79975,valid chain of delegation,2,1678
01,chain_depth_sensitivity,2,80,True,0.773959,valid chain of delegation,2,1678
01,chain_depth_sensitivity,2,81,True,0.774125,valid chain of delegation,2,1678
01,chain_depth_sensitivity,2,82,True,0.757208,valid chain of delegation,2,1678
01,chain_depth_sensitivity,2,83,True,0.771209,valid chain of delegation,2,1678
01,chain_depth_sensitivity,2,84,True,0.737,valid chain of delegation,2,1678
01,chain_depth_sensitivity,2,85,True,0.757083,valid chain of delegation,2,1678
01,chain_depth_sensitivity,2,86,True,0.787875,valid chain of delegation,2,1678
01,chain_depth_sensitivity,2,87,True,0.752375,valid chain of delegation,2,1678
01,chain_depth_sensitivity,2,88,True,0.79925,valid chain of delegation,2,1678
01,chain_depth_sensitivity,2,89,True,0.77125,valid chain of delegation,2,1678
01,chain_depth_sensitivity,2,90,True,0.81975,valid chain of delegation,2,1678
01,chain_depth_sensitivity,2,91,True,0.80475,valid chain of delegation,2,1678
01,chain_depth_sensitivity,2,92,True,0.829833,valid chain of delegation,2,1678
01,chain_depth_sensitivity,2,93,True,0.812334,valid chain of delegation,2,1678
01,chain_depth_sensitivity,2,94,True,0.801875,valid chain of delegation,2,1678
01,chain_depth_sensitivity,2,95,True,0.791792,valid chain of delegation,2,1678
01,chain_depth_sensitivity,2,96,True,0.790625,valid chain of delegation,2,1678
01,chain_depth_sensitivity,2,97,True,0.819708,valid chain of delegation,2,1678
01,chain_depth_sensitivity,2,98,True,0.830625,valid chain of delegation,2,1678
01,chain_depth_sensitivity,2,99,True,0.7805,valid chain of delegation,2,1678
01,chain_depth_sensitivity,2,100,True,0.746458,valid chain of delegation,2,1678
01,chain_depth_sensitivity,3,1,True,0.848708,valid chain of delegation,3,2530
01,chain_depth_sensitivity,3,2,True,0.892541,valid chain of delegation,3,2530
01,chain_depth_sensitivity,3,3,True,0.868916,valid chain of delegation,3,2530
01,chain_depth_sensitivity,3,4,True,0.84575,valid chain of delegation,3,2530
01,chain_depth_sensitivity,3,5,True,0.883625,valid chain of delegation,3,2530
01,chain_depth_sensitivity,3,6,True,0.835958,valid chain of delegation,3,2530
01,chain_depth_sensitivity,3,7,True,0.864541,valid chain of delegation,3,2530
01,chain_depth_sensitivity,3,8,True,0.861833,valid chain of delegation,3,2530
01,chain_depth_sensitivity,3,9,True,0.840958,valid chain of delegation,3,2530
01,chain_depth_sensitivity,3,10,True,0.899541,valid chain of delegation,3,2530
01,chain_depth_sensitivity,3,11,True,0.839542,valid chain of delegation,3,2530
01,chain_depth_sensitivity,3,12,True,0.835333,valid chain of delegation,3,2530
01,chain_depth_sensitivity,3,13,True,0.838709,valid chain of delegation,3,2530
01,chain_depth_sensitivity,3,14,True,0.844833,valid chain of delegation,3,2530
01,chain_depth_sensitivity,3,15,True,0.822542,valid chain of delegation,3,2530
01,chain_depth_sensitivity,3,16,True,0.813959,valid chain of delegation,3,2530
01,chain_depth_sensitivity,3,17,True,0.838375,valid chain of delegation,3,2530
01,chain_depth_sensitivity,3,18,True,0.87725,valid chain of delegation,3,2530
01,chain_depth_sensitivity,3,19,True,0.850125,valid chain of delegation,3,2530
01,chain_depth_sensitivity,3,20,True,0.88225,valid chain of delegation,3,2530
01,chain_depth_sensitivity,3,21,True,0.877417,valid chain of delegation,3,2530
01,chain_depth_sensitivity,3,22,True,0.88875,valid chain of delegation,3,2530
01,chain_depth_sensitivity,3,23,True,0.902833,valid chain of delegation,3,2530
01,chain_depth_sensitivity,3,24,True,0.876959,valid chain of delegation,3,2530
01,chain_depth_sensitivity,3,25,True,0.855209,valid chain of delegation,3,2530
01,chain_depth_sensitivity,3,26,True,0.903167,valid chain of delegation,3,2530
01,chain_depth_sensitivity,3,27,True,0.8455,valid chain of delegation,3,2530
01,chain_depth_sensitivity,3,28,True,0.847959,valid chain of delegation,3,2530
01,chain_depth_sensitivity,3,29,True,0.870917,valid chain of delegation,3,2530
01,chain_depth_sensitivity,3,30,True,0.825375,valid chain of delegation,3,2530
01,chain_depth_sensitivity,3,31,True,0.866792,valid chain of delegation,3,2530
01,chain_depth_sensitivity,3,32,True,0.86425,valid chain of delegation,3,2530
01,chain_depth_sensitivity,3,33,True,0.886542,valid chain of delegation,3,2530
01,chain_depth_sensitivity,3,34,True,0.869375,valid chain of delegation,3,2530
01,chain_depth_sensitivity,3,35,True,0.828125,valid chain of delegation,3,2530
01,chain_depth_sensitivity,3,36,True,0.859917,valid chain of delegation,3,2530
01,chain_depth_sensitivity,3,37,True,0.907708,valid chain of delegation,3,2530
01,chain_depth_sensitivity,3,38,True,0.885791,valid chain of delegation,3,2530
01,chain_depth_sensitivity,3,39,True,0.837959,valid chain of delegation,3,2530
01,chain_depth_sensitivity,3,40,True,0.850042,valid chain of delegation,3,2530
01,chain_depth_sensitivity,3,41,True,0.83725,valid chain of delegation,3,2530
01,chain_depth_sensitivity,3,42,True,0.804667,valid chain of delegation,3,2530
01,chain_depth_sensitivity,3,43,True,0.860709,valid chain of delegation,3,2530
01,chain_depth_sensitivity,3,44,True,0.864792,valid chain of delegation,3,2530
01,chain_depth_sensitivity,3,45,True,0.889583,valid chain of delegation,3,2530
01,chain_depth_sensitivity,3,46,True,0.835625,valid chain of delegation,3,2530
01,chain_depth_sensitivity,3,47,True,0.839708,valid chain of delegation,3,2530
01,chain_depth_sensitivity,3,48,True,0.912417,valid chain of delegation,3,2530
01,chain_depth_sensitivity,3,49,True,0.893083,valid chain of delegation,3,2530
01,chain_depth_sensitivity,3,50,True,0.860708,valid chain of delegation,3,2530
01,chain_depth_sensitivity,3,51,True,0.846167,valid chain of delegation,3,2530
01,chain_depth_sensitivity,3,52,True,0.906209,valid chain of delegation,3,2530
01,chain_depth_sensitivity,3,53,True,0.878916,valid chain of delegation,3,2530
01,chain_depth_sensitivity,3,54,True,0.884,valid chain of delegation,3,2530
01,chain_depth_sensitivity,3,55,True,0.902042,valid chain of delegation,3,2530
01,chain_depth_sensitivity,3,56,True,0.824667,valid chain of delegation,3,2530
01,chain_depth_sensitivity,3,57,True,0.904875,valid chain of delegation,3,2530
01,chain_depth_sensitivity,3,58,True,0.870958,valid chain of delegation,3,2530
01,chain_depth_sensitivity,3,59,True,0.833625,valid chain of delegation,3,2530
01,chain_depth_sensitivity,3,60,True,0.840917,valid chain of delegation,3,2530
01,chain_depth_sensitivity,3,61,True,0.823667,valid chain of delegation,3,2530
01,chain_depth_sensitivity,3,62,True,0.86175,valid chain of delegation,3,2530
01,chain_depth_sensitivity,3,63,True,0.894041,valid chain of delegation,3,2530
01,chain_depth_sensitivity,3,64,True,0.896292,valid chain of delegation,3,2530
01,chain_depth_sensitivity,3,65,True,0.855,valid chain of delegation,3,2530
01,chain_depth_sensitivity,3,66,True,0.847125,valid chain of delegation,3,2530
01,chain_depth_sensitivity,3,67,True,0.875791,valid chain of delegation,3,2530
01,chain_depth_sensitivity,3,68,True,0.887542,valid chain of delegation,3,2530
01,chain_depth_sensitivity,3,69,True,0.876458,valid chain of delegation,3,2530
01,chain_depth_sensitivity,3,70,True,0.850083,valid chain of delegation,3,2530
01,chain_depth_sensitivity,3,71,True,0.880042,valid chain of delegation,3,2530
01,chain_depth_sensitivity,3,72,True,0.863917,valid chain of delegation,3,2530
01,chain_depth_sensitivity,3,73,True,0.874125,valid chain of delegation,3,2530
01,chain_depth_sensitivity,3,74,True,0.869042,valid chain of delegation,3,2530
01,chain_depth_sensitivity,3,75,True,0.869334,valid chain of delegation,3,2530
01,chain_depth_sensitivity,3,76,True,0.85025,valid chain of delegation,3,2530
01,chain_depth_sensitivity,3,77,True,0.859959,valid chain of delegation,3,2530
01,chain_depth_sensitivity,3,78,True,0.890958,valid chain of delegation,3,2530
01,chain_depth_sensitivity,3,79,True,0.8575,valid chain of delegation,3,2530
01,chain_depth_sensitivity,3,80,True,0.817042,valid chain of delegation,3,2530
01,chain_depth_sensitivity,3,81,True,1.003375,valid chain of delegation,3,2530
01,chain_depth_sensitivity,3,82,True,0.900541,valid chain of delegation,3,2530
01,chain_depth_sensitivity,3,83,True,0.890292,valid chain of delegation,3,2530
01,chain_depth_sensitivity,3,84,True,0.859917,valid chain of delegation,3,2530
01,chain_depth_sensitivity,3,85,True,0.855917,valid chain of delegation,3,2530
01,chain_depth_sensitivity,3,86,True,0.897792,valid chain of delegation,3,2530
01,chain_depth_sensitivity,3,87,True,0.84775,valid chain of delegation,3,2530
01,chain_depth_sensitivity,3,88,True,0.837042,valid chain of delegation,3,2530
01,chain_depth_sensitivity,3,89,True,0.828792,valid chain of delegation,3,2530
01,chain_depth_sensitivity,3,90,True,0.863167,valid chain of delegation,3,2530
01,chain_depth_sensitivity,3,91,True,0.8505,valid chain of delegation,3,2530
01,chain_depth_sensitivity,3,92,True,0.850208,valid chain of delegation,3,2530
01,chain_depth_sensitivity,3,93,True,0.851084,valid chain of delegation,3,2530
01,chain_depth_sensitivity,3,94,True,0.869042,valid chain of delegation,3,2530
01,chain_depth_sensitivity,3,95,True,0.824791,valid chain of delegation,3,2530
01,chain_depth_sensitivity,3,96,True,0.839333,valid chain of delegation,3,2530
01,chain_depth_sensitivity,3,97,True,0.8365,valid chain of delegation,3,2530
01,chain_depth_sensitivity,3,98,True,0.87825,valid chain of delegation,3,2530
01,chain_depth_sensitivity,3,99,True,0.875833,valid chain of delegation,3,2530
01,chain_depth_sensitivity,3,100,True,0.853542,valid chain of delegation,3,2530
01,chain_depth_sensitivity,5,1,True,0.990625,valid chain of delegation,5,4234
01,chain_depth_sensitivity,5,2,True,1.022791,valid chain of delegation,5,4234
01,chain_depth_sensitivity,5,3,True,0.997,valid chain of delegation,5,4234
01,chain_depth_sensitivity,5,4,True,1.00725,valid chain of delegation,5,4234
01,chain_depth_sensitivity,5,5,True,1.038,valid chain of delegation,5,4234
01,chain_depth_sensitivity,5,6,True,1.016458,valid chain of delegation,5,4234
01,chain_depth_sensitivity,5,7,True,0.994375,valid chain of delegation,5,4234
01,chain_depth_sensitivity,5,8,True,1.008334,valid chain of delegation,5,4234
01,chain_depth_sensitivity,5,9,True,1.024375,valid chain of delegation,5,4234
01,chain_depth_sensitivity,5,10,True,0.970583,valid chain of delegation,5,4234
01,chain_depth_sensitivity,5,11,True,1.008708,valid chain of delegation,5,4234
01,chain_depth_sensitivity,5,12,True,1.01025,valid chain of delegation,5,4234
01,chain_depth_sensitivity,5,13,True,0.990334,valid chain of delegation,5,4234
01,chain_depth_sensitivity,5,14,True,1.0445,valid chain of delegation,5,4234
01,chain_depth_sensitivity,5,15,True,0.989791,valid chain of delegation,5,4234
01,chain_depth_sensitivity,5,16,True,1.01875,valid chain of delegation,5,4234
01,chain_depth_sensitivity,5,17,True,1.024125,valid chain of delegation,5,4234
01,chain_depth_sensitivity,5,18,True,0.995333,valid chain of delegation,5,4234
01,chain_depth_sensitivity,5,19,True,0.995709,valid chain of delegation,5,4234
01,chain_depth_sensitivity,5,20,True,1.009917,valid chain of delegation,5,4234
01,chain_depth_sensitivity,5,21,True,0.966958,valid chain of delegation,5,4234
01,chain_depth_sensitivity,5,22,True,1.031042,valid chain of delegation,5,4234
01,chain_depth_sensitivity,5,23,True,0.991833,valid chain of delegation,5,4234
01,chain_depth_sensitivity,5,24,True,0.99,valid chain of delegation,5,4234
01,chain_depth_sensitivity,5,25,True,0.995583,valid chain of delegation,5,4234
01,chain_depth_sensitivity,5,26,True,0.973625,valid chain of delegation,5,4234
01,chain_depth_sensitivity,5,27,True,1.013042,valid chain of delegation,5,4234
01,chain_depth_sensitivity,5,28,True,0.952584,valid chain of delegation,5,4234
01,chain_depth_sensitivity,5,29,True,0.979459,valid chain of delegation,5,4234
01,chain_depth_sensitivity,5,30,True,1.017875,valid chain of delegation,5,4234
01,chain_depth_sensitivity,5,31,True,1.001167,valid chain of delegation,5,4234
01,chain_depth_sensitivity,5,32,True,0.9955,valid chain of delegation,5,4234
01,chain_depth_sensitivity,5,33,True,1.024959,valid chain of delegation,5,4234
01,chain_depth_sensitivity,5,34,True,0.995541,valid chain of delegation,5,4234
01,chain_depth_sensitivity,5,35,True,1.008083,valid chain of delegation,5,4234
01,chain_depth_sensitivity,5,36,True,0.982584,valid chain of delegation,5,4234
01,chain_depth_sensitivity,5,37,True,0.988458,valid chain of delegation,5,4234
01,chain_depth_sensitivity,5,38,True,0.990542,valid chain of delegation,5,4234
01,chain_depth_sensitivity,5,39,True,0.965708,valid chain of delegation,5,4234
01,chain_depth_sensitivity,5,40,True,0.993667,valid chain of delegation,5,4234
01,chain_depth_sensitivity,5,41,True,1.003125,valid chain of delegation,5,4234
01,chain_depth_sensitivity,5,42,True,1.047375,valid chain of delegation,5,4234
01,chain_depth_sensitivity,5,43,True,1.011333,valid chain of delegation,5,4234
01,chain_depth_sensitivity,5,44,True,1.012166,valid chain of delegation,5,4234
01,chain_depth_sensitivity,5,45,True,1.006333,valid chain of delegation,5,4234
01,chain_depth_sensitivity,5,46,True,1.026792,valid chain of delegation,5,4234
01,chain_depth_sensitivity,5,47,True,0.997667,valid chain of delegation,5,4234
01,chain_depth_sensitivity,5,48,True,1.028583,valid chain of delegation,5,4234
01,chain_depth_sensitivity,5,49,True,0.976666,valid chain of delegation,5,4234
01,chain_depth_sensitivity,5,50,True,0.989708,valid chain of delegation,5,4234
01,chain_depth_sensitivity,5,51,True,0.983,valid chain of delegation,5,4234
01,chain_depth_sensitivity,5,52,True,1.006666,valid chain of delegation,5,4234
01,chain_depth_sensitivity,5,53,True,0.981,valid chain of delegation,5,4234
01,chain_depth_sensitivity,5,54,True,0.989458,valid chain of delegation,5,4234
01,chain_depth_sensitivity,5,55,True,1.007791,valid chain of delegation,5,4234
01,chain_depth_sensitivity,5,56,True,0.998292,valid chain of delegation,5,4234
01,chain_depth_sensitivity,5,57,True,0.985959,valid chain of delegation,5,4234
01,chain_depth_sensitivity,5,58,True,1.020875,valid chain of delegation,5,4234
01,chain_depth_sensitivity,5,59,True,0.964042,valid chain of delegation,5,4234
01,chain_depth_sensitivity,5,60,True,0.990042,valid chain of delegation,5,4234
01,chain_depth_sensitivity,5,61,True,0.992042,valid chain of delegation,5,4234
01,chain_depth_sensitivity,5,62,True,0.971958,valid chain of delegation,5,4234
01,chain_depth_sensitivity,5,63,True,0.985333,valid chain of delegation,5,4234
01,chain_depth_sensitivity,5,64,True,0.964791,valid chain of delegation,5,4234
01,chain_depth_sensitivity,5,65,True,1.021958,valid chain of delegation,5,4234
01,chain_depth_sensitivity,5,66,True,0.967208,valid chain of delegation,5,4234
01,chain_depth_sensitivity,5,67,True,1.059166,valid chain of delegation,5,4234
01,chain_depth_sensitivity,5,68,True,0.976625,valid chain of delegation,5,4234
01,chain_depth_sensitivity,5,69,True,1.232125,valid chain of delegation,5,4234
01,chain_depth_sensitivity,5,70,True,0.965417,valid chain of delegation,5,4234
01,chain_depth_sensitivity,5,71,True,1.02975,valid chain of delegation,5,4234
01,chain_depth_sensitivity,5,72,True,1.049666,valid chain of delegation,5,4234
01,chain_depth_sensitivity,5,73,True,0.979125,valid chain of delegation,5,4234
01,chain_depth_sensitivity,5,74,True,0.9915,valid chain of delegation,5,4234
01,chain_depth_sensitivity,5,75,True,1.005583,valid chain of delegation,5,4234
01,chain_depth_sensitivity,5,76,True,1.006459,valid chain of delegation,5,4234
01,chain_depth_sensitivity,5,77,True,0.980208,valid chain of delegation,5,4234
01,chain_depth_sensitivity,5,78,True,1.005583,valid chain of delegation,5,4234
01,chain_depth_sensitivity,5,79,True,1.034417,valid chain of delegation,5,4234
01,chain_depth_sensitivity,5,80,True,1.06175,valid chain of delegation,5,4234
01,chain_depth_sensitivity,5,81,True,0.967333,valid chain of delegation,5,4234
01,chain_depth_sensitivity,5,82,True,1.003125,valid chain of delegation,5,4234
01,chain_depth_sensitivity,5,83,True,0.974792,valid chain of delegation,5,4234
01,chain_depth_sensitivity,5,84,True,0.96425,valid chain of delegation,5,4234
01,chain_depth_sensitivity,5,85,True,0.966125,valid chain of delegation,5,4234
01,chain_depth_sensitivity,5,86,True,1.021917,valid chain of delegation,5,4234
01,chain_depth_sensitivity,5,87,True,0.985292,valid chain of delegation,5,4234
01,chain_depth_sensitivity,5,88,True,0.994459,valid chain of delegation,5,4234
01,chain_depth_sensitivity,5,89,True,1.01675,valid chain of delegation,5,4234
01,chain_depth_sensitivity,5,90,True,1.025583,valid chain of delegation,5,4234
01,chain_depth_sensitivity,5,91,True,0.968958,valid chain of delegation,5,4234
01,chain_depth_sensitivity,5,92,True,0.988459,valid chain of delegation,5,4234
01,chain_depth_sensitivity,5,93,True,0.956833,valid chain of delegation,5,4234
01,chain_depth_sensitivity,5,94,True,0.973584,valid chain of delegation,5,4234
01,chain_depth_sensitivity,5,95,True,1.027291,valid chain of delegation,5,4234
01,chain_depth_sensitivity,5,96,True,0.969542,valid chain of delegation,5,4234
01,chain_depth_sensitivity,5,97,True,1.004667,valid chain of delegation,5,4234
01,chain_depth_sensitivity,5,98,True,0.996167,valid chain of delegation,5,4234
01,chain_depth_sensitivity,5,99,True,0.995334,valid chain of delegation,5,4234
01,chain_depth_sensitivity,5,100,True,0.998541,valid chain of delegation,5,4234
01,chain_depth_sensitivity,10,1,True,1.534208,valid chain of delegation,10,8538
01,chain_depth_sensitivity,10,2,True,1.348875,valid chain of delegation,10,8538
01,chain_depth_sensitivity,10,3,True,1.357875,valid chain of delegation,10,8538
01,chain_depth_sensitivity,10,4,True,1.349584,valid chain of delegation,10,8538
01,chain_depth_sensitivity,10,5,True,1.361042,valid chain of delegation,10,8538
01,chain_depth_sensitivity,10,6,True,1.377209,valid chain of delegation,10,8538
01,chain_depth_sensitivity,10,7,True,1.343084,valid chain of delegation,10,8538
01,chain_depth_sensitivity,10,8,True,1.37475,valid chain of delegation,10,8538
01,chain_depth_sensitivity,10,9,True,1.334292,valid chain of delegation,10,8538
01,chain_depth_sensitivity,10,10,True,1.342375,valid chain of delegation,10,8538
01,chain_depth_sensitivity,10,11,True,1.333667,valid chain of delegation,10,8538
01,chain_depth_sensitivity,10,12,True,1.353042,valid chain of delegation,10,8538
01,chain_depth_sensitivity,10,13,True,1.320791,valid chain of delegation,10,8538
01,chain_depth_sensitivity,10,14,True,1.333958,valid chain of delegation,10,8538
01,chain_depth_sensitivity,10,15,True,1.34775,valid chain of delegation,10,8538
01,chain_depth_sensitivity,10,16,True,1.38025,valid chain of delegation,10,8538
01,chain_depth_sensitivity,10,17,True,1.406542,valid chain of delegation,10,8538
01,chain_depth_sensitivity,10,18,True,1.311042,valid chain of delegation,10,8538
01,chain_depth_sensitivity,10,19,True,1.35975,valid chain of delegation,10,8538
01,chain_depth_sensitivity,10,20,True,1.328709,valid chain of delegation,10,8538
01,chain_depth_sensitivity,10,21,True,1.320667,valid chain of delegation,10,8538
01,chain_depth_sensitivity,10,22,True,1.305791,valid chain of delegation,10,8538
01,chain_depth_sensitivity,10,23,True,1.334917,valid chain of delegation,10,8538
01,chain_depth_sensitivity,10,24,True,1.328,valid chain of delegation,10,8538
01,chain_depth_sensitivity,10,25,True,1.317875,valid chain of delegation,10,8538
01,chain_depth_sensitivity,10,26,True,1.294709,valid chain of delegation,10,8538
01,chain_depth_sensitivity,10,27,True,1.367625,valid chain of delegation,10,8538
01,chain_depth_sensitivity,10,28,True,1.322667,valid chain of delegation,10,8538
01,chain_depth_sensitivity,10,29,True,1.353459,valid chain of delegation,10,8538
01,chain_depth_sensitivity,10,30,True,1.371375,valid chain of delegation,10,8538
01,chain_depth_sensitivity,10,31,True,1.333375,valid chain of delegation,10,8538
01,chain_depth_sensitivity,10,32,True,1.301042,valid chain of delegation,10,8538
01,chain_depth_sensitivity,10,33,True,1.321959,valid chain of delegation,10,8538
01,chain_depth_sensitivity,10,34,True,1.351917,valid chain of delegation,10,8538
01,chain_depth_sensitivity,10,35,True,1.310917,valid chain of delegation,10,8538
01,chain_depth_sensitivity,10,36,True,1.353833,valid chain of delegation,10,8538
01,chain_depth_sensitivity,10,37,True,1.303875,valid chain of delegation,10,8538
01,chain_depth_sensitivity,10,38,True,1.293416,valid chain of delegation,10,8538
01,chain_depth_sensitivity,10,39,True,1.329833,valid chain of delegation,10,8538
01,chain_depth_sensitivity,10,40,True,1.3865,valid chain of delegation,10,8538
01,chain_depth_sensitivity,10,41,True,1.30925,valid chain of delegation,10,8538
01,chain_depth_sensitivity,10,42,True,1.339709,valid chain of delegation,10,8538
01,chain_depth_sensitivity,10,43,True,1.318625,valid chain of delegation,10,8538
01,chain_depth_sensitivity,10,44,True,1.320166,valid chain of delegation,10,8538
01,chain_depth_sensitivity,10,45,True,1.375167,valid chain of delegation,10,8538
01,chain_depth_sensitivity,10,46,True,1.335375,valid chain of delegation,10,8538
01,chain_depth_sensitivity,10,47,True,1.308625,valid chain of delegation,10,8538
01,chain_depth_sensitivity,10,48,True,1.299292,valid chain of delegation,10,8538
01,chain_depth_sensitivity,10,49,True,1.312708,valid chain of delegation,10,8538
01,chain_depth_sensitivity,10,50,True,1.3195,valid chain of delegation,10,8538
01,chain_depth_sensitivity,10,51,True,1.355458,valid chain of delegation,10,8538
01,chain_depth_sensitivity,10,52,True,1.300459,valid chain of delegation,10,8538
01,chain_depth_sensitivity,10,53,True,1.348042,valid chain of delegation,10,8538
01,chain_depth_sensitivity,10,54,True,1.315458,valid chain of delegation,10,8538
01,chain_depth_sensitivity,10,55,True,1.308416,valid chain of delegation,10,8538
01,chain_depth_sensitivity,10,56,True,1.349833,valid chain of delegation,10,8538
01,chain_depth_sensitivity,10,57,True,1.262375,valid chain of delegation,10,8538
01,chain_depth_sensitivity,10,58,True,1.338167,valid chain of delegation,10,8538
01,chain_depth_sensitivity,10,59,True,1.288875,valid chain of delegation,10,8538
01,chain_depth_sensitivity,10,60,True,1.336916,valid chain of delegation,10,8538
01,chain_depth_sensitivity,10,61,True,1.336125,valid chain of delegation,10,8538
01,chain_depth_sensitivity,10,62,True,1.720833,valid chain of delegation,10,8538
01,chain_depth_sensitivity,10,63,True,1.368083,valid chain of delegation,10,8538
01,chain_depth_sensitivity,10,64,True,1.322375,valid chain of delegation,10,8538
01,chain_depth_sensitivity,10,65,True,1.316375,valid chain of delegation,10,8538
01,chain_depth_sensitivity,10,66,True,1.321916,valid chain of delegation,10,8538
01,chain_depth_sensitivity,10,67,True,1.338209,valid chain of delegation,10,8538
01,chain_depth_sensitivity,10,68,True,1.348291,valid chain of delegation,10,8538
01,chain_depth_sensitivity,10,69,True,1.351792,valid chain of delegation,10,8538
01,chain_depth_sensitivity,10,70,True,1.388875,valid chain of delegation,10,8538
01,chain_depth_sensitivity,10,71,True,1.317625,valid chain of delegation,10,8538
01,chain_depth_sensitivity,10,72,True,1.324625,valid chain of delegation,10,8538
01,chain_depth_sensitivity,10,73,True,1.335583,valid chain of delegation,10,8538
01,chain_depth_sensitivity,10,74,True,1.330583,valid chain of delegation,10,8538
01,chain_depth_sensitivity,10,75,True,1.304166,valid chain of delegation,10,8538
01,chain_depth_sensitivity,10,76,True,1.3145,valid chain of delegation,10,8538
01,chain_depth_sensitivity,10,77,True,1.299458,valid chain of delegation,10,8538
01,chain_depth_sensitivity,10,78,True,1.3105,valid chain of delegation,10,8538
01,chain_depth_sensitivity,10,79,True,1.298,valid chain of delegation,10,8538
01,chain_depth_sensitivity,10,80,True,1.355666,valid chain of delegation,10,8538
01,chain_depth_sensitivity,10,81,True,1.317834,valid chain of delegation,10,8538
01,chain_depth_sensitivity,10,82,True,1.312167,valid chain of delegation,10,8538
01,chain_depth_sensitivity,10,83,True,1.318916,valid chain of delegation,10,8538
01,chain_depth_sensitivity,10,84,True,1.339833,valid chain of delegation,10,8538
01,chain_depth_sensitivity,10,85,True,1.281208,valid chain of delegation,10,8538
01,chain_depth_sensitivity,10,86,True,1.351791,valid chain of delegation,10,8538
01,chain_depth_sensitivity,10,87,True,1.341292,valid chain of delegation,10,8538
01,chain_depth_sensitivity,10,88,True,1.346125,valid chain of delegation,10,8538
01,chain_depth_sensitivity,10,89,True,1.297167,valid chain of delegation,10,8538
01,chain_depth_sensitivity,10,90,True,1.315333,valid chain of delegation,10,8538
01,chain_depth_sensitivity,10,91,True,1.474084,valid chain of delegation,10,8538
01,chain_depth_sensitivity,10,92,True,1.283542,valid chain of delegation,10,8538
01,chain_depth_sensitivity,10,93,True,1.295,valid chain of delegation,10,8538
01,chain_depth_sensitivity,10,94,True,1.343167,valid chain of delegation,10,8538
01,chain_depth_sensitivity,10,95,True,1.290667,valid chain of delegation,10,8538
01,chain_depth_sensitivity,10,96,True,1.324792,valid chain of delegation,10,8538
01,chain_depth_sensitivity,10,97,True,1.318375,valid chain of delegation,10,8538
01,chain_depth_sensitivity,10,98,True,1.487417,valid chain of delegation,10,8538
01,chain_depth_sensitivity,10,99,True,1.400042,valid chain of delegation,10,8538
01,chain_depth_sensitivity,10,100,True,1.344667,valid chain of delegation,10,8538
02,chain_depth_sensitivity,1,1,True,1.15625,valid chain of delegation,1,826
02,chain_depth_sensitivity,1,2,True,0.998625,valid chain of delegation,1,826
02,chain_depth_sensitivity,1,3,True,0.96475,valid chain of delegation,1,826
02,chain_depth_sensitivity,1,4,True,1.008666,valid chain of delegation,1,826
02,chain_depth_sensitivity,1,5,True,1.052791,valid chain of delegation,1,826
02,chain_depth_sensitivity,1,6,True,1.025209,valid chain of delegation,1,826
02,chain_depth_sensitivity,1,7,True,0.949959,valid chain of delegation,1,826
02,chain_depth_sensitivity,1,8,True,0.948167,valid chain of delegation,1,826
02,chain_depth_sensitivity,1,9,True,0.944416,valid chain of delegation,1,826
02,chain_depth_sensitivity,1,10,True,0.948416,valid chain of delegation,1,826
02,chain_depth_sensitivity,1,11,True,0.884208,valid chain of delegation,1,826
02,chain_depth_sensitivity,1,12,True,0.848958,valid chain of delegation,1,826
02,chain_depth_sensitivity,1,13,True,3.190667,valid chain of delegation,1,826
02,chain_depth_sensitivity,1,14,True,1.033166,valid chain of delegation,1,826
02,chain_depth_sensitivity,1,15,True,0.948458,valid chain of delegation,1,826
02,chain_depth_sensitivity,1,16,True,0.932583,valid chain of delegation,1,826
02,chain_depth_sensitivity,1,17,True,0.919166,valid chain of delegation,1,826
02,chain_depth_sensitivity,1,18,True,0.857583,valid chain of delegation,1,826
02,chain_depth_sensitivity,1,19,True,0.816458,valid chain of delegation,1,826
02,chain_depth_sensitivity,1,20,True,0.882625,valid chain of delegation,1,826
02,chain_depth_sensitivity,1,21,True,0.857792,valid chain of delegation,1,826
02,chain_depth_sensitivity,1,22,True,0.91025,valid chain of delegation,1,826
02,chain_depth_sensitivity,1,23,True,0.874292,valid chain of delegation,1,826
02,chain_depth_sensitivity,1,24,True,0.831625,valid chain of delegation,1,826
02,chain_depth_sensitivity,1,25,True,0.787625,valid chain of delegation,1,826
02,chain_depth_sensitivity,1,26,True,0.827542,valid chain of delegation,1,826
02,chain_depth_sensitivity,1,27,True,0.797667,valid chain of delegation,1,826
02,chain_depth_sensitivity,1,28,True,0.823458,valid chain of delegation,1,826
02,chain_depth_sensitivity,1,29,True,0.805042,valid chain of delegation,1,826
02,chain_depth_sensitivity,1,30,True,0.783083,valid chain of delegation,1,826
02,chain_depth_sensitivity,1,31,True,0.822042,valid chain of delegation,1,826
02,chain_depth_sensitivity,1,32,True,0.810416,valid chain of delegation,1,826
02,chain_depth_sensitivity,1,33,True,0.792375,valid chain of delegation,1,826
02,chain_depth_sensitivity,1,34,True,0.818,valid chain of delegation,1,826
02,chain_depth_sensitivity,1,35,True,0.794333,valid chain of delegation,1,826
02,chain_depth_sensitivity,1,36,True,0.803333,valid chain of delegation,1,826
02,chain_depth_sensitivity,1,37,True,0.791166,valid chain of delegation,1,826
02,chain_depth_sensitivity,1,38,True,0.772708,valid chain of delegation,1,826
02,chain_depth_sensitivity,1,39,True,0.772917,valid chain of delegation,1,826
02,chain_depth_sensitivity,1,40,True,0.780833,valid chain of delegation,1,826
02,chain_depth_sensitivity,1,41,True,0.783208,valid chain of delegation,1,826
02,chain_depth_sensitivity,1,42,True,0.756708,valid chain of delegation,1,826
02,chain_depth_sensitivity,1,43,True,0.777834,valid chain of delegation,1,826
02,chain_depth_sensitivity,1,44,True,0.75425,valid chain of delegation,1,826
02,chain_depth_sensitivity,1,45,True,0.904375,valid chain of delegation,1,826
02,chain_depth_sensitivity,1,46,True,0.942458,valid chain of delegation,1,826
02,chain_depth_sensitivity,1,47,True,0.795125,valid chain of delegation,1,826
02,chain_depth_sensitivity,1,48,True,0.785291,valid chain of delegation,1,826
02,chain_depth_sensitivity,1,49,True,0.781042,valid chain of delegation,1,826
02,chain_depth_sensitivity,1,50,True,0.749708,valid chain of delegation,1,826
02,chain_depth_sensitivity,1,51,True,0.758875,valid chain of delegation,1,826
02,chain_depth_sensitivity,1,52,True,0.739417,valid chain of delegation,1,826
02,chain_depth_sensitivity,1,53,True,0.754667,valid chain of delegation,1,826
02,chain_depth_sensitivity,1,54,True,0.705083,valid chain of delegation,1,826
02,chain_depth_sensitivity,1,55,True,0.742959,valid chain of delegation,1,826
02,chain_depth_sensitivity,1,56,True,0.699708,valid chain of delegation,1,826
02,chain_depth_sensitivity,1,57,True,0.762042,valid chain of delegation,1,826
02,chain_depth_sensitivity,1,58,True,0.72675,valid chain of delegation,1,826
02,chain_depth_sensitivity,1,59,True,0.7465,valid chain of delegation,1,826
02,chain_depth_sensitivity,1,60,True,0.7135,valid chain of delegation,1,826
02,chain_depth_sensitivity,1,61,True,0.70425,valid chain of delegation,1,826
02,chain_depth_sensitivity,1,62,True,0.714792,valid chain of delegation,1,826
02,chain_depth_sensitivity,1,63,True,0.70875,valid chain of delegation,1,826
02,chain_depth_sensitivity,1,64,True,0.713125,valid chain of delegation,1,826
02,chain_depth_sensitivity,1,65,True,0.70225,valid chain of delegation,1,826
02,chain_depth_sensitivity,1,66,True,0.791792,valid chain of delegation,1,826
02,chain_depth_sensitivity,1,67,True,0.731667,valid chain of delegation,1,826
02,chain_depth_sensitivity,1,68,True,0.71925,valid chain of delegation,1,826
02,chain_depth_sensitivity,1,69,True,0.711541,valid chain of delegation,1,826
02,chain_depth_sensitivity,1,70,True,0.7355,valid chain of delegation,1,826
02,chain_depth_sensitivity,1,71,True,0.715541,valid chain of delegation,1,826
02,chain_depth_sensitivity,1,72,True,0.700125,valid chain of delegation,1,826
02,chain_depth_sensitivity,1,73,True,0.816125,valid chain of delegation,1,826
02,chain_depth_sensitivity,1,74,True,0.72225,valid chain of delegation,1,826
02,chain_depth_sensitivity,1,75,True,0.743959,valid chain of delegation,1,826
02,chain_depth_sensitivity,1,76,True,0.743541,valid chain of delegation,1,826
02,chain_depth_sensitivity,1,77,True,0.702583,valid chain of delegation,1,826
02,chain_depth_sensitivity,1,78,True,0.760708,valid chain of delegation,1,826
02,chain_depth_sensitivity,1,79,True,0.742042,valid chain of delegation,1,826
02,chain_depth_sensitivity,1,80,True,0.689667,valid chain of delegation,1,826
02,chain_depth_sensitivity,1,81,True,0.707708,valid chain of delegation,1,826
02,chain_depth_sensitivity,1,82,True,0.7,valid chain of delegation,1,826
02,chain_depth_sensitivity,1,83,True,0.708334,valid chain of delegation,1,826
02,chain_depth_sensitivity,1,84,True,0.709708,valid chain of delegation,1,826
02,chain_depth_sensitivity,1,85,True,0.743333,valid chain of delegation,1,826
02,chain_depth_sensitivity,1,86,True,0.690958,valid chain of delegation,1,826
02,chain_depth_sensitivity,1,87,True,0.72175,valid chain of delegation,1,826
02,chain_depth_sensitivity,1,88,True,0.691542,valid chain of delegation,1,826
02,chain_depth_sensitivity,1,89,True,0.687958,valid chain of delegation,1,826
02,chain_depth_sensitivity,1,90,True,0.70125,valid chain of delegation,1,826
02,chain_depth_sensitivity,1,91,True,0.675834,valid chain of delegation,1,826
02,chain_depth_sensitivity,1,92,True,0.708167,valid chain of delegation,1,826
02,chain_depth_sensitivity,1,93,True,0.71375,valid chain of delegation,1,826
02,chain_depth_sensitivity,1,94,True,0.731083,valid chain of delegation,1,826
02,chain_depth_sensitivity,1,95,True,0.73125,valid chain of delegation,1,826
02,chain_depth_sensitivity,1,96,True,0.916042,valid chain of delegation,1,826
02,chain_depth_sensitivity,1,97,True,0.743167,valid chain of delegation,1,826
02,chain_depth_sensitivity,1,98,True,0.754,valid chain of delegation,1,826
02,chain_depth_sensitivity,1,99,True,0.746083,valid chain of delegation,1,826
02,chain_depth_sensitivity,1,100,True,0.707958,valid chain of delegation,1,826
02,chain_depth_sensitivity,2,1,True,0.780167,valid chain of delegation,2,1678
02,chain_depth_sensitivity,2,2,True,0.768458,valid chain of delegation,2,1678
02,chain_depth_sensitivity,2,3,True,0.82325,valid chain of delegation,2,1678
02,chain_depth_sensitivity,2,4,True,0.801333,valid chain of delegation,2,1678
02,chain_depth_sensitivity,2,5,True,0.821917,valid chain of delegation,2,1678
02,chain_depth_sensitivity,2,6,True,0.784958,valid chain of delegation,2,1678
02,chain_depth_sensitivity,2,7,True,0.806541,valid chain of delegation,2,1678
02,chain_depth_sensitivity,2,8,True,0.794125,valid chain of delegation,2,1678
02,chain_depth_sensitivity,2,9,True,0.808084,valid chain of delegation,2,1678
02,chain_depth_sensitivity,2,10,True,0.781375,valid chain of delegation,2,1678
02,chain_depth_sensitivity,2,11,True,0.802042,valid chain of delegation,2,1678
02,chain_depth_sensitivity,2,12,True,0.771708,valid chain of delegation,2,1678
02,chain_depth_sensitivity,2,13,True,0.763084,valid chain of delegation,2,1678
02,chain_depth_sensitivity,2,14,True,0.766583,valid chain of delegation,2,1678
02,chain_depth_sensitivity,2,15,True,0.811625,valid chain of delegation,2,1678
02,chain_depth_sensitivity,2,16,True,0.861375,valid chain of delegation,2,1678
02,chain_depth_sensitivity,2,17,True,0.7895,valid chain of delegation,2,1678
02,chain_depth_sensitivity,2,18,True,0.808459,valid chain of delegation,2,1678
02,chain_depth_sensitivity,2,19,True,0.845208,valid chain of delegation,2,1678
02,chain_depth_sensitivity,2,20,True,0.909167,valid chain of delegation,2,1678
02,chain_depth_sensitivity,2,21,True,1.048375,valid chain of delegation,2,1678
02,chain_depth_sensitivity,2,22,True,0.804791,valid chain of delegation,2,1678
02,chain_depth_sensitivity,2,23,True,0.985042,valid chain of delegation,2,1678
02,chain_depth_sensitivity,2,24,True,1.0975,valid chain of delegation,2,1678
02,chain_depth_sensitivity,2,25,True,0.869292,valid chain of delegation,2,1678
02,chain_depth_sensitivity,2,26,True,0.80875,valid chain of delegation,2,1678
02,chain_depth_sensitivity,2,27,True,0.800833,valid chain of delegation,2,1678
02,chain_depth_sensitivity,2,28,True,0.810208,valid chain of delegation,2,1678
02,chain_depth_sensitivity,2,29,True,0.787542,valid chain of delegation,2,1678
02,chain_depth_sensitivity,2,30,True,0.827583,valid chain of delegation,2,1678
02,chain_depth_sensitivity,2,31,True,0.825,valid chain of delegation,2,1678
02,chain_depth_sensitivity,2,32,True,0.844875,valid chain of delegation,2,1678
02,chain_depth_sensitivity,2,33,True,0.827083,valid chain of delegation,2,1678
02,chain_depth_sensitivity,2,34,True,0.798125,valid chain of delegation,2,1678
02,chain_depth_sensitivity,2,35,True,0.752459,valid chain of delegation,2,1678
02,chain_depth_sensitivity,2,36,True,0.806042,valid chain of delegation,2,1678
02,chain_depth_sensitivity,2,37,True,0.851791,valid chain of delegation,2,1678
02,chain_depth_sensitivity,2,38,True,0.784542,valid chain of delegation,2,1678
02,chain_depth_sensitivity,2,39,True,0.842875,valid chain of delegation,2,1678
02,chain_depth_sensitivity,2,40,True,0.846084,valid chain of delegation,2,1678
02,chain_depth_sensitivity,2,41,True,0.795333,valid chain of delegation,2,1678
02,chain_depth_sensitivity,2,42,True,0.865458,valid chain of delegation,2,1678
02,chain_depth_sensitivity,2,43,True,0.81175,valid chain of delegation,2,1678
02,chain_depth_sensitivity,2,44,True,0.753417,valid chain of delegation,2,1678
02,chain_depth_sensitivity,2,45,True,0.768625,valid chain of delegation,2,1678
02,chain_depth_sensitivity,2,46,True,0.80325,valid chain of delegation,2,1678
02,chain_depth_sensitivity,2,47,True,0.821667,valid chain of delegation,2,1678
02,chain_depth_sensitivity,2,48,True,0.82525,valid chain of delegation,2,1678
02,chain_depth_sensitivity,2,49,True,0.823875,valid chain of delegation,2,1678
02,chain_depth_sensitivity,2,50,True,0.836792,valid chain of delegation,2,1678
02,chain_depth_sensitivity,2,51,True,0.801458,valid chain of delegation,2,1678
02,chain_depth_sensitivity,2,52,True,0.810833,valid chain of delegation,2,1678
02,chain_depth_sensitivity,2,53,True,0.773,valid chain of delegation,2,1678
02,chain_depth_sensitivity,2,54,True,0.801583,valid chain of delegation,2,1678
02,chain_depth_sensitivity,2,55,True,0.790292,valid chain of delegation,2,1678
02,chain_depth_sensitivity,2,56,True,0.79875,valid chain of delegation,2,1678
02,chain_depth_sensitivity,2,57,True,0.831209,valid chain of delegation,2,1678
02,chain_depth_sensitivity,2,58,True,0.812834,valid chain of delegation,2,1678
02,chain_depth_sensitivity,2,59,True,0.779834,valid chain of delegation,2,1678
02,chain_depth_sensitivity,2,60,True,0.789542,valid chain of delegation,2,1678
02,chain_depth_sensitivity,2,61,True,0.831709,valid chain of delegation,2,1678
02,chain_depth_sensitivity,2,62,True,0.8035,valid chain of delegation,2,1678
02,chain_depth_sensitivity,2,63,True,0.810833,valid chain of delegation,2,1678
02,chain_depth_sensitivity,2,64,True,0.811375,valid chain of delegation,2,1678
02,chain_depth_sensitivity,2,65,True,0.788375,valid chain of delegation,2,1678
02,chain_depth_sensitivity,2,66,True,0.761958,valid chain of delegation,2,1678
02,chain_depth_sensitivity,2,67,True,0.784375,valid chain of delegation,2,1678
02,chain_depth_sensitivity,2,68,True,0.781333,valid chain of delegation,2,1678
02,chain_depth_sensitivity,2,69,True,0.786958,valid chain of delegation,2,1678
02,chain_depth_sensitivity,2,70,True,0.779166,valid chain of delegation,2,1678
02,chain_depth_sensitivity,2,71,True,0.762166,valid chain of delegation,2,1678
02,chain_depth_sensitivity,2,72,True,0.831208,valid chain of delegation,2,1678
02,chain_depth_sensitivity,2,73,True,0.804875,valid chain of delegation,2,1678
02,chain_depth_sensitivity,2,74,True,0.849708,valid chain of delegation,2,1678
02,chain_depth_sensitivity,2,75,True,0.810167,valid chain of delegation,2,1678
02,chain_depth_sensitivity,2,76,True,0.839583,valid chain of delegation,2,1678
02,chain_depth_sensitivity,2,77,True,0.770292,valid chain of delegation,2,1678
02,chain_depth_sensitivity,2,78,True,0.826167,valid chain of delegation,2,1678
02,chain_depth_sensitivity,2,79,True,0.796125,valid chain of delegation,2,1678
02,chain_depth_sensitivity,2,80,True,0.95925,valid chain of delegation,2,1678
02,chain_depth_sensitivity,2,81,True,0.79575,valid chain of delegation,2,1678
02,chain_depth_sensitivity,2,82,True,0.7715,valid chain of delegation,2,1678
02,chain_depth_sensitivity,2,83,True,0.786958,valid chain of delegation,2,1678
02,chain_depth_sensitivity,2,84,True,0.799042,valid chain of delegation,2,1678
02,chain_depth_sensitivity,2,85,True,0.803208,valid chain of delegation,2,1678
02,chain_depth_sensitivity,2,86,True,0.773,valid chain of delegation,2,1678
02,chain_depth_sensitivity,2,87,True,0.8045,valid chain of delegation,2,1678
02,chain_depth_sensitivity,2,88,True,0.818292,valid chain of delegation,2,1678
02,chain_depth_sensitivity,2,89,True,0.777584,valid chain of delegation,2,1678
02,chain_depth_sensitivity,2,90,True,0.785083,valid chain of delegation,2,1678
02,chain_depth_sensitivity,2,91,True,0.780417,valid chain of delegation,2,1678
02,chain_depth_sensitivity,2,92,True,0.791459,valid chain of delegation,2,1678
02,chain_depth_sensitivity,2,93,True,0.830916,valid chain of delegation,2,1678
02,chain_depth_sensitivity,2,94,True,0.776833,valid chain of delegation,2,1678
02,chain_depth_sensitivity,2,95,True,0.791292,valid chain of delegation,2,1678
02,chain_depth_sensitivity,2,96,True,0.827292,valid chain of delegation,2,1678
02,chain_depth_sensitivity,2,97,True,0.802334,valid chain of delegation,2,1678
02,chain_depth_sensitivity,2,98,True,0.840709,valid chain of delegation,2,1678
02,chain_depth_sensitivity,2,99,True,0.861625,valid chain of delegation,2,1678
02,chain_depth_sensitivity,2,100,True,0.823208,valid chain of delegation,2,1678
02,chain_depth_sensitivity,3,1,True,0.901667,valid chain of delegation,3,2530
02,chain_depth_sensitivity,3,2,True,0.864791,valid chain of delegation,3,2530
02,chain_depth_sensitivity,3,3,True,0.865167,valid chain of delegation,3,2530
02,chain_depth_sensitivity,3,4,True,0.860333,valid chain of delegation,3,2530
02,chain_depth_sensitivity,3,5,True,0.82975,valid chain of delegation,3,2530
02,chain_depth_sensitivity,3,6,True,0.836083,valid chain of delegation,3,2530
02,chain_depth_sensitivity,3,7,True,0.871042,valid chain of delegation,3,2530
02,chain_depth_sensitivity,3,8,True,0.854917,valid chain of delegation,3,2530
02,chain_depth_sensitivity,3,9,True,0.856166,valid chain of delegation,3,2530
02,chain_depth_sensitivity,3,10,True,0.868125,valid chain of delegation,3,2530
02,chain_depth_sensitivity,3,11,True,0.914667,valid chain of delegation,3,2530
02,chain_depth_sensitivity,3,12,True,0.850917,valid chain of delegation,3,2530
02,chain_depth_sensitivity,3,13,True,0.881709,valid chain of delegation,3,2530
02,chain_depth_sensitivity,3,14,True,0.891208,valid chain of delegation,3,2530
02,chain_depth_sensitivity,3,15,True,0.821542,valid chain of delegation,3,2530
02,chain_depth_sensitivity,3,16,True,0.83875,valid chain of delegation,3,2530
02,chain_depth_sensitivity,3,17,True,0.849416,valid chain of delegation,3,2530
02,chain_depth_sensitivity,3,18,True,0.856208,valid chain of delegation,3,2530
02,chain_depth_sensitivity,3,19,True,0.844458,valid chain of delegation,3,2530
02,chain_depth_sensitivity,3,20,True,0.850125,valid chain of delegation,3,2530
02,chain_depth_sensitivity,3,21,True,0.857541,valid chain of delegation,3,2530
02,chain_depth_sensitivity,3,22,True,0.8335,valid chain of delegation,3,2530
02,chain_depth_sensitivity,3,23,True,0.919042,valid chain of delegation,3,2530
02,chain_depth_sensitivity,3,24,True,0.90525,valid chain of delegation,3,2530
02,chain_depth_sensitivity,3,25,True,0.900375,valid chain of delegation,3,2530
02,chain_depth_sensitivity,3,26,True,0.852416,valid chain of delegation,3,2530
02,chain_depth_sensitivity,3,27,True,0.860292,valid chain of delegation,3,2530
02,chain_depth_sensitivity,3,28,True,0.859833,valid chain of delegation,3,2530
02,chain_depth_sensitivity,3,29,True,0.860334,valid chain of delegation,3,2530
02,chain_depth_sensitivity,3,30,True,0.8545,valid chain of delegation,3,2530
02,chain_depth_sensitivity,3,31,True,0.813167,valid chain of delegation,3,2530
02,chain_depth_sensitivity,3,32,True,0.831333,valid chain of delegation,3,2530
02,chain_depth_sensitivity,3,33,True,0.832875,valid chain of delegation,3,2530
02,chain_depth_sensitivity,3,34,True,0.882042,valid chain of delegation,3,2530
02,chain_depth_sensitivity,3,35,True,0.833333,valid chain of delegation,3,2530
02,chain_depth_sensitivity,3,36,True,0.844667,valid chain of delegation,3,2530
02,chain_depth_sensitivity,3,37,True,0.870625,valid chain of delegation,3,2530
02,chain_depth_sensitivity,3,38,True,0.854792,valid chain of delegation,3,2530
02,chain_depth_sensitivity,3,39,True,0.815458,valid chain of delegation,3,2530
02,chain_depth_sensitivity,3,40,True,0.838166,valid chain of delegation,3,2530
02,chain_depth_sensitivity,3,41,True,0.796625,valid chain of delegation,3,2530
02,chain_depth_sensitivity,3,42,True,0.870916,valid chain of delegation,3,2530
02,chain_depth_sensitivity,3,43,True,0.851334,valid chain of delegation,3,2530
02,chain_depth_sensitivity,3,44,True,0.864041,valid chain of delegation,3,2530
02,chain_depth_sensitivity,3,45,True,2.028458,valid chain of delegation,3,2530
02,chain_depth_sensitivity,3,46,True,4.552375,valid chain of delegation,3,2530
02,chain_depth_sensitivity,3,47,True,1.350208,valid chain of delegation,3,2530
02,chain_depth_sensitivity,3,48,True,0.927667,valid chain of delegation,3,2530
02,chain_depth_sensitivity,3,49,True,1.021709,valid chain of delegation,3,2530
02,chain_depth_sensitivity,3,50,True,1.002625,valid chain of delegation,3,2530
02,chain_depth_sensitivity,3,51,True,0.95225,valid chain of delegation,3,2530
02,chain_depth_sensitivity,3,52,True,0.861166,valid chain of delegation,3,2530
02,chain_depth_sensitivity,3,53,True,2.344375,valid chain of delegation,3,2530
02,chain_depth_sensitivity,3,54,True,2.376917,valid chain of delegation,3,2530
02,chain_depth_sensitivity,3,55,True,1.683958,valid chain of delegation,3,2530
02,chain_depth_sensitivity,3,56,True,1.030208,valid chain of delegation,3,2530
02,chain_depth_sensitivity,3,57,True,1.008167,valid chain of delegation,3,2530
02,chain_depth_sensitivity,3,58,True,0.978333,valid chain of delegation,3,2530
02,chain_depth_sensitivity,3,59,True,0.943375,valid chain of delegation,3,2530
02,chain_depth_sensitivity,3,60,True,1.188667,valid chain of delegation,3,2530
02,chain_depth_sensitivity,3,61,True,0.909875,valid chain of delegation,3,2530
02,chain_depth_sensitivity,3,62,True,0.921458,valid chain of delegation,3,2530
02,chain_depth_sensitivity,3,63,True,0.887125,valid chain of delegation,3,2530
02,chain_depth_sensitivity,3,64,True,0.89875,valid chain of delegation,3,2530
02,chain_depth_sensitivity,3,65,True,0.877708,valid chain of delegation,3,2530
02,chain_depth_sensitivity,3,66,True,0.885417,valid chain of delegation,3,2530
02,chain_depth_sensitivity,3,67,True,1.121542,valid chain of delegation,3,2530
02,chain_depth_sensitivity,3,68,True,1.337459,valid chain of delegation,3,2530
02,chain_depth_sensitivity,3,69,True,0.947333,valid chain of delegation,3,2530
02,chain_depth_sensitivity,3,70,True,0.863375,valid chain of delegation,3,2530
02,chain_depth_sensitivity,3,71,True,0.847666,valid chain of delegation,3,2530
02,chain_depth_sensitivity,3,72,True,0.856959,valid chain of delegation,3,2530
02,chain_depth_sensitivity,3,73,True,0.949459,valid chain of delegation,3,2530
02,chain_depth_sensitivity,3,74,True,0.891459,valid chain of delegation,3,2530
02,chain_depth_sensitivity,3,75,True,1.059125,valid chain of delegation,3,2530
02,chain_depth_sensitivity,3,76,True,0.881583,valid chain of delegation,3,2530
02,chain_depth_sensitivity,3,77,True,0.852916,valid chain of delegation,3,2530
02,chain_depth_sensitivity,3,78,True,0.84625,valid chain of delegation,3,2530
02,chain_depth_sensitivity,3,79,True,0.863208,valid chain of delegation,3,2530
02,chain_depth_sensitivity,3,80,True,0.886542,valid chain of delegation,3,2530
02,chain_depth_sensitivity,3,81,True,0.857917,valid chain of delegation,3,2530
02,chain_depth_sensitivity,3,82,True,0.855583,valid chain of delegation,3,2530
02,chain_depth_sensitivity,3,83,True,0.900292,valid chain of delegation,3,2530
02,chain_depth_sensitivity,3,84,True,0.837666,valid chain of delegation,3,2530
02,chain_depth_sensitivity,3,85,True,0.816208,valid chain of delegation,3,2530
02,chain_depth_sensitivity,3,86,True,0.815875,valid chain of delegation,3,2530
02,chain_depth_sensitivity,3,87,True,0.862041,valid chain of delegation,3,2530
02,chain_depth_sensitivity,3,88,True,0.831167,valid chain of delegation,3,2530
02,chain_depth_sensitivity,3,89,True,0.839417,valid chain of delegation,3,2530
02,chain_depth_sensitivity,3,90,True,0.806083,valid chain of delegation,3,2530
02,chain_depth_sensitivity,3,91,True,0.873208,valid chain of delegation,3,2530
02,chain_depth_sensitivity,3,92,True,0.844917,valid chain of delegation,3,2530
02,chain_depth_sensitivity,3,93,True,0.8735,valid chain of delegation,3,2530
02,chain_depth_sensitivity,3,94,True,0.863,valid chain of delegation,3,2530
02,chain_depth_sensitivity,3,95,True,0.823666,valid chain of delegation,3,2530
02,chain_depth_sensitivity,3,96,True,0.856666,valid chain of delegation,3,2530
02,chain_depth_sensitivity,3,97,True,0.8565,valid chain of delegation,3,2530
02,chain_depth_sensitivity,3,98,True,0.821792,valid chain of delegation,3,2530
02,chain_depth_sensitivity,3,99,True,0.81425,valid chain of delegation,3,2530
02,chain_depth_sensitivity,3,100,True,0.792125,valid chain of delegation,3,2530
02,chain_depth_sensitivity,5,1,True,1.004583,valid chain of delegation,5,4234
02,chain_depth_sensitivity,5,2,True,0.963541,valid chain of delegation,5,4234
02,chain_depth_sensitivity,5,3,True,1.009417,valid chain of delegation,5,4234
02,chain_depth_sensitivity,5,4,True,0.997416,valid chain of delegation,5,4234
02,chain_depth_sensitivity,5,5,True,0.965375,valid chain of delegation,5,4234
02,chain_depth_sensitivity,5,6,True,0.9995,valid chain of delegation,5,4234
02,chain_depth_sensitivity,5,7,True,1.017833,valid chain of delegation,5,4234
02,chain_depth_sensitivity,5,8,True,0.966666,valid chain of delegation,5,4234
02,chain_depth_sensitivity,5,9,True,1.037792,valid chain of delegation,5,4234
02,chain_depth_sensitivity,5,10,True,0.974708,valid chain of delegation,5,4234
02,chain_depth_sensitivity,5,11,True,0.950208,valid chain of delegation,5,4234
02,chain_depth_sensitivity,5,12,True,1.046791,valid chain of delegation,5,4234
02,chain_depth_sensitivity,5,13,True,0.997917,valid chain of delegation,5,4234
02,chain_depth_sensitivity,5,14,True,1.002,valid chain of delegation,5,4234
02,chain_depth_sensitivity,5,15,True,1.017208,valid chain of delegation,5,4234
02,chain_depth_sensitivity,5,16,True,0.972334,valid chain of delegation,5,4234
02,chain_depth_sensitivity,5,17,True,0.951833,valid chain of delegation,5,4234
02,chain_depth_sensitivity,5,18,True,1.0125,valid chain of delegation,5,4234
02,chain_depth_sensitivity,5,19,True,0.986416,valid chain of delegation,5,4234
02,chain_depth_sensitivity,5,20,True,0.958917,valid chain of delegation,5,4234
02,chain_depth_sensitivity,5,21,True,1.008042,valid chain of delegation,5,4234
02,chain_depth_sensitivity,5,22,True,0.964667,valid chain of delegation,5,4234
02,chain_depth_sensitivity,5,23,True,0.95425,valid chain of delegation,5,4234
02,chain_depth_sensitivity,5,24,True,1.05125,valid chain of delegation,5,4234
02,chain_depth_sensitivity,5,25,True,0.964292,valid chain of delegation,5,4234
02,chain_depth_sensitivity,5,26,True,0.964042,valid chain of delegation,5,4234
02,chain_depth_sensitivity,5,27,True,1.006583,valid chain of delegation,5,4234
02,chain_depth_sensitivity,5,28,True,0.975542,valid chain of delegation,5,4234
02,chain_depth_sensitivity,5,29,True,0.960125,valid chain of delegation,5,4234
02,chain_depth_sensitivity,5,30,True,1.004208,valid chain of delegation,5,4234
02,chain_depth_sensitivity,5,31,True,0.983625,valid chain of delegation,5,4234
02,chain_depth_sensitivity,5,32,True,0.955458,valid chain of delegation,5,4234
02,chain_depth_sensitivity,5,33,True,0.995792,valid chain of delegation,5,4234
02,chain_depth_sensitivity,5,34,True,0.970708,valid chain of delegation,5,4234
02,chain_depth_sensitivity,5,35,True,0.954166,valid chain of delegation,5,4234
02,chain_depth_sensitivity,5,36,True,0.951958,valid chain of delegation,5,4234
02,chain_depth_sensitivity,5,37,True,0.997542,valid chain of delegation,5,4234
02,chain_depth_sensitivity,5,38,True,0.952833,valid chain of delegation,5,4234
02,chain_depth_sensitivity,5,39,True,0.972125,valid chain of delegation,5,4234
02,chain_depth_sensitivity,5,40,True,1.033708,valid chain of delegation,5,4234
02,chain_depth_sensitivity,5,41,True,0.9835,valid chain of delegation,5,4234
02,chain_depth_sensitivity,5,42,True,0.996292,valid chain of delegation,5,4234
02,chain_depth_sensitivity,5,43,True,1.010958,valid chain of delegation,5,4234
02,chain_depth_sensitivity,5,44,True,0.996208,valid chain of delegation,5,4234
02,chain_depth_sensitivity,5,45,True,0.984084,valid chain of delegation,5,4234
02,chain_depth_sensitivity,5,46,True,0.983334,valid chain of delegation,5,4234
02,chain_depth_sensitivity,5,47,True,0.944625,valid chain of delegation,5,4234
02,chain_depth_sensitivity,5,48,True,1.06725,valid chain of delegation,5,4234
02,chain_depth_sensitivity,5,49,True,0.98025,valid chain of delegation,5,4234
02,chain_depth_sensitivity,5,50,True,1.105,valid chain of delegation,5,4234
02,chain_depth_sensitivity,5,51,True,1.034667,valid chain of delegation,5,4234
02,chain_depth_sensitivity,5,52,True,1.125708,valid chain of delegation,5,4234
02,chain_depth_sensitivity,5,53,True,1.032292,valid chain of delegation,5,4234
02,chain_depth_sensitivity,5,54,True,1.395666,valid chain of delegation,5,4234
02,chain_depth_sensitivity,5,55,True,1.5115,valid chain of delegation,5,4234
02,chain_depth_sensitivity,5,56,True,1.137958,valid chain of delegation,5,4234
02,chain_depth_sensitivity,5,57,True,0.967667,valid chain of delegation,5,4234
02,chain_depth_sensitivity,5,58,True,1.015,valid chain of delegation,5,4234
02,chain_depth_sensitivity,5,59,True,1.059375,valid chain of delegation,5,4234
02,chain_depth_sensitivity,5,60,True,1.114042,valid chain of delegation,5,4234
02,chain_depth_sensitivity,5,61,True,2.197958,valid chain of delegation,5,4234
02,chain_depth_sensitivity,5,62,True,1.347667,valid chain of delegation,5,4234
02,chain_depth_sensitivity,5,63,True,1.187083,valid chain of delegation,5,4234
02,chain_depth_sensitivity,5,64,True,1.299041,valid chain of delegation,5,4234
02,chain_depth_sensitivity,5,65,True,1.17075,valid chain of delegation,5,4234
02,chain_depth_sensitivity,5,66,True,1.188792,valid chain of delegation,5,4234
02,chain_depth_sensitivity,5,67,True,1.415667,valid chain of delegation,5,4234
02,chain_depth_sensitivity,5,68,True,1.419708,valid chain of delegation,5,4234
02,chain_depth_sensitivity,5,69,True,1.26975,valid chain of delegation,5,4234
02,chain_depth_sensitivity,5,70,True,1.139042,valid chain of delegation,5,4234
02,chain_depth_sensitivity,5,71,True,1.079,valid chain of delegation,5,4234
02,chain_depth_sensitivity,5,72,True,1.096542,valid chain of delegation,5,4234
02,chain_depth_sensitivity,5,73,True,1.392084,valid chain of delegation,5,4234
02,chain_depth_sensitivity,5,74,True,1.492541,valid chain of delegation,5,4234
02,chain_depth_sensitivity,5,75,True,1.164625,valid chain of delegation,5,4234
02,chain_depth_sensitivity,5,76,True,1.125416,valid chain of delegation,5,4234
02,chain_depth_sensitivity,5,77,True,1.071917,valid chain of delegation,5,4234
02,chain_depth_sensitivity,5,78,True,1.341667,valid chain of delegation,5,4234
02,chain_depth_sensitivity,5,79,True,1.23525,valid chain of delegation,5,4234
02,chain_depth_sensitivity,5,80,True,1.424208,valid chain of delegation,5,4234
02,chain_depth_sensitivity,5,81,True,1.362209,valid chain of delegation,5,4234
02,chain_depth_sensitivity,5,82,True,1.257417,valid chain of delegation,5,4234
02,chain_depth_sensitivity,5,83,True,1.091875,valid chain of delegation,5,4234
02,chain_depth_sensitivity,5,84,True,1.056916,valid chain of delegation,5,4234
02,chain_depth_sensitivity,5,85,True,1.090333,valid chain of delegation,5,4234
02,chain_depth_sensitivity,5,86,True,1.146042,valid chain of delegation,5,4234
02,chain_depth_sensitivity,5,87,True,1.345,valid chain of delegation,5,4234
02,chain_depth_sensitivity,5,88,True,1.245584,valid chain of delegation,5,4234
02,chain_depth_sensitivity,5,89,True,1.164042,valid chain of delegation,5,4234
02,chain_depth_sensitivity,5,90,True,1.183625,valid chain of delegation,5,4234
02,chain_depth_sensitivity,5,91,True,1.163792,valid chain of delegation,5,4234
02,chain_depth_sensitivity,5,92,True,1.213333,valid chain of delegation,5,4234
02,chain_depth_sensitivity,5,93,True,1.235625,valid chain of delegation,5,4234
02,chain_depth_sensitivity,5,94,True,1.732583,valid chain of delegation,5,4234
02,chain_depth_sensitivity,5,95,True,1.427625,valid chain of delegation,5,4234
02,chain_depth_sensitivity,5,96,True,1.060708,valid chain of delegation,5,4234
02,chain_depth_sensitivity,5,97,True,2.166208,valid chain of delegation,5,4234
02,chain_depth_sensitivity,5,98,True,1.203792,valid chain of delegation,5,4234
02,chain_depth_sensitivity,5,99,True,1.04225,valid chain of delegation,5,4234
02,chain_depth_sensitivity,5,100,True,1.067042,valid chain of delegation,5,4234
02,chain_depth_sensitivity,10,1,True,1.532459,valid chain of delegation,10,8538
02,chain_depth_sensitivity,10,2,True,1.381167,valid chain of delegation,10,8538
02,chain_depth_sensitivity,10,3,True,1.370084,valid chain of delegation,10,8538
02,chain_depth_sensitivity,10,4,True,1.416875,valid chain of delegation,10,8538
02,chain_depth_sensitivity,10,5,True,1.394959,valid chain of delegation,10,8538
02,chain_depth_sensitivity,10,6,True,1.384625,valid chain of delegation,10,8538
02,chain_depth_sensitivity,10,7,True,1.416666,valid chain of delegation,10,8538
02,chain_depth_sensitivity,10,8,True,1.400583,valid chain of delegation,10,8538
02,chain_depth_sensitivity,10,9,True,1.392708,valid chain of delegation,10,8538
02,chain_depth_sensitivity,10,10,True,1.345458,valid chain of delegation,10,8538
02,chain_depth_sensitivity,10,11,True,1.400042,valid chain of delegation,10,8538
02,chain_depth_sensitivity,10,12,True,1.478709,valid chain of delegation,10,8538
02,chain_depth_sensitivity,10,13,True,1.352625,valid chain of delegation,10,8538
02,chain_depth_sensitivity,10,14,True,1.32125,valid chain of delegation,10,8538
02,chain_depth_sensitivity,10,15,True,1.301,valid chain of delegation,10,8538
02,chain_depth_sensitivity,10,16,True,1.324292,valid chain of delegation,10,8538
02,chain_depth_sensitivity,10,17,True,1.3345,valid chain of delegation,10,8538
02,chain_depth_sensitivity,10,18,True,1.318542,valid chain of delegation,10,8538
02,chain_depth_sensitivity,10,19,True,1.291875,valid chain of delegation,10,8538
02,chain_depth_sensitivity,10,20,True,1.317625,valid chain of delegation,10,8538
02,chain_depth_sensitivity,10,21,True,1.350667,valid chain of delegation,10,8538
02,chain_depth_sensitivity,10,22,True,1.32275,valid chain of delegation,10,8538
02,chain_depth_sensitivity,10,23,True,1.424959,valid chain of delegation,10,8538
02,chain_depth_sensitivity,10,24,True,1.412541,valid chain of delegation,10,8538
02,chain_depth_sensitivity,10,25,True,1.317542,valid chain of delegation,10,8538
02,chain_depth_sensitivity,10,26,True,1.354792,valid chain of delegation,10,8538
02,chain_depth_sensitivity,10,27,True,1.319708,valid chain of delegation,10,8538
02,chain_depth_sensitivity,10,28,True,1.325042,valid chain of delegation,10,8538
02,chain_depth_sensitivity,10,29,True,1.291583,valid chain of delegation,10,8538
02,chain_depth_sensitivity,10,30,True,1.379125,valid chain of delegation,10,8538
02,chain_depth_sensitivity,10,31,True,1.359875,valid chain of delegation,10,8538
02,chain_depth_sensitivity,10,32,True,1.313333,valid chain of delegation,10,8538
02,chain_depth_sensitivity,10,33,True,1.311666,valid chain of delegation,10,8538
02,chain_depth_sensitivity,10,34,True,1.348167,valid chain of delegation,10,8538
02,chain_depth_sensitivity,10,35,True,1.323625,valid chain of delegation,10,8538
02,chain_depth_sensitivity,10,36,True,1.339083,valid chain of delegation,10,8538
02,chain_depth_sensitivity,10,37,True,1.303125,valid chain of delegation,10,8538
02,chain_depth_sensitivity,10,38,True,1.635917,valid chain of delegation,10,8538
02,chain_depth_sensitivity,10,39,True,1.460458,valid chain of delegation,10,8538
02,chain_depth_sensitivity,10,40,True,1.632,valid chain of delegation,10,8538
02,chain_depth_sensitivity,10,41,True,1.738916,valid chain of delegation,10,8538
02,chain_depth_sensitivity,10,42,True,1.875708,valid chain of delegation,10,8538
02,chain_depth_sensitivity,10,43,True,1.850209,valid chain of delegation,10,8538
02,chain_depth_sensitivity,10,44,True,1.745666,valid chain of delegation,10,8538
02,chain_depth_sensitivity,10,45,True,1.632667,valid chain of delegation,10,8538
02,chain_depth_sensitivity,10,46,True,1.388666,valid chain of delegation,10,8538
02,chain_depth_sensitivity,10,47,True,1.29825,valid chain of delegation,10,8538
02,chain_depth_sensitivity,10,48,True,1.685708,valid chain of delegation,10,8538
02,chain_depth_sensitivity,10,49,True,1.718084,valid chain of delegation,10,8538
02,chain_depth_sensitivity,10,50,True,1.398042,valid chain of delegation,10,8538
02,chain_depth_sensitivity,10,51,True,1.596834,valid chain of delegation,10,8538
02,chain_depth_sensitivity,10,52,True,1.339708,valid chain of delegation,10,8538
02,chain_depth_sensitivity,10,53,True,1.284333,valid chain of delegation,10,8538
02,chain_depth_sensitivity,10,54,True,1.315417,valid chain of delegation,10,8538
02,chain_depth_sensitivity,10,55,True,1.348625,valid chain of delegation,10,8538
02,chain_depth_sensitivity,10,56,True,1.380708,valid chain of delegation,10,8538
02,chain_depth_sensitivity,10,57,True,1.312584,valid chain of delegation,10,8538
02,chain_depth_sensitivity,10,58,True,1.308625,valid chain of delegation,10,8538
02,chain_depth_sensitivity,10,59,True,1.278167,valid chain of delegation,10,8538
02,chain_depth_sensitivity,10,60,True,1.347917,valid chain of delegation,10,8538
02,chain_depth_sensitivity,10,61,True,1.326667,valid chain of delegation,10,8538
02,chain_depth_sensitivity,10,62,True,1.30675,valid chain of delegation,10,8538
02,chain_depth_sensitivity,10,63,True,1.286,valid chain of delegation,10,8538
02,chain_depth_sensitivity,10,64,True,1.327125,valid chain of delegation,10,8538
02,chain_depth_sensitivity,10,65,True,1.356792,valid chain of delegation,10,8538
02,chain_depth_sensitivity,10,66,True,1.320166,valid chain of delegation,10,8538
02,chain_depth_sensitivity,10,67,True,1.544375,valid chain of delegation,10,8538
02,chain_depth_sensitivity,10,68,True,1.421167,valid chain of delegation,10,8538
02,chain_depth_sensitivity,10,69,True,1.31625,valid chain of delegation,10,8538
02,chain_depth_sensitivity,10,70,True,1.2915,valid chain of delegation,10,8538
02,chain_depth_sensitivity,10,71,True,1.429666,valid chain of delegation,10,8538
02,chain_depth_sensitivity,10,72,True,1.360292,valid chain of delegation,10,8538
02,chain_depth_sensitivity,10,73,True,1.306083,valid chain of delegation,10,8538
02,chain_depth_sensitivity,10,74,True,1.479041,valid chain of delegation,10,8538
02,chain_depth_sensitivity,10,75,True,1.392084,valid chain of delegation,10,8538
02,chain_depth_sensitivity,10,76,True,1.292416,valid chain of delegation,10,8538
02,chain_depth_sensitivity,10,77,True,1.360625,valid chain of delegation,10,8538
02,chain_depth_sensitivity,10,78,True,1.336208,valid chain of delegation,10,8538
02,chain_depth_sensitivity,10,79,True,1.316625,valid chain of delegation,10,8538
02,chain_depth_sensitivity,10,80,True,1.334542,valid chain of delegation,10,8538
02,chain_depth_sensitivity,10,81,True,1.341958,valid chain of delegation,10,8538
02,chain_depth_sensitivity,10,82,True,1.305625,valid chain of delegation,10,8538
02,chain_depth_sensitivity,10,83,True,1.375458,valid chain of delegation,10,8538
02,chain_depth_sensitivity,10,84,True,1.332708,valid chain of delegation,10,8538
02,chain_depth_sensitivity,10,85,True,1.288375,valid chain of delegation,10,8538
02,chain_depth_sensitivity,10,86,True,1.32525,valid chain of delegation,10,8538
02,chain_depth_sensitivity,10,87,True,1.436,valid chain of delegation,10,8538
02,chain_depth_sensitivity,10,88,True,1.343417,valid chain of delegation,10,8538
02,chain_depth_sensitivity,10,89,True,1.372958,valid chain of delegation,10,8538
02,chain_depth_sensitivity,10,90,True,1.345708,valid chain of delegation,10,8538
02,chain_depth_sensitivity,10,91,True,1.323708,valid chain of delegation,10,8538
02,chain_depth_sensitivity,10,92,True,1.332583,valid chain of delegation,10,8538
02,chain_depth_sensitivity,10,93,True,1.336375,valid chain of delegation,10,8538
02,chain_depth_sensitivity,10,94,True,1.351083,valid chain of delegation,10,8538
02,chain_depth_sensitivity,10,95,True,1.310501,valid chain of delegation,10,8538
02,chain_depth_sensitivity,10,96,True,1.343584,valid chain of delegation,10,8538
02,chain_depth_sensitivity,10,97,True,1.3355,valid chain of delegation,10,8538
02,chain_depth_sensitivity,10,98,True,1.341375,valid chain of delegation,10,8538
02,chain_depth_sensitivity,10,99,True,1.31175,valid chain of delegation,10,8538
02,chain_depth_sensitivity,10,100,True,1.36475,valid chain of delegation,10,8538
03,chain_depth_sensitivity,1,1,True,0.984917,valid chain of delegation,1,826
03,chain_depth_sensitivity,1,2,True,0.986542,valid chain of delegation,1,826
03,chain_depth_sensitivity,1,3,True,0.968542,valid chain of delegation,1,826
03,chain_depth_sensitivity,1,4,True,0.945917,valid chain of delegation,1,826
03,chain_depth_sensitivity,1,5,True,0.9575,valid chain of delegation,1,826
03,chain_depth_sensitivity,1,6,True,0.9865,valid chain of delegation,1,826
03,chain_depth_sensitivity,1,7,True,0.876667,valid chain of delegation,1,826
03,chain_depth_sensitivity,1,8,True,0.929542,valid chain of delegation,1,826
03,chain_depth_sensitivity,1,9,True,0.915708,valid chain of delegation,1,826
03,chain_depth_sensitivity,1,10,True,0.832292,valid chain of delegation,1,826
03,chain_depth_sensitivity,1,11,True,0.925334,valid chain of delegation,1,826
03,chain_depth_sensitivity,1,12,True,0.886542,valid chain of delegation,1,826
03,chain_depth_sensitivity,1,13,True,0.905375,valid chain of delegation,1,826
03,chain_depth_sensitivity,1,14,True,0.883334,valid chain of delegation,1,826
03,chain_depth_sensitivity,1,15,True,0.863,valid chain of delegation,1,826
03,chain_depth_sensitivity,1,16,True,0.837791,valid chain of delegation,1,826
03,chain_depth_sensitivity,1,17,True,0.797084,valid chain of delegation,1,826
03,chain_depth_sensitivity,1,18,True,0.884292,valid chain of delegation,1,826
03,chain_depth_sensitivity,1,19,True,0.872417,valid chain of delegation,1,826
03,chain_depth_sensitivity,1,20,True,0.844584,valid chain of delegation,1,826
03,chain_depth_sensitivity,1,21,True,0.838542,valid chain of delegation,1,826
03,chain_depth_sensitivity,1,22,True,0.847333,valid chain of delegation,1,826
03,chain_depth_sensitivity,1,23,True,0.78725,valid chain of delegation,1,826
03,chain_depth_sensitivity,1,24,True,0.7755,valid chain of delegation,1,826
03,chain_depth_sensitivity,1,25,True,0.788292,valid chain of delegation,1,826
03,chain_depth_sensitivity,1,26,True,0.855834,valid chain of delegation,1,826
03,chain_depth_sensitivity,1,27,True,0.821833,valid chain of delegation,1,826
03,chain_depth_sensitivity,1,28,True,0.818417,valid chain of delegation,1,826
03,chain_depth_sensitivity,1,29,True,0.827209,valid chain of delegation,1,826
03,chain_depth_sensitivity,1,30,True,0.811125,valid chain of delegation,1,826
03,chain_depth_sensitivity,1,31,True,0.807417,valid chain of delegation,1,826
03,chain_depth_sensitivity,1,32,True,0.823,valid chain of delegation,1,826
03,chain_depth_sensitivity,1,33,True,0.780209,valid chain of delegation,1,826
03,chain_depth_sensitivity,1,34,True,0.808458,valid chain of delegation,1,826
03,chain_depth_sensitivity,1,35,True,0.788625,valid chain of delegation,1,826
03,chain_depth_sensitivity,1,36,True,0.748125,valid chain of delegation,1,826
03,chain_depth_sensitivity,1,37,True,0.771041,valid chain of delegation,1,826
03,chain_depth_sensitivity,1,38,True,0.751417,valid chain of delegation,1,826
03,chain_depth_sensitivity,1,39,True,0.756625,valid chain of delegation,1,826
03,chain_depth_sensitivity,1,40,True,0.784959,valid chain of delegation,1,826
03,chain_depth_sensitivity,1,41,True,0.771542,valid chain of delegation,1,826
03,chain_depth_sensitivity,1,42,True,0.771708,valid chain of delegation,1,826
03,chain_depth_sensitivity,1,43,True,0.75675,valid chain of delegation,1,826
03,chain_depth_sensitivity,1,44,True,0.769083,valid chain of delegation,1,826
03,chain_depth_sensitivity,1,45,True,0.749917,valid chain of delegation,1,826
03,chain_depth_sensitivity,1,46,True,0.743667,valid chain of delegation,1,826
03,chain_depth_sensitivity,1,47,True,0.776459,valid chain of delegation,1,826
03,chain_depth_sensitivity,1,48,True,0.732958,valid chain of delegation,1,826
03,chain_depth_sensitivity,1,49,True,1.170708,valid chain of delegation,1,826
03,chain_depth_sensitivity,1,50,True,1.004917,valid chain of delegation,1,826
03,chain_depth_sensitivity,1,51,True,0.763458,valid chain of delegation,1,826
03,chain_depth_sensitivity,1,52,True,0.821917,valid chain of delegation,1,826
03,chain_depth_sensitivity,1,53,True,0.762084,valid chain of delegation,1,826
03,chain_depth_sensitivity,1,54,True,0.753541,valid chain of delegation,1,826
03,chain_depth_sensitivity,1,55,True,0.776959,valid chain of delegation,1,826
03,chain_depth_sensitivity,1,56,True,0.80575,valid chain of delegation,1,826
03,chain_depth_sensitivity,1,57,True,0.776666,valid chain of delegation,1,826
03,chain_depth_sensitivity,1,58,True,0.7,valid chain of delegation,1,826
03,chain_depth_sensitivity,1,59,True,0.697291,valid chain of delegation,1,826
03,chain_depth_sensitivity,1,60,True,0.688375,valid chain of delegation,1,826
03,chain_depth_sensitivity,1,61,True,0.706208,valid chain of delegation,1,826
03,chain_depth_sensitivity,1,62,True,0.698,valid chain of delegation,1,826
03,chain_depth_sensitivity,1,63,True,0.688166,valid chain of delegation,1,826
03,chain_depth_sensitivity,1,64,True,0.735708,valid chain of delegation,1,826
03,chain_depth_sensitivity,1,65,True,0.74625,valid chain of delegation,1,826
03,chain_depth_sensitivity,1,66,True,0.719167,valid chain of delegation,1,826
03,chain_depth_sensitivity,1,67,True,0.715125,valid chain of delegation,1,826
03,chain_depth_sensitivity,1,68,True,0.734834,valid chain of delegation,1,826
03,chain_depth_sensitivity,1,69,True,0.745167,valid chain of delegation,1,826
03,chain_depth_sensitivity,1,70,True,0.725125,valid chain of delegation,1,826
03,chain_depth_sensitivity,1,71,True,0.717916,valid chain of delegation,1,826
03,chain_depth_sensitivity,1,72,True,0.721541,valid chain of delegation,1,826
03,chain_depth_sensitivity,1,73,True,0.742959,valid chain of delegation,1,826
03,chain_depth_sensitivity,1,74,True,0.702083,valid chain of delegation,1,826
03,chain_depth_sensitivity,1,75,True,0.740875,valid chain of delegation,1,826
03,chain_depth_sensitivity,1,76,True,0.738417,valid chain of delegation,1,826
03,chain_depth_sensitivity,1,77,True,0.729416,valid chain of delegation,1,826
03,chain_depth_sensitivity,1,78,True,0.714417,valid chain of delegation,1,826
03,chain_depth_sensitivity,1,79,True,0.720959,valid chain of delegation,1,826
03,chain_depth_sensitivity,1,80,True,0.717583,valid chain of delegation,1,826
03,chain_depth_sensitivity,1,81,True,0.731125,valid chain of delegation,1,826
03,chain_depth_sensitivity,1,82,True,0.740541,valid chain of delegation,1,826
03,chain_depth_sensitivity,1,83,True,0.699417,valid chain of delegation,1,826
03,chain_depth_sensitivity,1,84,True,0.810084,valid chain of delegation,1,826
03,chain_depth_sensitivity,1,85,True,0.783,valid chain of delegation,1,826
03,chain_depth_sensitivity,1,86,True,0.7395,valid chain of delegation,1,826
03,chain_depth_sensitivity,1,87,True,0.711625,valid chain of delegation,1,826
03,chain_depth_sensitivity,1,88,True,0.693958,valid chain of delegation,1,826
03,chain_depth_sensitivity,1,89,True,0.687958,valid chain of delegation,1,826
03,chain_depth_sensitivity,1,90,True,0.690625,valid chain of delegation,1,826
03,chain_depth_sensitivity,1,91,True,0.694334,valid chain of delegation,1,826
03,chain_depth_sensitivity,1,92,True,0.676834,valid chain of delegation,1,826
03,chain_depth_sensitivity,1,93,True,0.7185,valid chain of delegation,1,826
03,chain_depth_sensitivity,1,94,True,0.705833,valid chain of delegation,1,826
03,chain_depth_sensitivity,1,95,True,0.719334,valid chain of delegation,1,826
03,chain_depth_sensitivity,1,96,True,0.69725,valid chain of delegation,1,826
03,chain_depth_sensitivity,1,97,True,0.753375,valid chain of delegation,1,826
03,chain_depth_sensitivity,1,98,True,0.849708,valid chain of delegation,1,826
03,chain_depth_sensitivity,1,99,True,0.740125,valid chain of delegation,1,826
03,chain_depth_sensitivity,1,100,True,0.743958,valid chain of delegation,1,826
03,chain_depth_sensitivity,2,1,True,0.751666,valid chain of delegation,2,1678
03,chain_depth_sensitivity,2,2,True,0.770583,valid chain of delegation,2,1678
03,chain_depth_sensitivity,2,3,True,0.784625,valid chain of delegation,2,1678
03,chain_depth_sensitivity,2,4,True,0.83025,valid chain of delegation,2,1678
03,chain_depth_sensitivity,2,5,True,0.804667,valid chain of delegation,2,1678
03,chain_depth_sensitivity,2,6,True,0.752291,valid chain of delegation,2,1678
03,chain_depth_sensitivity,2,7,True,0.75675,valid chain of delegation,2,1678
03,chain_depth_sensitivity,2,8,True,0.777541,valid chain of delegation,2,1678
03,chain_depth_sensitivity,2,9,True,0.825875,valid chain of delegation,2,1678
03,chain_depth_sensitivity,2,10,True,0.786583,valid chain of delegation,2,1678
03,chain_depth_sensitivity,2,11,True,0.788667,valid chain of delegation,2,1678
03,chain_depth_sensitivity,2,12,True,0.782125,valid chain of delegation,2,1678
03,chain_depth_sensitivity,2,13,True,0.774291,valid chain of delegation,2,1678
03,chain_depth_sensitivity,2,14,True,0.809375,valid chain of delegation,2,1678
03,chain_depth_sensitivity,2,15,True,0.760917,valid chain of delegation,2,1678
03,chain_depth_sensitivity,2,16,True,0.748,valid chain of delegation,2,1678
03,chain_depth_sensitivity,2,17,True,0.774583,valid chain of delegation,2,1678
03,chain_depth_sensitivity,2,18,True,0.807166,valid chain of delegation,2,1678
03,chain_depth_sensitivity,2,19,True,0.787959,valid chain of delegation,2,1678
03,chain_depth_sensitivity,2,20,True,0.747083,valid chain of delegation,2,1678
03,chain_depth_sensitivity,2,21,True,0.783833,valid chain of delegation,2,1678
03,chain_depth_sensitivity,2,22,True,0.785667,valid chain of delegation,2,1678
03,chain_depth_sensitivity,2,23,True,0.802709,valid chain of delegation,2,1678
03,chain_depth_sensitivity,2,24,True,0.766209,valid chain of delegation,2,1678
03,chain_depth_sensitivity,2,25,True,0.750417,valid chain of delegation,2,1678
03,chain_depth_sensitivity,2,26,True,0.772709,valid chain of delegation,2,1678
03,chain_depth_sensitivity,2,27,True,0.803834,valid chain of delegation,2,1678
03,chain_depth_sensitivity,2,28,True,0.789208,valid chain of delegation,2,1678
03,chain_depth_sensitivity,2,29,True,0.75975,valid chain of delegation,2,1678
03,chain_depth_sensitivity,2,30,True,0.773708,valid chain of delegation,2,1678
03,chain_depth_sensitivity,2,31,True,0.774125,valid chain of delegation,2,1678
03,chain_depth_sensitivity,2,32,True,0.76425,valid chain of delegation,2,1678
03,chain_depth_sensitivity,2,33,True,0.762334,valid chain of delegation,2,1678
03,chain_depth_sensitivity,2,34,True,0.781667,valid chain of delegation,2,1678
03,chain_depth_sensitivity,2,35,True,0.769708,valid chain of delegation,2,1678
03,chain_depth_sensitivity,2,36,True,0.783458,valid chain of delegation,2,1678
03,chain_depth_sensitivity,2,37,True,0.732417,valid chain of delegation,2,1678
03,chain_depth_sensitivity,2,38,True,0.754042,valid chain of delegation,2,1678
03,chain_depth_sensitivity,2,39,True,0.72575,valid chain of delegation,2,1678
03,chain_depth_sensitivity,2,40,True,0.756833,valid chain of delegation,2,1678
03,chain_depth_sensitivity,2,41,True,0.782917,valid chain of delegation,2,1678
03,chain_depth_sensitivity,2,42,True,0.730792,valid chain of delegation,2,1678
03,chain_depth_sensitivity,2,43,True,0.796375,valid chain of delegation,2,1678
03,chain_depth_sensitivity,2,44,True,0.770167,valid chain of delegation,2,1678
03,chain_depth_sensitivity,2,45,True,0.752084,valid chain of delegation,2,1678
03,chain_depth_sensitivity,2,46,True,0.778375,valid chain of delegation,2,1678
03,chain_depth_sensitivity,2,47,True,0.762583,valid chain of delegation,2,1678
03,chain_depth_sensitivity,2,48,True,0.772375,valid chain of delegation,2,1678
03,chain_depth_sensitivity,2,49,True,0.806917,valid chain of delegation,2,1678
03,chain_depth_sensitivity,2,50,True,0.758916,valid chain of delegation,2,1678
03,chain_depth_sensitivity,2,51,True,0.799458,valid chain of delegation,2,1678
03,chain_depth_sensitivity,2,52,True,0.766375,valid chain of delegation,2,1678
03,chain_depth_sensitivity,2,53,True,0.793209,valid chain of delegation,2,1678
03,chain_depth_sensitivity,2,54,True,0.756583,valid chain of delegation,2,1678
03,chain_depth_sensitivity,2,55,True,0.7785,valid chain of delegation,2,1678
03,chain_depth_sensitivity,2,56,True,0.811792,valid chain of delegation,2,1678
03,chain_depth_sensitivity,2,57,True,0.76575,valid chain of delegation,2,1678
03,chain_depth_sensitivity,2,58,True,0.756208,valid chain of delegation,2,1678
03,chain_depth_sensitivity,2,59,True,0.771625,valid chain of delegation,2,1678
03,chain_depth_sensitivity,2,60,True,0.801625,valid chain of delegation,2,1678
03,chain_depth_sensitivity,2,61,True,0.795959,valid chain of delegation,2,1678
03,chain_depth_sensitivity,2,62,True,0.763125,valid chain of delegation,2,1678
03,chain_depth_sensitivity,2,63,True,0.763084,valid chain of delegation,2,1678
03,chain_depth_sensitivity,2,64,True,0.783083,valid chain of delegation,2,1678
03,chain_depth_sensitivity,2,65,True,0.744083,valid chain of delegation,2,1678
03,chain_depth_sensitivity,2,66,True,0.757917,valid chain of delegation,2,1678
03,chain_depth_sensitivity,2,67,True,0.7965,valid chain of delegation,2,1678
03,chain_depth_sensitivity,2,68,True,0.779666,valid chain of delegation,2,1678
03,chain_depth_sensitivity,2,69,True,0.767,valid chain of delegation,2,1678
03,chain_depth_sensitivity,2,70,True,0.78775,valid chain of delegation,2,1678
03,chain_depth_sensitivity,2,71,True,0.800208,valid chain of delegation,2,1678
03,chain_depth_sensitivity,2,72,True,0.808084,valid chain of delegation,2,1678
03,chain_depth_sensitivity,2,73,True,0.798666,valid chain of delegation,2,1678
03,chain_depth_sensitivity,2,74,True,0.763417,valid chain of delegation,2,1678
03,chain_depth_sensitivity,2,75,True,0.750042,valid chain of delegation,2,1678
03,chain_depth_sensitivity,2,76,True,0.77425,valid chain of delegation,2,1678
03,chain_depth_sensitivity,2,77,True,0.776084,valid chain of delegation,2,1678
03,chain_depth_sensitivity,2,78,True,0.755542,valid chain of delegation,2,1678
03,chain_depth_sensitivity,2,79,True,0.780792,valid chain of delegation,2,1678
03,chain_depth_sensitivity,2,80,True,0.775416,valid chain of delegation,2,1678
03,chain_depth_sensitivity,2,81,True,0.788875,valid chain of delegation,2,1678
03,chain_depth_sensitivity,2,82,True,0.765875,valid chain of delegation,2,1678
03,chain_depth_sensitivity,2,83,True,0.747708,valid chain of delegation,2,1678
03,chain_depth_sensitivity,2,84,True,0.762542,valid chain of delegation,2,1678
03,chain_depth_sensitivity,2,85,True,0.790875,valid chain of delegation,2,1678
03,chain_depth_sensitivity,2,86,True,0.765791,valid chain of delegation,2,1678
03,chain_depth_sensitivity,2,87,True,0.777084,valid chain of delegation,2,1678
03,chain_depth_sensitivity,2,88,True,0.790459,valid chain of delegation,2,1678
03,chain_depth_sensitivity,2,89,True,0.784166,valid chain of delegation,2,1678
03,chain_depth_sensitivity,2,90,True,0.753667,valid chain of delegation,2,1678
03,chain_depth_sensitivity,2,91,True,0.759791,valid chain of delegation,2,1678
03,chain_depth_sensitivity,2,92,True,0.792541,valid chain of delegation,2,1678
03,chain_depth_sensitivity,2,93,True,0.801833,valid chain of delegation,2,1678
03,chain_depth_sensitivity,2,94,True,0.792458,valid chain of delegation,2,1678
03,chain_depth_sensitivity,2,95,True,0.783917,valid chain of delegation,2,1678
03,chain_depth_sensitivity,2,96,True,0.794083,valid chain of delegation,2,1678
03,chain_depth_sensitivity,2,97,True,0.783125,valid chain of delegation,2,1678
03,chain_depth_sensitivity,2,98,True,0.74975,valid chain of delegation,2,1678
03,chain_depth_sensitivity,2,99,True,0.788541,valid chain of delegation,2,1678
03,chain_depth_sensitivity,2,100,True,0.789667,valid chain of delegation,2,1678
03,chain_depth_sensitivity,3,1,True,0.856917,valid chain of delegation,3,2530
03,chain_depth_sensitivity,3,2,True,0.835417,valid chain of delegation,3,2530
03,chain_depth_sensitivity,3,3,True,0.829458,valid chain of delegation,3,2530
03,chain_depth_sensitivity,3,4,True,1.114666,valid chain of delegation,3,2530
03,chain_depth_sensitivity,3,5,True,1.041167,valid chain of delegation,3,2530
03,chain_depth_sensitivity,3,6,True,0.93825,valid chain of delegation,3,2530
03,chain_depth_sensitivity,3,7,True,0.895542,valid chain of delegation,3,2530
03,chain_depth_sensitivity,3,8,True,0.913125,valid chain of delegation,3,2530
03,chain_depth_sensitivity,3,9,True,0.875041,valid chain of delegation,3,2530
03,chain_depth_sensitivity,3,10,True,0.8985,valid chain of delegation,3,2530
03,chain_depth_sensitivity,3,11,True,0.948292,valid chain of delegation,3,2530
03,chain_depth_sensitivity,3,12,True,0.968125,valid chain of delegation,3,2530
03,chain_depth_sensitivity,3,13,True,1.02075,valid chain of delegation,3,2530
03,chain_depth_sensitivity,3,14,True,1.025208,valid chain of delegation,3,2530
03,chain_depth_sensitivity,3,15,True,0.900667,valid chain of delegation,3,2530
03,chain_depth_sensitivity,3,16,True,0.971833,valid chain of delegation,3,2530
03,chain_depth_sensitivity,3,17,True,0.939958,valid chain of delegation,3,2530
03,chain_depth_sensitivity,3,18,True,1.0955,valid chain of delegation,3,2530
03,chain_depth_sensitivity,3,19,True,1.095,valid chain of delegation,3,2530
03,chain_depth_sensitivity,3,20,True,0.924583,valid chain of delegation,3,2530
03,chain_depth_sensitivity,3,21,True,0.9785,valid chain of delegation,3,2530
03,chain_depth_sensitivity,3,22,True,0.94325,valid chain of delegation,3,2530
03,chain_depth_sensitivity,3,23,True,0.969459,valid chain of delegation,3,2530
03,chain_depth_sensitivity,3,24,True,1.07525,valid chain of delegation,3,2530
03,chain_depth_sensitivity,3,25,True,1.0235,valid chain of delegation,3,2530
03,chain_depth_sensitivity,3,26,True,0.962417,valid chain of delegation,3,2530
03,chain_depth_sensitivity,3,27,True,0.928583,valid chain of delegation,3,2530
03,chain_depth_sensitivity,3,28,True,1.065917,valid chain of delegation,3,2530
03,chain_depth_sensitivity,3,29,True,0.973375,valid chain of delegation,3,2530
03,chain_depth_sensitivity,3,30,True,0.98575,valid chain of delegation,3,2530
03,chain_depth_sensitivity,3,31,True,1.092917,valid chain of delegation,3,2530
03,chain_depth_sensitivity,3,32,True,0.934292,valid chain of delegation,3,2530
03,chain_depth_sensitivity,3,33,True,0.889542,valid chain of delegation,3,2530
03,chain_depth_sensitivity,3,34,True,0.860875,valid chain of delegation,3,2530
03,chain_depth_sensitivity,3,35,True,0.878916,valid chain of delegation,3,2530
03,chain_depth_sensitivity,3,36,True,0.838792,valid chain of delegation,3,2530
03,chain_depth_sensitivity,3,37,True,0.834292,valid chain of delegation,3,2530
03,chain_depth_sensitivity,3,38,True,0.806334,valid chain of delegation,3,2530
03,chain_depth_sensitivity,3,39,True,0.87275,valid chain of delegation,3,2530
03,chain_depth_sensitivity,3,40,True,0.857375,valid chain of delegation,3,2530
03,chain_depth_sensitivity,3,41,True,0.882208,valid chain of delegation,3,2530
03,chain_depth_sensitivity,3,42,True,0.884625,valid chain of delegation,3,2530
03,chain_depth_sensitivity,3,43,True,0.848583,valid chain of delegation,3,2530
03,chain_depth_sensitivity,3,44,True,0.907542,valid chain of delegation,3,2530
03,chain_depth_sensitivity,3,45,True,0.852333,valid chain of delegation,3,2530
03,chain_depth_sensitivity,3,46,True,0.857917,valid chain of delegation,3,2530
03,chain_depth_sensitivity,3,47,True,0.897,valid chain of delegation,3,2530
03,chain_depth_sensitivity,3,48,True,0.823375,valid chain of delegation,3,2530
03,chain_depth_sensitivity,3,49,True,0.862708,valid chain of delegation,3,2530
03,chain_depth_sensitivity,3,50,True,0.879959,valid chain of delegation,3,2530
03,chain_depth_sensitivity,3,51,True,0.8505,valid chain of delegation,3,2530
03,chain_depth_sensitivity,3,52,True,0.830042,valid chain of delegation,3,2530
03,chain_depth_sensitivity,3,53,True,0.868959,valid chain of delegation,3,2530
03,chain_depth_sensitivity,3,54,True,0.843292,valid chain of delegation,3,2530
03,chain_depth_sensitivity,3,55,True,0.825625,valid chain of delegation,3,2530
03,chain_depth_sensitivity,3,56,True,0.849792,valid chain of delegation,3,2530
03,chain_depth_sensitivity,3,57,True,0.858167,valid chain of delegation,3,2530
03,chain_depth_sensitivity,3,58,True,0.821375,valid chain of delegation,3,2530
03,chain_depth_sensitivity,3,59,True,0.850916,valid chain of delegation,3,2530
03,chain_depth_sensitivity,3,60,True,0.874375,valid chain of delegation,3,2530
03,chain_depth_sensitivity,3,61,True,0.861958,valid chain of delegation,3,2530
03,chain_depth_sensitivity,3,62,True,0.821792,valid chain of delegation,3,2530
03,chain_depth_sensitivity,3,63,True,0.879084,valid chain of delegation,3,2530
03,chain_depth_sensitivity,3,64,True,0.843,valid chain of delegation,3,2530
03,chain_depth_sensitivity,3,65,True,0.857875,valid chain of delegation,3,2530
03,chain_depth_sensitivity,3,66,True,0.833917,valid chain of delegation,3,2530
03,chain_depth_sensitivity,3,67,True,0.822917,valid chain of delegation,3,2530
03,chain_depth_sensitivity,3,68,True,0.862291,valid chain of delegation,3,2530
03,chain_depth_sensitivity,3,69,True,0.862833,valid chain of delegation,3,2530
03,chain_depth_sensitivity,3,70,True,0.842167,valid chain of delegation,3,2530
03,chain_depth_sensitivity,3,71,True,0.809875,valid chain of delegation,3,2530
03,chain_depth_sensitivity,3,72,True,0.842458,valid chain of delegation,3,2530
03,chain_depth_sensitivity,3,73,True,0.8505,valid chain of delegation,3,2530
03,chain_depth_sensitivity,3,74,True,0.863792,valid chain of delegation,3,2530
03,chain_depth_sensitivity,3,75,True,0.83825,valid chain of delegation,3,2530
03,chain_depth_sensitivity,3,76,True,0.853583,valid chain of delegation,3,2530
03,chain_depth_sensitivity,3,77,True,0.85175,valid chain of delegation,3,2530
03,chain_depth_sensitivity,3,78,True,0.817083,valid chain of delegation,3,2530
03,chain_depth_sensitivity,3,79,True,0.838208,valid chain of delegation,3,2530
03,chain_depth_sensitivity,3,80,True,0.891458,valid chain of delegation,3,2530
03,chain_depth_sensitivity,3,81,True,0.829333,valid chain of delegation,3,2530
03,chain_depth_sensitivity,3,82,True,0.834125,valid chain of delegation,3,2530
03,chain_depth_sensitivity,3,83,True,0.857208,valid chain of delegation,3,2530
03,chain_depth_sensitivity,3,84,True,0.842834,valid chain of delegation,3,2530
03,chain_depth_sensitivity,3,85,True,0.864458,valid chain of delegation,3,2530
03,chain_depth_sensitivity,3,86,True,0.844042,valid chain of delegation,3,2530
03,chain_depth_sensitivity,3,87,True,0.8525,valid chain of delegation,3,2530
03,chain_depth_sensitivity,3,88,True,0.855667,valid chain of delegation,3,2530
03,chain_depth_sensitivity,3,89,True,0.827125,valid chain of delegation,3,2530
03,chain_depth_sensitivity,3,90,True,0.820375,valid chain of delegation,3,2530
03,chain_depth_sensitivity,3,91,True,0.819541,valid chain of delegation,3,2530
03,chain_depth_sensitivity,3,92,True,0.819208,valid chain of delegation,3,2530
03,chain_depth_sensitivity,3,93,True,0.81425,valid chain of delegation,3,2530
03,chain_depth_sensitivity,3,94,True,0.81975,valid chain of delegation,3,2530
03,chain_depth_sensitivity,3,95,True,0.858375,valid chain of delegation,3,2530
03,chain_depth_sensitivity,3,96,True,0.826709,valid chain of delegation,3,2530
03,chain_depth_sensitivity,3,97,True,0.836708,valid chain of delegation,3,2530
03,chain_depth_sensitivity,3,98,True,0.80125,valid chain of delegation,3,2530
03,chain_depth_sensitivity,3,99,True,0.840166,valid chain of delegation,3,2530
03,chain_depth_sensitivity,3,100,True,0.82925,valid chain of delegation,3,2530
03,chain_depth_sensitivity,5,1,True,0.941291,valid chain of delegation,5,4234
03,chain_depth_sensitivity,5,2,True,0.997916,valid chain of delegation,5,4234
03,chain_depth_sensitivity,5,3,True,0.978625,valid chain of delegation,5,4234
03,chain_depth_sensitivity,5,4,True,1.03725,valid chain of delegation,5,4234
03,chain_depth_sensitivity,5,5,True,0.992667,valid chain of delegation,5,4234
03,chain_depth_sensitivity,5,6,True,1.014458,valid chain of delegation,5,4234
03,chain_depth_sensitivity,5,7,True,1.007291,valid chain of delegation,5,4234
03,chain_depth_sensitivity,5,8,True,0.997958,valid chain of delegation,5,4234
03,chain_depth_sensitivity,5,9,True,0.982583,valid chain of delegation,5,4234
03,chain_depth_sensitivity,5,10,True,0.96325,valid chain of delegation,5,4234
03,chain_depth_sensitivity,5,11,True,1.002,valid chain of delegation,5,4234
03,chain_depth_sensitivity,5,12,True,0.988875,valid chain of delegation,5,4234
03,chain_depth_sensitivity,5,13,True,0.97225,valid chain of delegation,5,4234
03,chain_depth_sensitivity,5,14,True,0.98675,valid chain of delegation,5,4234
03,chain_depth_sensitivity,5,15,True,0.966875,valid chain of delegation,5,4234
03,chain_depth_sensitivity,5,16,True,0.972709,valid chain of delegation,5,4234
03,chain_depth_sensitivity,5,17,True,0.985166,valid chain of delegation,5,4234
03,chain_depth_sensitivity,5,18,True,0.973333,valid chain of delegation,5,4234
03,chain_depth_sensitivity,5,19,True,0.945083,valid chain of delegation,5,4234
03,chain_depth_sensitivity,5,20,True,0.983667,valid chain of delegation,5,4234
03,chain_depth_sensitivity,5,21,True,1.00375,valid chain of delegation,5,4234
03,chain_depth_sensitivity,5,22,True,0.970083,valid chain of delegation,5,4234
03,chain_depth_sensitivity,5,23,True,0.978917,valid chain of delegation,5,4234
03,chain_depth_sensitivity,5,24,True,0.96425,valid chain of delegation,5,4234
03,chain_depth_sensitivity,5,25,True,0.961667,valid chain of delegation,5,4234
03,chain_depth_sensitivity,5,26,True,0.940791,valid chain of delegation,5,4234
03,chain_depth_sensitivity,5,27,True,0.98125,valid chain of delegation,5,4234
03,chain_depth_sensitivity,5,28,True,0.988084,valid chain of delegation,5,4234
03,chain_depth_sensitivity,5,29,True,1.0045,valid chain of delegation,5,4234
03,chain_depth_sensitivity,5,30,True,0.933833,valid chain of delegation,5,4234
03,chain_depth_sensitivity,5,31,True,0.983083,valid chain of delegation,5,4234
03,chain_depth_sensitivity,5,32,True,0.943375,valid chain of delegation,5,4234
03,chain_depth_sensitivity,5,33,True,0.989208,valid chain of delegation,5,4234
03,chain_depth_sensitivity,5,34,True,0.950792,valid chain of delegation,5,4234
03,chain_depth_sensitivity,5,35,True,0.984208,valid chain of delegation,5,4234
03,chain_depth_sensitivity,5,36,True,0.966375,valid chain of delegation,5,4234
03,chain_depth_sensitivity,5,37,True,0.987,valid chain of delegation,5,4234
03,chain_depth_sensitivity,5,38,True,0.986375,valid chain of delegation,5,4234
03,chain_depth_sensitivity,5,39,True,0.963167,valid chain of delegation,5,4234
03,chain_depth_sensitivity,5,40,True,0.964875,valid chain of delegation,5,4234
03,chain_depth_sensitivity,5,41,True,0.943166,valid chain of delegation,5,4234
03,chain_depth_sensitivity,5,42,True,0.959625,valid chain of delegation,5,4234
03,chain_depth_sensitivity,5,43,True,0.959083,valid chain of delegation,5,4234
03,chain_depth_sensitivity,5,44,True,0.991875,valid chain of delegation,5,4234
03,chain_depth_sensitivity,5,45,True,0.958,valid chain of delegation,5,4234
03,chain_depth_sensitivity,5,46,True,0.948875,valid chain of delegation,5,4234
03,chain_depth_sensitivity,5,47,True,0.909167,valid chain of delegation,5,4234
03,chain_depth_sensitivity,5,48,True,0.974333,valid chain of delegation,5,4234
03,chain_depth_sensitivity,5,49,True,0.944958,valid chain of delegation,5,4234
03,chain_depth_sensitivity,5,50,True,0.951916,valid chain of delegation,5,4234
03,chain_depth_sensitivity,5,51,True,0.975208,valid chain of delegation,5,4234
03,chain_depth_sensitivity,5,52,True,0.966875,valid chain of delegation,5,4234
03,chain_depth_sensitivity,5,53,True,0.975542,valid chain of delegation,5,4234
03,chain_depth_sensitivity,5,54,True,0.954541,valid chain of delegation,5,4234
03,chain_depth_sensitivity,5,55,True,0.961708,valid chain of delegation,5,4234
03,chain_depth_sensitivity,5,56,True,0.947833,valid chain of delegation,5,4234
03,chain_depth_sensitivity,5,57,True,0.971791,valid chain of delegation,5,4234
03,chain_depth_sensitivity,5,58,True,0.982834,valid chain of delegation,5,4234
03,chain_depth_sensitivity,5,59,True,0.9855,valid chain of delegation,5,4234
03,chain_depth_sensitivity,5,60,True,0.939708,valid chain of delegation,5,4234
03,chain_depth_sensitivity,5,61,True,0.962834,valid chain of delegation,5,4234
03,chain_depth_sensitivity,5,62,True,0.973084,valid chain of delegation,5,4234
03,chain_depth_sensitivity,5,63,True,0.953625,valid chain of delegation,5,4234
03,chain_depth_sensitivity,5,64,True,0.961333,valid chain of delegation,5,4234
03,chain_depth_sensitivity,5,65,True,1.009208,valid chain of delegation,5,4234
03,chain_depth_sensitivity,5,66,True,0.959333,valid chain of delegation,5,4234
03,chain_depth_sensitivity,5,67,True,0.954042,valid chain of delegation,5,4234
03,chain_depth_sensitivity,5,68,True,1.009042,valid chain of delegation,5,4234
03,chain_depth_sensitivity,5,69,True,0.9765,valid chain of delegation,5,4234
03,chain_depth_sensitivity,5,70,True,1.0205,valid chain of delegation,5,4234
03,chain_depth_sensitivity,5,71,True,0.980167,valid chain of delegation,5,4234
03,chain_depth_sensitivity,5,72,True,0.953708,valid chain of delegation,5,4234
03,chain_depth_sensitivity,5,73,True,1.032833,valid chain of delegation,5,4234
03,chain_depth_sensitivity,5,74,True,0.986625,valid chain of delegation,5,4234
03,chain_depth_sensitivity,5,75,True,0.988583,valid chain of delegation,5,4234
03,chain_depth_sensitivity,5,76,True,0.998,valid chain of delegation,5,4234
03,chain_depth_sensitivity,5,77,True,0.977041,valid chain of delegation,5,4234
03,chain_depth_sensitivity,5,78,True,0.993167,valid chain of delegation,5,4234
03,chain_depth_sensitivity,5,79,True,0.97675,valid chain of delegation,5,4234
03,chain_depth_sensitivity,5,80,True,1.031292,valid chain of delegation,5,4234
03,chain_depth_sensitivity,5,81,True,0.985667,valid chain of delegation,5,4234
03,chain_depth_sensitivity,5,82,True,0.9555,valid chain of delegation,5,4234
03,chain_depth_sensitivity,5,83,True,0.97975,valid chain of delegation,5,4234
03,chain_depth_sensitivity,5,84,True,0.99575,valid chain of delegation,5,4234
03,chain_depth_sensitivity,5,85,True,0.996958,valid chain of delegation,5,4234
03,chain_depth_sensitivity,5,86,True,0.965333,valid chain of delegation,5,4234
03,chain_depth_sensitivity,5,87,True,1.005375,valid chain of delegation,5,4234
03,chain_depth_sensitivity,5,88,True,0.966292,valid chain of delegation,5,4234
03,chain_depth_sensitivity,5,89,True,0.978625,valid chain of delegation,5,4234
03,chain_depth_sensitivity,5,90,True,0.972708,valid chain of delegation,5,4234
03,chain_depth_sensitivity,5,91,True,0.936542,valid chain of delegation,5,4234
03,chain_depth_sensitivity,5,92,True,0.959542,valid chain of delegation,5,4234
03,chain_depth_sensitivity,5,93,True,0.988,valid chain of delegation,5,4234
03,chain_depth_sensitivity,5,94,True,0.964333,valid chain of delegation,5,4234
03,chain_depth_sensitivity,5,95,True,0.985167,valid chain of delegation,5,4234
03,chain_depth_sensitivity,5,96,True,0.973458,valid chain of delegation,5,4234
03,chain_depth_sensitivity,5,97,True,0.968208,valid chain of delegation,5,4234
03,chain_depth_sensitivity,5,98,True,0.971583,valid chain of delegation,5,4234
03,chain_depth_sensitivity,5,99,True,0.963125,valid chain of delegation,5,4234
03,chain_depth_sensitivity,5,100,True,1.009375,valid chain of delegation,5,4234
03,chain_depth_sensitivity,10,1,True,1.30075,valid chain of delegation,10,8538
03,chain_depth_sensitivity,10,2,True,1.292834,valid chain of delegation,10,8538
03,chain_depth_sensitivity,10,3,True,1.291375,valid chain of delegation,10,8538
03,chain_depth_sensitivity,10,4,True,1.295084,valid chain of delegation,10,8538
03,chain_depth_sensitivity,10,5,True,1.32,valid chain of delegation,10,8538
03,chain_depth_sensitivity,10,6,True,1.293209,valid chain of delegation,10,8538
03,chain_depth_sensitivity,10,7,True,1.312458,valid chain of delegation,10,8538
03,chain_depth_sensitivity,10,8,True,1.325375,valid chain of delegation,10,8538
03,chain_depth_sensitivity,10,9,True,1.29725,valid chain of delegation,10,8538
03,chain_depth_sensitivity,10,10,True,1.29825,valid chain of delegation,10,8538
03,chain_depth_sensitivity,10,11,True,1.322709,valid chain of delegation,10,8538
03,chain_depth_sensitivity,10,12,True,1.313375,valid chain of delegation,10,8538
03,chain_depth_sensitivity,10,13,True,1.314208,valid chain of delegation,10,8538
03,chain_depth_sensitivity,10,14,True,1.331,valid chain of delegation,10,8538
03,chain_depth_sensitivity,10,15,True,1.334459,valid chain of delegation,10,8538
03,chain_depth_sensitivity,10,16,True,1.304791,valid chain of delegation,10,8538
03,chain_depth_sensitivity,10,17,True,1.330625,valid chain of delegation,10,8538
03,chain_depth_sensitivity,10,18,True,1.292167,valid chain of delegation,10,8538
03,chain_depth_sensitivity,10,19,True,1.306333,valid chain of delegation,10,8538
03,chain_depth_sensitivity,10,20,True,1.312167,valid chain of delegation,10,8538
03,chain_depth_sensitivity,10,21,True,1.309667,valid chain of delegation,10,8538
03,chain_depth_sensitivity,10,22,True,1.277916,valid chain of delegation,10,8538
03,chain_depth_sensitivity,10,23,True,1.277083,valid chain of delegation,10,8538
03,chain_depth_sensitivity,10,24,True,1.307,valid chain of delegation,10,8538
03,chain_depth_sensitivity,10,25,True,1.316083,valid chain of delegation,10,8538
03,chain_depth_sensitivity,10,26,True,1.300458,valid chain of delegation,10,8538
03,chain_depth_sensitivity,10,27,True,1.394791,valid chain of delegation,10,8538
03,chain_depth_sensitivity,10,28,True,1.325875,valid chain of delegation,10,8538
03,chain_depth_sensitivity,10,29,True,1.666584,valid chain of delegation,10,8538
03,chain_depth_sensitivity,10,30,True,1.422958,valid chain of delegation,10,8538
03,chain_depth_sensitivity,10,31,True,1.314042,valid chain of delegation,10,8538
03,chain_depth_sensitivity,10,32,True,1.335584,valid chain of delegation,10,8538
03,chain_depth_sensitivity,10,33,True,1.324084,valid chain of delegation,10,8538
03,chain_depth_sensitivity,10,34,True,1.294042,valid chain of delegation,10,8538
03,chain_depth_sensitivity,10,35,True,1.275583,valid chain of delegation,10,8538
03,chain_depth_sensitivity,10,36,True,1.324583,valid chain of delegation,10,8538
03,chain_depth_sensitivity,10,37,True,1.33075,valid chain of delegation,10,8538
03,chain_depth_sensitivity,10,38,True,1.314583,valid chain of delegation,10,8538
03,chain_depth_sensitivity,10,39,True,1.326834,valid chain of delegation,10,8538
03,chain_depth_sensitivity,10,40,True,1.2905,valid chain of delegation,10,8538
03,chain_depth_sensitivity,10,41,True,1.315292,valid chain of delegation,10,8538
03,chain_depth_sensitivity,10,42,True,1.302917,valid chain of delegation,10,8538
03,chain_depth_sensitivity,10,43,True,1.2995,valid chain of delegation,10,8538
03,chain_depth_sensitivity,10,44,True,1.284125,valid chain of delegation,10,8538
03,chain_depth_sensitivity,10,45,True,1.290916,valid chain of delegation,10,8538
03,chain_depth_sensitivity,10,46,True,1.300792,valid chain of delegation,10,8538
03,chain_depth_sensitivity,10,47,True,1.30575,valid chain of delegation,10,8538
03,chain_depth_sensitivity,10,48,True,1.279584,valid chain of delegation,10,8538
03,chain_depth_sensitivity,10,49,True,1.266791,valid chain of delegation,10,8538
03,chain_depth_sensitivity,10,50,True,1.293792,valid chain of delegation,10,8538
03,chain_depth_sensitivity,10,51,True,1.291917,valid chain of delegation,10,8538
03,chain_depth_sensitivity,10,52,True,1.328333,valid chain of delegation,10,8538
03,chain_depth_sensitivity,10,53,True,1.277625,valid chain of delegation,10,8538
03,chain_depth_sensitivity,10,54,True,1.297208,valid chain of delegation,10,8538
03,chain_depth_sensitivity,10,55,True,1.308042,valid chain of delegation,10,8538
03,chain_depth_sensitivity,10,56,True,1.34375,valid chain of delegation,10,8538
03,chain_depth_sensitivity,10,57,True,1.308875,valid chain of delegation,10,8538
03,chain_depth_sensitivity,10,58,True,1.308458,valid chain of delegation,10,8538
03,chain_depth_sensitivity,10,59,True,1.325084,valid chain of delegation,10,8538
03,chain_depth_sensitivity,10,60,True,1.280042,valid chain of delegation,10,8538
03,chain_depth_sensitivity,10,61,True,1.277834,valid chain of delegation,10,8538
03,chain_depth_sensitivity,10,62,True,1.303333,valid chain of delegation,10,8538
03,chain_depth_sensitivity,10,63,True,1.286708,valid chain of delegation,10,8538
03,chain_depth_sensitivity,10,64,True,1.276333,valid chain of delegation,10,8538
03,chain_depth_sensitivity,10,65,True,1.299583,valid chain of delegation,10,8538
03,chain_depth_sensitivity,10,66,True,1.268166,valid chain of delegation,10,8538
03,chain_depth_sensitivity,10,67,True,1.294875,valid chain of delegation,10,8538
03,chain_depth_sensitivity,10,68,True,1.286916,valid chain of delegation,10,8538
03,chain_depth_sensitivity,10,69,True,1.331375,valid chain of delegation,10,8538
03,chain_depth_sensitivity,10,70,True,1.284958,valid chain of delegation,10,8538
03,chain_depth_sensitivity,10,71,True,1.590375,valid chain of delegation,10,8538
03,chain_depth_sensitivity,10,72,True,1.384042,valid chain of delegation,10,8538
03,chain_depth_sensitivity,10,73,True,1.334125,valid chain of delegation,10,8538
03,chain_depth_sensitivity,10,74,True,1.3115,valid chain of delegation,10,8538
03,chain_depth_sensitivity,10,75,True,1.332584,valid chain of delegation,10,8538
03,chain_depth_sensitivity,10,76,True,1.335417,valid chain of delegation,10,8538
03,chain_depth_sensitivity,10,77,True,1.294208,valid chain of delegation,10,8538
03,chain_depth_sensitivity,10,78,True,1.396208,valid chain of delegation,10,8538
03,chain_depth_sensitivity,10,79,True,1.318542,valid chain of delegation,10,8538
03,chain_depth_sensitivity,10,80,True,1.304875,valid chain of delegation,10,8538
03,chain_depth_sensitivity,10,81,True,1.283666,valid chain of delegation,10,8538
03,chain_depth_sensitivity,10,82,True,1.29875,valid chain of delegation,10,8538
03,chain_depth_sensitivity,10,83,True,1.325833,valid chain of delegation,10,8538
03,chain_depth_sensitivity,10,84,True,1.337917,valid chain of delegation,10,8538
03,chain_depth_sensitivity,10,85,True,1.414875,valid chain of delegation,10,8538
03,chain_depth_sensitivity,10,86,True,1.324542,valid chain of delegation,10,8538
03,chain_depth_sensitivity,10,87,True,1.475333,valid chain of delegation,10,8538
03,chain_depth_sensitivity,10,88,True,1.355959,valid chain of delegation,10,8538
03,chain_depth_sensitivity,10,89,True,1.544875,valid chain of delegation,10,8538
03,chain_depth_sensitivity,10,90,True,1.312083,valid chain of delegation,10,8538
03,chain_depth_sensitivity,10,91,True,1.366791,valid chain of delegation,10,8538
03,chain_depth_sensitivity,10,92,True,3.16925,valid chain of delegation,10,8538
03,chain_depth_sensitivity,10,93,True,1.608125,valid chain of delegation,10,8538
03,chain_depth_sensitivity,10,94,True,1.379042,valid chain of delegation,10,8538
03,chain_depth_sensitivity,10,95,True,1.527625,valid chain of delegation,10,8538
03,chain_depth_sensitivity,10,96,True,1.371,valid chain of delegation,10,8538
03,chain_depth_sensitivity,10,97,True,1.52175,valid chain of delegation,10,8538
03,chain_depth_sensitivity,10,98,True,1.388167,valid chain of delegation,10,8538
03,chain_depth_sensitivity,10,99,True,1.390875,valid chain of delegation,10,8538
03,chain_depth_sensitivity,10,100,True,1.40875,valid chain of delegation,10,8538
04,chain_depth_sensitivity,1,1,True,1.292542,valid chain of delegation,1,826
04,chain_depth_sensitivity,1,2,True,1.094083,valid chain of delegation,1,826
04,chain_depth_sensitivity,1,3,True,1.122292,valid chain of delegation,1,826
04,chain_depth_sensitivity,1,4,True,0.997042,valid chain of delegation,1,826
04,chain_depth_sensitivity,1,5,True,0.979334,valid chain of delegation,1,826
04,chain_depth_sensitivity,1,6,True,0.94675,valid chain of delegation,1,826
04,chain_depth_sensitivity,1,7,True,0.949875,valid chain of delegation,1,826
04,chain_depth_sensitivity,1,8,True,0.923875,valid chain of delegation,1,826
04,chain_depth_sensitivity,1,9,True,0.878292,valid chain of delegation,1,826
04,chain_depth_sensitivity,1,10,True,1.279417,valid chain of delegation,1,826
04,chain_depth_sensitivity,1,11,True,0.9495,valid chain of delegation,1,826
04,chain_depth_sensitivity,1,12,True,0.984625,valid chain of delegation,1,826
04,chain_depth_sensitivity,1,13,True,0.9085,valid chain of delegation,1,826
04,chain_depth_sensitivity,1,14,True,0.901208,valid chain of delegation,1,826
04,chain_depth_sensitivity,1,15,True,0.884542,valid chain of delegation,1,826
04,chain_depth_sensitivity,1,16,True,0.881083,valid chain of delegation,1,826
04,chain_depth_sensitivity,1,17,True,0.904916,valid chain of delegation,1,826
04,chain_depth_sensitivity,1,18,True,0.86925,valid chain of delegation,1,826
04,chain_depth_sensitivity,1,19,True,0.854625,valid chain of delegation,1,826
04,chain_depth_sensitivity,1,20,True,0.873416,valid chain of delegation,1,826
04,chain_depth_sensitivity,1,21,True,0.875166,valid chain of delegation,1,826
04,chain_depth_sensitivity,1,22,True,0.81675,valid chain of delegation,1,826
04,chain_depth_sensitivity,1,23,True,0.843458,valid chain of delegation,1,826
04,chain_depth_sensitivity,1,24,True,0.837292,valid chain of delegation,1,826
04,chain_depth_sensitivity,1,25,True,0.794125,valid chain of delegation,1,826
04,chain_depth_sensitivity,1,26,True,0.804042,valid chain of delegation,1,826
04,chain_depth_sensitivity,1,27,True,0.807167,valid chain of delegation,1,826
04,chain_depth_sensitivity,1,28,True,0.778958,valid chain of delegation,1,826
04,chain_depth_sensitivity,1,29,True,0.811209,valid chain of delegation,1,826
04,chain_depth_sensitivity,1,30,True,0.8115,valid chain of delegation,1,826
04,chain_depth_sensitivity,1,31,True,0.839,valid chain of delegation,1,826
04,chain_depth_sensitivity,1,32,True,0.836458,valid chain of delegation,1,826
04,chain_depth_sensitivity,1,33,True,0.779625,valid chain of delegation,1,826
04,chain_depth_sensitivity,1,34,True,1.184583,valid chain of delegation,1,826
04,chain_depth_sensitivity,1,35,True,0.82275,valid chain of delegation,1,826
04,chain_depth_sensitivity,1,36,True,0.784042,valid chain of delegation,1,826
04,chain_depth_sensitivity,1,37,True,0.750042,valid chain of delegation,1,826
04,chain_depth_sensitivity,1,38,True,0.740167,valid chain of delegation,1,826
04,chain_depth_sensitivity,1,39,True,0.762042,valid chain of delegation,1,826
04,chain_depth_sensitivity,1,40,True,0.798166,valid chain of delegation,1,826
04,chain_depth_sensitivity,1,41,True,0.749,valid chain of delegation,1,826
04,chain_depth_sensitivity,1,42,True,0.774542,valid chain of delegation,1,826
04,chain_depth_sensitivity,1,43,True,0.729875,valid chain of delegation,1,826
04,chain_depth_sensitivity,1,44,True,0.762584,valid chain of delegation,1,826
04,chain_depth_sensitivity,1,45,True,0.773333,valid chain of delegation,1,826
04,chain_depth_sensitivity,1,46,True,0.753792,valid chain of delegation,1,826
04,chain_depth_sensitivity,1,47,True,0.773333,valid chain of delegation,1,826
04,chain_depth_sensitivity,1,48,True,0.752,valid chain of delegation,1,826
04,chain_depth_sensitivity,1,49,True,0.759959,valid chain of delegation,1,826
04,chain_depth_sensitivity,1,50,True,0.780542,valid chain of delegation,1,826
04,chain_depth_sensitivity,1,51,True,0.764708,valid chain of delegation,1,826
04,chain_depth_sensitivity,1,52,True,0.774125,valid chain of delegation,1,826
04,chain_depth_sensitivity,1,53,True,0.750958,valid chain of delegation,1,826
04,chain_depth_sensitivity,1,54,True,0.778792,valid chain of delegation,1,826
04,chain_depth_sensitivity,1,55,True,0.755291,valid chain of delegation,1,826
04,chain_depth_sensitivity,1,56,True,0.752334,valid chain of delegation,1,826
04,chain_depth_sensitivity,1,57,True,0.746,valid chain of delegation,1,826
04,chain_depth_sensitivity,1,58,True,0.746542,valid chain of delegation,1,826
04,chain_depth_sensitivity,1,59,True,0.719959,valid chain of delegation,1,826
04,chain_depth_sensitivity,1,60,True,0.717625,valid chain of delegation,1,826
04,chain_depth_sensitivity,1,61,True,0.730458,valid chain of delegation,1,826
04,chain_depth_sensitivity,1,62,True,0.747834,valid chain of delegation,1,826
04,chain_depth_sensitivity,1,63,True,0.696666,valid chain of delegation,1,826
04,chain_depth_sensitivity,1,64,True,0.723959,valid chain of delegation,1,826
04,chain_depth_sensitivity,1,65,True,0.69125,valid chain of delegation,1,826
04,chain_depth_sensitivity,1,66,True,0.731333,valid chain of delegation,1,826
04,chain_depth_sensitivity,1,67,True,0.74925,valid chain of delegation,1,826
04,chain_depth_sensitivity,1,68,True,0.735792,valid chain of delegation,1,826
04,chain_depth_sensitivity,1,69,True,0.708042,valid chain of delegation,1,826
04,chain_depth_sensitivity,1,70,True,0.713792,valid chain of delegation,1,826
04,chain_depth_sensitivity,1,71,True,0.741459,valid chain of delegation,1,826
04,chain_depth_sensitivity,1,72,True,0.698875,valid chain of delegation,1,826
04,chain_depth_sensitivity,1,73,True,0.696541,valid chain of delegation,1,826
04,chain_depth_sensitivity,1,74,True,0.723417,valid chain of delegation,1,826
04,chain_depth_sensitivity,1,75,True,0.699792,valid chain of delegation,1,826
04,chain_depth_sensitivity,1,76,True,0.7115,valid chain of delegation,1,826
04,chain_depth_sensitivity,1,77,True,0.731375,valid chain of delegation,1,826
04,chain_depth_sensitivity,1,78,True,0.751625,valid chain of delegation,1,826
04,chain_depth_sensitivity,1,79,True,0.695292,valid chain of delegation,1,826
04,chain_depth_sensitivity,1,80,True,0.686917,valid chain of delegation,1,826
04,chain_depth_sensitivity,1,81,True,0.709333,valid chain of delegation,1,826
04,chain_depth_sensitivity,1,82,True,0.72375,valid chain of delegation,1,826
04,chain_depth_sensitivity,1,83,True,0.74925,valid chain of delegation,1,826
04,chain_depth_sensitivity,1,84,True,0.683792,valid chain of delegation,1,826
04,chain_depth_sensitivity,1,85,True,0.700375,valid chain of delegation,1,826
04,chain_depth_sensitivity,1,86,True,0.71125,valid chain of delegation,1,826
04,chain_depth_sensitivity,1,87,True,0.699291,valid chain of delegation,1,826
04,chain_depth_sensitivity,1,88,True,0.705083,valid chain of delegation,1,826
04,chain_depth_sensitivity,1,89,True,0.719709,valid chain of delegation,1,826
04,chain_depth_sensitivity,1,90,True,0.703958,valid chain of delegation,1,826
04,chain_depth_sensitivity,1,91,True,0.689875,valid chain of delegation,1,826
04,chain_depth_sensitivity,1,92,True,0.717917,valid chain of delegation,1,826
04,chain_depth_sensitivity,1,93,True,0.721042,valid chain of delegation,1,826
04,chain_depth_sensitivity,1,94,True,0.668625,valid chain of delegation,1,826
04,chain_depth_sensitivity,1,95,True,0.679625,valid chain of delegation,1,826
04,chain_depth_sensitivity,1,96,True,1.009,valid chain of delegation,1,826
04,chain_depth_sensitivity,1,97,True,0.890542,valid chain of delegation,1,826
04,chain_depth_sensitivity,1,98,True,0.738125,valid chain of delegation,1,826
04,chain_depth_sensitivity,1,99,True,0.726291,valid chain of delegation,1,826
04,chain_depth_sensitivity,1,100,True,0.685041,valid chain of delegation,1,826
04,chain_depth_sensitivity,2,1,True,0.803958,valid chain of delegation,2,1678
04,chain_depth_sensitivity,2,2,True,0.791083,valid chain of delegation,2,1678
04,chain_depth_sensitivity,2,3,True,0.760042,valid chain of delegation,2,1678
04,chain_depth_sensitivity,2,4,True,0.799334,valid chain of delegation,2,1678
04,chain_depth_sensitivity,2,5,True,0.804792,valid chain of delegation,2,1678
04,chain_depth_sensitivity,2,6,True,0.805666,valid chain of delegation,2,1678
04,chain_depth_sensitivity,2,7,True,0.810334,valid chain of delegation,2,1678
04,chain_depth_sensitivity,2,8,True,0.774542,valid chain of delegation,2,1678
04,chain_depth_sensitivity,2,9,True,0.758167,valid chain of delegation,2,1678
04,chain_depth_sensitivity,2,10,True,0.736416,valid chain of delegation,2,1678
04,chain_depth_sensitivity,2,11,True,0.784083,valid chain of delegation,2,1678
04,chain_depth_sensitivity,2,12,True,0.76325,valid chain of delegation,2,1678
04,chain_depth_sensitivity,2,13,True,0.774917,valid chain of delegation,2,1678
04,chain_depth_sensitivity,2,14,True,0.77375,valid chain of delegation,2,1678
04,chain_depth_sensitivity,2,15,True,0.795667,valid chain of delegation,2,1678
04,chain_depth_sensitivity,2,16,True,0.796416,valid chain of delegation,2,1678
04,chain_depth_sensitivity,2,17,True,0.746,valid chain of delegation,2,1678
04,chain_depth_sensitivity,2,18,True,0.7755,valid chain of delegation,2,1678
04,chain_depth_sensitivity,2,19,True,0.807375,valid chain of delegation,2,1678
04,chain_depth_sensitivity,2,20,True,0.78825,valid chain of delegation,2,1678
04,chain_depth_sensitivity,2,21,True,0.758708,valid chain of delegation,2,1678
04,chain_depth_sensitivity,2,22,True,0.772792,valid chain of delegation,2,1678
04,chain_depth_sensitivity,2,23,True,0.941166,valid chain of delegation,2,1678
04,chain_depth_sensitivity,2,24,True,0.767958,valid chain of delegation,2,1678
04,chain_depth_sensitivity,2,25,True,0.788666,valid chain of delegation,2,1678
04,chain_depth_sensitivity,2,26,True,0.817167,valid chain of delegation,2,1678
04,chain_depth_sensitivity,2,27,True,0.8475,valid chain of delegation,2,1678
04,chain_depth_sensitivity,2,28,True,0.7915,valid chain of delegation,2,1678
04,chain_depth_sensitivity,2,29,True,0.799875,valid chain of delegation,2,1678
04,chain_depth_sensitivity,2,30,True,0.782292,valid chain of delegation,2,1678
04,chain_depth_sensitivity,2,31,True,0.789583,valid chain of delegation,2,1678
04,chain_depth_sensitivity,2,32,True,0.784,valid chain of delegation,2,1678
04,chain_depth_sensitivity,2,33,True,0.7775,valid chain of delegation,2,1678
04,chain_depth_sensitivity,2,34,True,0.780709,valid chain of delegation,2,1678
04,chain_depth_sensitivity,2,35,True,0.808584,valid chain of delegation,2,1678
04,chain_depth_sensitivity,2,36,True,0.777792,valid chain of delegation,2,1678
04,chain_depth_sensitivity,2,37,True,0.808917,valid chain of delegation,2,1678
04,chain_depth_sensitivity,2,38,True,0.78725,valid chain of delegation,2,1678
04,chain_depth_sensitivity,2,39,True,0.798125,valid chain of delegation,2,1678
04,chain_depth_sensitivity,2,40,True,0.838125,valid chain of delegation,2,1678
04,chain_depth_sensitivity,2,41,True,0.749167,valid chain of delegation,2,1678
04,chain_depth_sensitivity,2,42,True,0.763334,valid chain of delegation,2,1678
04,chain_depth_sensitivity,2,43,True,0.83125,valid chain of delegation,2,1678
04,chain_depth_sensitivity,2,44,True,0.82625,valid chain of delegation,2,1678
04,chain_depth_sensitivity,2,45,True,0.79525,valid chain of delegation,2,1678
04,chain_depth_sensitivity,2,46,True,0.802334,valid chain of delegation,2,1678
04,chain_depth_sensitivity,2,47,True,0.782958,valid chain of delegation,2,1678
04,chain_depth_sensitivity,2,48,True,0.792542,valid chain of delegation,2,1678
04,chain_depth_sensitivity,2,49,True,0.82625,valid chain of delegation,2,1678
04,chain_depth_sensitivity,2,50,True,0.785125,valid chain of delegation,2,1678
04,chain_depth_sensitivity,2,51,True,0.831334,valid chain of delegation,2,1678
04,chain_depth_sensitivity,2,52,True,0.782458,valid chain of delegation,2,1678
04,chain_depth_sensitivity,2,53,True,0.773584,valid chain of delegation,2,1678
04,chain_depth_sensitivity,2,54,True,0.768583,valid chain of delegation,2,1678
04,chain_depth_sensitivity,2,55,True,0.774208,valid chain of delegation,2,1678
04,chain_depth_sensitivity,2,56,True,0.829292,valid chain of delegation,2,1678
04,chain_depth_sensitivity,2,57,True,0.774833,valid chain of delegation,2,1678
04,chain_depth_sensitivity,2,58,True,0.781125,valid chain of delegation,2,1678
04,chain_depth_sensitivity,2,59,True,0.776292,valid chain of delegation,2,1678
04,chain_depth_sensitivity,2,60,True,0.788292,valid chain of delegation,2,1678
04,chain_depth_sensitivity,2,61,True,0.777458,valid chain of delegation,2,1678
04,chain_depth_sensitivity,2,62,True,0.753083,valid chain of delegation,2,1678
04,chain_depth_sensitivity,2,63,True,0.746083,valid chain of delegation,2,1678
04,chain_depth_sensitivity,2,64,True,0.830542,valid chain of delegation,2,1678
04,chain_depth_sensitivity,2,65,True,0.79275,valid chain of delegation,2,1678
04,chain_depth_sensitivity,2,66,True,0.783625,valid chain of delegation,2,1678
04,chain_depth_sensitivity,2,67,True,0.766125,valid chain of delegation,2,1678
04,chain_depth_sensitivity,2,68,True,0.786583,valid chain of delegation,2,1678
04,chain_depth_sensitivity,2,69,True,0.770041,valid chain of delegation,2,1678
04,chain_depth_sensitivity,2,70,True,0.797959,valid chain of delegation,2,1678
04,chain_depth_sensitivity,2,71,True,0.828666,valid chain of delegation,2,1678
04,chain_depth_sensitivity,2,72,True,0.809959,valid chain of delegation,2,1678
04,chain_depth_sensitivity,2,73,True,0.749292,valid chain of delegation,2,1678
04,chain_depth_sensitivity,2,74,True,0.7795,valid chain of delegation,2,1678
04,chain_depth_sensitivity,2,75,True,0.764208,valid chain of delegation,2,1678
04,chain_depth_sensitivity,2,76,True,0.812166,valid chain of delegation,2,1678
04,chain_depth_sensitivity,2,77,True,0.826792,valid chain of delegation,2,1678
04,chain_depth_sensitivity,2,78,True,0.758792,valid chain of delegation,2,1678
04,chain_depth_sensitivity,2,79,True,0.7935,valid chain of delegation,2,1678
04,chain_depth_sensitivity,2,80,True,0.750208,valid chain of delegation,2,1678
04,chain_depth_sensitivity,2,81,True,0.767083,valid chain of delegation,2,1678
04,chain_depth_sensitivity,2,82,True,0.818833,valid chain of delegation,2,1678
04,chain_depth_sensitivity,2,83,True,0.761917,valid chain of delegation,2,1678
04,chain_depth_sensitivity,2,84,True,0.823542,valid chain of delegation,2,1678
04,chain_depth_sensitivity,2,85,True,0.802334,valid chain of delegation,2,1678
04,chain_depth_sensitivity,2,86,True,0.778333,valid chain of delegation,2,1678
04,chain_depth_sensitivity,2,87,True,0.763166,valid chain of delegation,2,1678
04,chain_depth_sensitivity,2,88,True,0.779541,valid chain of delegation,2,1678
04,chain_depth_sensitivity,2,89,True,0.764584,valid chain of delegation,2,1678
04,chain_depth_sensitivity,2,90,True,0.765959,valid chain of delegation,2,1678
04,chain_depth_sensitivity,2,91,True,0.832208,valid chain of delegation,2,1678
04,chain_depth_sensitivity,2,92,True,0.775625,valid chain of delegation,2,1678
04,chain_depth_sensitivity,2,93,True,0.770083,valid chain of delegation,2,1678
04,chain_depth_sensitivity,2,94,True,0.814625,valid chain of delegation,2,1678
04,chain_depth_sensitivity,2,95,True,0.795208,valid chain of delegation,2,1678
04,chain_depth_sensitivity,2,96,True,0.806333,valid chain of delegation,2,1678
04,chain_depth_sensitivity,2,97,True,0.775834,valid chain of delegation,2,1678
04,chain_depth_sensitivity,2,98,True,0.769958,valid chain of delegation,2,1678
04,chain_depth_sensitivity,2,99,True,0.741833,valid chain of delegation,2,1678
04,chain_depth_sensitivity,2,100,True,0.814041,valid chain of delegation,2,1678
04,chain_depth_sensitivity,3,1,True,0.812708,valid chain of delegation,3,2530
04,chain_depth_sensitivity,3,2,True,0.813583,valid chain of delegation,3,2530
04,chain_depth_sensitivity,3,3,True,0.850375,valid chain of delegation,3,2530
04,chain_depth_sensitivity,3,4,True,0.843833,valid chain of delegation,3,2530
04,chain_depth_sensitivity,3,5,True,0.868917,valid chain of delegation,3,2530
04,chain_depth_sensitivity,3,6,True,0.803375,valid chain of delegation,3,2530
04,chain_depth_sensitivity,3,7,True,0.854125,valid chain of delegation,3,2530
04,chain_depth_sensitivity,3,8,True,0.80375,valid chain of delegation,3,2530
04,chain_depth_sensitivity,3,9,True,0.804833,valid chain of delegation,3,2530
04,chain_depth_sensitivity,3,10,True,0.795584,valid chain of delegation,3,2530
04,chain_depth_sensitivity,3,11,True,0.836584,valid chain of delegation,3,2530
04,chain_depth_sensitivity,3,12,True,0.82075,valid chain of delegation,3,2530
04,chain_depth_sensitivity,3,13,True,0.823791,valid chain of delegation,3,2530
04,chain_depth_sensitivity,3,14,True,0.823167,valid chain of delegation,3,2530
04,chain_depth_sensitivity,3,15,True,0.824542,valid chain of delegation,3,2530
04,chain_depth_sensitivity,3,16,True,0.813958,valid chain of delegation,3,2530
04,chain_depth_sensitivity,3,17,True,0.793542,valid chain of delegation,3,2530
04,chain_depth_sensitivity,3,18,True,0.84,valid chain of delegation,3,2530
04,chain_depth_sensitivity,3,19,True,0.843583,valid chain of delegation,3,2530
04,chain_depth_sensitivity,3,20,True,0.851375,valid chain of delegation,3,2530
04,chain_depth_sensitivity,3,21,True,0.846792,valid chain of delegation,3,2530
04,chain_depth_sensitivity,3,22,True,0.8295,valid chain of delegation,3,2530
04,chain_depth_sensitivity,3,23,True,0.849041,valid chain of delegation,3,2530
04,chain_depth_sensitivity,3,24,True,0.8535,valid chain of delegation,3,2530
04,chain_depth_sensitivity,3,25,True,0.843709,valid chain of delegation,3,2530
04,chain_depth_sensitivity,3,26,True,0.875417,valid chain of delegation,3,2530
04,chain_depth_sensitivity,3,27,True,0.834167,valid chain of delegation,3,2530
04,chain_depth_sensitivity,3,28,True,0.814459,valid chain of delegation,3,2530
04,chain_depth_sensitivity,3,29,True,0.840375,valid chain of delegation,3,2530
04,chain_depth_sensitivity,3,30,True,0.802959,valid chain of delegation,3,2530
04,chain_depth_sensitivity,3,31,True,0.823083,valid chain of delegation,3,2530
04,chain_depth_sensitivity,3,32,True,0.817334,valid chain of delegation,3,2530
04,chain_depth_sensitivity,3,33,True,0.824458,valid chain of delegation,3,2530
04,chain_depth_sensitivity,3,34,True,0.866,valid chain of delegation,3,2530
04,chain_depth_sensitivity,3,35,True,0.883125,valid chain of delegation,3,2530
04,chain_depth_sensitivity,3,36,True,0.873,valid chain of delegation,3,2530
04,chain_depth_sensitivity,3,37,True,0.884416,valid chain of delegation,3,2530
04,chain_depth_sensitivity,3,38,True,0.8275,valid chain of delegation,3,2530
04,chain_depth_sensitivity,3,39,True,0.835209,valid chain of delegation,3,2530
04,chain_depth_sensitivity,3,40,True,0.834917,valid chain of delegation,3,2530
04,chain_depth_sensitivity,3,41,True,0.836458,valid chain of delegation,3,2530
04,chain_depth_sensitivity,3,42,True,0.817333,valid chain of delegation,3,2530
04,chain_depth_sensitivity,3,43,True,0.79075,valid chain of delegation,3,2530
04,chain_depth_sensitivity,3,44,True,0.839875,valid chain of delegation,3,2530
04,chain_depth_sensitivity,3,45,True,0.833,valid chain of delegation,3,2530
04,chain_depth_sensitivity,3,46,True,0.833709,valid chain of delegation,3,2530
04,chain_depth_sensitivity,3,47,True,0.860041,valid chain of delegation,3,2530
04,chain_depth_sensitivity,3,48,True,0.84475,valid chain of delegation,3,2530
04,chain_depth_sensitivity,3,49,True,0.834042,valid chain of delegation,3,2530
04,chain_depth_sensitivity,3,50,True,0.836708,valid chain of delegation,3,2530
04,chain_depth_sensitivity,3,51,True,0.819667,valid chain of delegation,3,2530
04,chain_depth_sensitivity,3,52,True,0.813875,valid chain of delegation,3,2530
04,chain_depth_sensitivity,3,53,True,0.832125,valid chain of delegation,3,2530
04,chain_depth_sensitivity,3,54,True,0.843375,valid chain of delegation,3,2530
04,chain_depth_sensitivity,3,55,True,0.845,valid chain of delegation,3,2530
04,chain_depth_sensitivity,3,56,True,0.811625,valid chain of delegation,3,2530
04,chain_depth_sensitivity,3,57,True,0.827667,valid chain of delegation,3,2530
04,chain_depth_sensitivity,3,58,True,0.833916,valid chain of delegation,3,2530
04,chain_depth_sensitivity,3,59,True,0.849167,valid chain of delegation,3,2530
04,chain_depth_sensitivity,3,60,True,0.833083,valid chain of delegation,3,2530
04,chain_depth_sensitivity,3,61,True,0.816917,valid chain of delegation,3,2530
04,chain_depth_sensitivity,3,62,True,0.817167,valid chain of delegation,3,2530
04,chain_depth_sensitivity,3,63,True,0.806583,valid chain of delegation,3,2530
04,chain_depth_sensitivity,3,64,True,0.827875,valid chain of delegation,3,2530
04,chain_depth_sensitivity,3,65,True,0.823583,valid chain of delegation,3,2530
04,chain_depth_sensitivity,3,66,True,0.822,valid chain of delegation,3,2530
04,chain_depth_sensitivity,3,67,True,0.842041,valid chain of delegation,3,2530
04,chain_depth_sensitivity,3,68,True,0.843917,valid chain of delegation,3,2530
04,chain_depth_sensitivity,3,69,True,0.847875,valid chain of delegation,3,2530
04,chain_depth_sensitivity,3,70,True,0.821083,valid chain of delegation,3,2530
04,chain_depth_sensitivity,3,71,True,0.829125,valid chain of delegation,3,2530
04,chain_depth_sensitivity,3,72,True,0.82275,valid chain of delegation,3,2530
04,chain_depth_sensitivity,3,73,True,0.829917,valid chain of delegation,3,2530
04,chain_depth_sensitivity,3,74,True,0.822292,valid chain of delegation,3,2530
04,chain_depth_sensitivity,3,75,True,0.834292,valid chain of delegation,3,2530
04,chain_depth_sensitivity,3,76,True,0.821708,valid chain of delegation,3,2530
04,chain_depth_sensitivity,3,77,True,0.804291,valid chain of delegation,3,2530
04,chain_depth_sensitivity,3,78,True,0.806833,valid chain of delegation,3,2530
04,chain_depth_sensitivity,3,79,True,0.832125,valid chain of delegation,3,2530
04,chain_depth_sensitivity,3,80,True,0.860958,valid chain of delegation,3,2530
04,chain_depth_sensitivity,3,81,True,0.8745,valid chain of delegation,3,2530
04,chain_depth_sensitivity,3,82,True,0.824458,valid chain of delegation,3,2530
04,chain_depth_sensitivity,3,83,True,0.838166,valid chain of delegation,3,2530
04,chain_depth_sensitivity,3,84,True,0.808833,valid chain of delegation,3,2530
04,chain_depth_sensitivity,3,85,True,0.821708,valid chain of delegation,3,2530
04,chain_depth_sensitivity,3,86,True,0.818875,valid chain of delegation,3,2530
04,chain_depth_sensitivity,3,87,True,0.841666,valid chain of delegation,3,2530
04,chain_depth_sensitivity,3,88,True,0.81275,valid chain of delegation,3,2530
04,chain_depth_sensitivity,3,89,True,0.82075,valid chain of delegation,3,2530
04,chain_depth_sensitivity,3,90,True,0.820584,valid chain of delegation,3,2530
04,chain_depth_sensitivity,3,91,True,0.836625,valid chain of delegation,3,2530
04,chain_depth_sensitivity,3,92,True,0.837625,valid chain of delegation,3,2530
04,chain_depth_sensitivity,3,93,True,0.831542,valid chain of delegation,3,2530
04,chain_depth_sensitivity,3,94,True,0.83875,valid chain of delegation,3,2530
04,chain_depth_sensitivity,3,95,True,0.806292,valid chain of delegation,3,2530
04,chain_depth_sensitivity,3,96,True,0.814042,valid chain of delegation,3,2530
04,chain_depth_sensitivity,3,97,True,0.810291,valid chain of delegation,3,2530
04,chain_depth_sensitivity,3,98,True,0.80475,valid chain of delegation,3,2530
04,chain_depth_sensitivity,3,99,True,0.815416,valid chain of delegation,3,2530
04,chain_depth_sensitivity,3,100,True,0.862416,valid chain of delegation,3,2530
04,chain_depth_sensitivity,5,1,True,0.968083,valid chain of delegation,5,4234
04,chain_depth_sensitivity,5,2,True,0.981875,valid chain of delegation,5,4234
04,chain_depth_sensitivity,5,3,True,0.934792,valid chain of delegation,5,4234
04,chain_depth_sensitivity,5,4,True,0.98775,valid chain of delegation,5,4234
04,chain_depth_sensitivity,5,5,True,0.9755,valid chain of delegation,5,4234
04,chain_depth_sensitivity,5,6,True,0.970083,valid chain of delegation,5,4234
04,chain_depth_sensitivity,5,7,True,0.94825,valid chain of delegation,5,4234
04,chain_depth_sensitivity,5,8,True,0.973458,valid chain of delegation,5,4234
04,chain_depth_sensitivity,5,9,True,1.013584,valid chain of delegation,5,4234
04,chain_depth_sensitivity,5,10,True,1.137417,valid chain of delegation,5,4234
04,chain_depth_sensitivity,5,11,True,1.027667,valid chain of delegation,5,4234
04,chain_depth_sensitivity,5,12,True,1.011,valid chain of delegation,5,4234
04,chain_depth_sensitivity,5,13,True,0.949166,valid chain of delegation,5,4234
04,chain_depth_sensitivity,5,14,True,0.992666,valid chain of delegation,5,4234
04,chain_depth_sensitivity,5,15,True,0.968834,valid chain of delegation,5,4234
04,chain_depth_sensitivity,5,16,True,0.921958,valid chain of delegation,5,4234
04,chain_depth_sensitivity,5,17,True,0.957292,valid chain of delegation,5,4234
04,chain_depth_sensitivity,5,18,True,0.972834,valid chain of delegation,5,4234
04,chain_depth_sensitivity,5,19,True,1.027792,valid chain of delegation,5,4234
04,chain_depth_sensitivity,5,20,True,0.952041,valid chain of delegation,5,4234
04,chain_depth_sensitivity,5,21,True,0.985292,valid chain of delegation,5,4234
04,chain_depth_sensitivity,5,22,True,0.917584,valid chain of delegation,5,4234
04,chain_depth_sensitivity,5,23,True,1.006333,valid chain of delegation,5,4234
04,chain_depth_sensitivity,5,24,True,1.006042,valid chain of delegation,5,4234
04,chain_depth_sensitivity,5,25,True,0.980416,valid chain of delegation,5,4234
04,chain_depth_sensitivity,5,26,True,0.954084,valid chain of delegation,5,4234
04,chain_depth_sensitivity,5,27,True,0.970708,valid chain of delegation,5,4234
04,chain_depth_sensitivity,5,28,True,0.9805,valid chain of delegation,5,4234
04,chain_depth_sensitivity,5,29,True,0.951792,valid chain of delegation,5,4234
04,chain_depth_sensitivity,5,30,True,0.985375,valid chain of delegation,5,4234
04,chain_depth_sensitivity,5,31,True,0.997666,valid chain of delegation,5,4234
04,chain_depth_sensitivity,5,32,True,0.96025,valid chain of delegation,5,4234
04,chain_depth_sensitivity,5,33,True,0.939375,valid chain of delegation,5,4234
04,chain_depth_sensitivity,5,34,True,0.988166,valid chain of delegation,5,4234
04,chain_depth_sensitivity,5,35,True,0.984875,valid chain of delegation,5,4234
04,chain_depth_sensitivity,5,36,True,0.948791,valid chain of delegation,5,4234
04,chain_depth_sensitivity,5,37,True,0.994,valid chain of delegation,5,4234
04,chain_depth_sensitivity,5,38,True,0.999791,valid chain of delegation,5,4234
04,chain_depth_sensitivity,5,39,True,0.970875,valid chain of delegation,5,4234
04,chain_depth_sensitivity,5,40,True,0.934125,valid chain of delegation,5,4234
04,chain_depth_sensitivity,5,41,True,1.114333,valid chain of delegation,5,4234
04,chain_depth_sensitivity,5,42,True,1.008834,valid chain of delegation,5,4234
04,chain_depth_sensitivity,5,43,True,0.936334,valid chain of delegation,5,4234
04,chain_depth_sensitivity,5,44,True,0.988583,valid chain of delegation,5,4234
04,chain_depth_sensitivity,5,45,True,0.978084,valid chain of delegation,5,4234
04,chain_depth_sensitivity,5,46,True,0.972583,valid chain of delegation,5,4234
04,chain_depth_sensitivity,5,47,True,0.955333,valid chain of delegation,5,4234
04,chain_depth_sensitivity,5,48,True,0.939208,valid chain of delegation,5,4234
04,chain_depth_sensitivity,5,49,True,0.966875,valid chain of delegation,5,4234
04,chain_depth_sensitivity,5,50,True,0.965042,valid chain of delegation,5,4234
04,chain_depth_sensitivity,5,51,True,0.953584,valid chain of delegation,5,4234
04,chain_depth_sensitivity,5,52,True,0.942541,valid chain of delegation,5,4234
04,chain_depth_sensitivity,5,53,True,0.973958,valid chain of delegation,5,4234
04,chain_depth_sensitivity,5,54,True,0.959083,valid chain of delegation,5,4234
04,chain_depth_sensitivity,5,55,True,0.986125,valid chain of delegation,5,4234
04,chain_depth_sensitivity,5,56,True,0.929041,valid chain of delegation,5,4234
04,chain_depth_sensitivity,5,57,True,0.993542,valid chain of delegation,5,4234
04,chain_depth_sensitivity,5,58,True,0.962458,valid chain of delegation,5,4234
04,chain_depth_sensitivity,5,59,True,0.957417,valid chain of delegation,5,4234
04,chain_depth_sensitivity,5,60,True,0.923083,valid chain of delegation,5,4234
04,chain_depth_sensitivity,5,61,True,0.9775,valid chain of delegation,5,4234
04,chain_depth_sensitivity,5,62,True,0.932833,valid chain of delegation,5,4234
04,chain_depth_sensitivity,5,63,True,0.947542,valid chain of delegation,5,4234
04,chain_depth_sensitivity,5,64,True,0.944542,valid chain of delegation,5,4234
04,chain_depth_sensitivity,5,65,True,0.976084,valid chain of delegation,5,4234
04,chain_depth_sensitivity,5,66,True,0.938917,valid chain of delegation,5,4234
04,chain_depth_sensitivity,5,67,True,0.916458,valid chain of delegation,5,4234
04,chain_depth_sensitivity,5,68,True,0.967958,valid chain of delegation,5,4234
04,chain_depth_sensitivity,5,69,True,0.972833,valid chain of delegation,5,4234
04,chain_depth_sensitivity,5,70,True,0.964708,valid chain of delegation,5,4234
04,chain_depth_sensitivity,5,71,True,0.970625,valid chain of delegation,5,4234
04,chain_depth_sensitivity,5,72,True,0.948291,valid chain of delegation,5,4234
04,chain_depth_sensitivity,5,73,True,0.9575,valid chain of delegation,5,4234
04,chain_depth_sensitivity,5,74,True,0.941416,valid chain of delegation,5,4234
04,chain_depth_sensitivity,5,75,True,0.969167,valid chain of delegation,5,4234
04,chain_depth_sensitivity,5,76,True,1.000458,valid chain of delegation,5,4234
04,chain_depth_sensitivity,5,77,True,0.952333,valid chain of delegation,5,4234
04,chain_depth_sensitivity,5,78,True,0.9305,valid chain of delegation,5,4234
04,chain_depth_sensitivity,5,79,True,0.945208,valid chain of delegation,5,4234
04,chain_depth_sensitivity,5,80,True,0.958417,valid chain of delegation,5,4234
04,chain_depth_sensitivity,5,81,True,0.96325,valid chain of delegation,5,4234
04,chain_depth_sensitivity,5,82,True,0.94475,valid chain of delegation,5,4234
04,chain_depth_sensitivity,5,83,True,0.945917,valid chain of delegation,5,4234
04,chain_depth_sensitivity,5,84,True,1.083833,valid chain of delegation,5,4234
04,chain_depth_sensitivity,5,85,True,0.999625,valid chain of delegation,5,4234
04,chain_depth_sensitivity,5,86,True,0.973792,valid chain of delegation,5,4234
04,chain_depth_sensitivity,5,87,True,0.9365,valid chain of delegation,5,4234
04,chain_depth_sensitivity,5,88,True,0.950292,valid chain of delegation,5,4234
04,chain_depth_sensitivity,5,89,True,0.934417,valid chain of delegation,5,4234
04,chain_depth_sensitivity,5,90,True,0.980458,valid chain of delegation,5,4234
04,chain_depth_sensitivity,5,91,True,0.954458,valid chain of delegation,5,4234
04,chain_depth_sensitivity,5,92,True,0.966167,valid chain of delegation,5,4234
04,chain_depth_sensitivity,5,93,True,0.939833,valid chain of delegation,5,4234
04,chain_depth_sensitivity,5,94,True,0.981084,valid chain of delegation,5,4234
04,chain_depth_sensitivity,5,95,True,0.984709,valid chain of delegation,5,4234
04,chain_depth_sensitivity,5,96,True,0.977334,valid chain of delegation,5,4234
04,chain_depth_sensitivity,5,97,True,0.972708,valid chain of delegation,5,4234
04,chain_depth_sensitivity,5,98,True,0.943583,valid chain of delegation,5,4234
04,chain_depth_sensitivity,5,99,True,0.978,valid chain of delegation,5,4234
04,chain_depth_sensitivity,5,100,True,0.980083,valid chain of delegation,5,4234
04,chain_depth_sensitivity,10,1,True,1.327542,valid chain of delegation,10,8538
04,chain_depth_sensitivity,10,2,True,1.307,valid chain of delegation,10,8538
04,chain_depth_sensitivity,10,3,True,1.286083,valid chain of delegation,10,8538
04,chain_depth_sensitivity,10,4,True,1.30225,valid chain of delegation,10,8538
04,chain_depth_sensitivity,10,5,True,1.358959,valid chain of delegation,10,8538
04,chain_depth_sensitivity,10,6,True,1.314333,valid chain of delegation,10,8538
04,chain_depth_sensitivity,10,7,True,1.294,valid chain of delegation,10,8538
04,chain_depth_sensitivity,10,8,True,1.331125,valid chain of delegation,10,8538
04,chain_depth_sensitivity,10,9,True,1.292667,valid chain of delegation,10,8538
04,chain_depth_sensitivity,10,10,True,1.313709,valid chain of delegation,10,8538
04,chain_depth_sensitivity,10,11,True,1.294917,valid chain of delegation,10,8538
04,chain_depth_sensitivity,10,12,True,1.273792,valid chain of delegation,10,8538
04,chain_depth_sensitivity,10,13,True,1.250708,valid chain of delegation,10,8538
04,chain_depth_sensitivity,10,14,True,1.28175,valid chain of delegation,10,8538
04,chain_depth_sensitivity,10,15,True,1.312583,valid chain of delegation,10,8538
04,chain_depth_sensitivity,10,16,True,1.347875,valid chain of delegation,10,8538
04,chain_depth_sensitivity,10,17,True,1.302625,valid chain of delegation,10,8538
04,chain_depth_sensitivity,10,18,True,1.289916,valid chain of delegation,10,8538
04,chain_depth_sensitivity,10,19,True,1.343917,valid chain of delegation,10,8538
04,chain_depth_sensitivity,10,20,True,1.319208,valid chain of delegation,10,8538
04,chain_depth_sensitivity,10,21,True,1.269084,valid chain of delegation,10,8538
04,chain_depth_sensitivity,10,22,True,1.267417,valid chain of delegation,10,8538
04,chain_depth_sensitivity,10,23,True,1.283417,valid chain of delegation,10,8538
04,chain_depth_sensitivity,10,24,True,1.313959,valid chain of delegation,10,8538
04,chain_depth_sensitivity,10,25,True,1.311292,valid chain of delegation,10,8538
04,chain_depth_sensitivity,10,26,True,1.309333,valid chain of delegation,10,8538
04,chain_depth_sensitivity,10,27,True,1.297459,valid chain of delegation,10,8538
04,chain_depth_sensitivity,10,28,True,1.297959,valid chain of delegation,10,8538
04,chain_depth_sensitivity,10,29,True,1.271666,valid chain of delegation,10,8538
04,chain_depth_sensitivity,10,30,True,1.299,valid chain of delegation,10,8538
04,chain_depth_sensitivity,10,31,True,1.286334,valid chain of delegation,10,8538
04,chain_depth_sensitivity,10,32,True,1.270667,valid chain of delegation,10,8538
04,chain_depth_sensitivity,10,33,True,1.277708,valid chain of delegation,10,8538
04,chain_depth_sensitivity,10,34,True,1.298625,valid chain of delegation,10,8538
04,chain_depth_sensitivity,10,35,True,1.298459,valid chain of delegation,10,8538
04,chain_depth_sensitivity,10,36,True,1.328416,valid chain of delegation,10,8538
04,chain_depth_sensitivity,10,37,True,1.350166,valid chain of delegation,10,8538
04,chain_depth_sensitivity,10,38,True,1.32325,valid chain of delegation,10,8538
04,chain_depth_sensitivity,10,39,True,1.292083,valid chain of delegation,10,8538
04,chain_depth_sensitivity,10,40,True,1.330291,valid chain of delegation,10,8538
04,chain_depth_sensitivity,10,41,True,1.327125,valid chain of delegation,10,8538
04,chain_depth_sensitivity,10,42,True,1.301833,valid chain of delegation,10,8538
04,chain_depth_sensitivity,10,43,True,1.328917,valid chain of delegation,10,8538
04,chain_depth_sensitivity,10,44,True,1.310375,valid chain of delegation,10,8538
04,chain_depth_sensitivity,10,45,True,3.926792,valid chain of delegation,10,8538
04,chain_depth_sensitivity,10,46,True,1.489,valid chain of delegation,10,8538
04,chain_depth_sensitivity,10,47,True,1.450959,valid chain of delegation,10,8538
04,chain_depth_sensitivity,10,48,True,1.366625,valid chain of delegation,10,8538
04,chain_depth_sensitivity,10,49,True,1.382584,valid chain of delegation,10,8538
04,chain_depth_sensitivity,10,50,True,1.39825,valid chain of delegation,10,8538
04,chain_depth_sensitivity,10,51,True,1.321208,valid chain of delegation,10,8538
04,chain_depth_sensitivity,10,52,True,1.338709,valid chain of delegation,10,8538
04,chain_depth_sensitivity,10,53,True,1.332959,valid chain of delegation,10,8538
04,chain_depth_sensitivity,10,54,True,1.396625,valid chain of delegation,10,8538
04,chain_depth_sensitivity,10,55,True,1.394625,valid chain of delegation,10,8538
04,chain_depth_sensitivity,10,56,True,1.316708,valid chain of delegation,10,8538
04,chain_depth_sensitivity,10,57,True,1.29175,valid chain of delegation,10,8538
04,chain_depth_sensitivity,10,58,True,1.344208,valid chain of delegation,10,8538
04,chain_depth_sensitivity,10,59,True,1.326666,valid chain of delegation,10,8538
04,chain_depth_sensitivity,10,60,True,1.341667,valid chain of delegation,10,8538
04,chain_depth_sensitivity,10,61,True,1.331583,valid chain of delegation,10,8538
04,chain_depth_sensitivity,10,62,True,1.323417,valid chain of delegation,10,8538
04,chain_depth_sensitivity,10,63,True,1.293958,valid chain of delegation,10,8538
04,chain_depth_sensitivity,10,64,True,1.283417,valid chain of delegation,10,8538
04,chain_depth_sensitivity,10,65,True,1.312917,valid chain of delegation,10,8538
04,chain_depth_sensitivity,10,66,True,1.295834,valid chain of delegation,10,8538
04,chain_depth_sensitivity,10,67,True,1.322917,valid chain of delegation,10,8538
04,chain_depth_sensitivity,10,68,True,1.356875,valid chain of delegation,10,8538
04,chain_depth_sensitivity,10,69,True,1.374625,valid chain of delegation,10,8538
04,chain_depth_sensitivity,10,70,True,1.3175,valid chain of delegation,10,8538
04,chain_depth_sensitivity,10,71,True,1.339916,valid chain of delegation,10,8538
04,chain_depth_sensitivity,10,72,True,1.322167,valid chain of delegation,10,8538
04,chain_depth_sensitivity,10,73,True,1.269875,valid chain of delegation,10,8538
04,chain_depth_sensitivity,10,74,True,1.359083,valid chain of delegation,10,8538
04,chain_depth_sensitivity,10,75,True,1.337416,valid chain of delegation,10,8538
04,chain_depth_sensitivity,10,76,True,1.305791,valid chain of delegation,10,8538
04,chain_depth_sensitivity,10,77,True,1.321208,valid chain of delegation,10,8538
04,chain_depth_sensitivity,10,78,True,1.318875,valid chain of delegation,10,8538
04,chain_depth_sensitivity,10,79,True,1.317875,valid chain of delegation,10,8538
04,chain_depth_sensitivity,10,80,True,1.31125,valid chain of delegation,10,8538
04,chain_depth_sensitivity,10,81,True,1.318916,valid chain of delegation,10,8538
04,chain_depth_sensitivity,10,82,True,1.342125,valid chain of delegation,10,8538
04,chain_depth_sensitivity,10,83,True,1.325167,valid chain of delegation,10,8538
04,chain_depth_sensitivity,10,84,True,1.3235,valid chain of delegation,10,8538
04,chain_depth_sensitivity,10,85,True,1.302375,valid chain of delegation,10,8538
04,chain_depth_sensitivity,10,86,True,1.298333,valid chain of delegation,10,8538
04,chain_depth_sensitivity,10,87,True,1.3315,valid chain of delegation,10,8538
04,chain_depth_sensitivity,10,88,True,1.312333,valid chain of delegation,10,8538
04,chain_depth_sensitivity,10,89,True,1.30825,valid chain of delegation,10,8538
04,chain_depth_sensitivity,10,90,True,1.274333,valid chain of delegation,10,8538
04,chain_depth_sensitivity,10,91,True,1.283416,valid chain of delegation,10,8538
04,chain_depth_sensitivity,10,92,True,1.300792,valid chain of delegation,10,8538
04,chain_depth_sensitivity,10,93,True,1.300125,valid chain of delegation,10,8538
04,chain_depth_sensitivity,10,94,True,1.294,valid chain of delegation,10,8538
04,chain_depth_sensitivity,10,95,True,1.267666,valid chain of delegation,10,8538
04,chain_depth_sensitivity,10,96,True,1.315541,valid chain of delegation,10,8538
04,chain_depth_sensitivity,10,97,True,1.30275,valid chain of delegation,10,8538
04,chain_depth_sensitivity,10,98,True,1.308083,valid chain of delegation,10,8538
04,chain_depth_sensitivity,10,99,True,1.363792,valid chain of delegation,10,8538
04,chain_depth_sensitivity,10,100,True,1.301583,valid chain of delegation,10,8538
05,chain_depth_sensitivity,1,1,True,1.054917,valid chain of delegation,1,826
05,chain_depth_sensitivity,1,2,True,1.029917,valid chain of delegation,1,826
05,chain_depth_sensitivity,1,3,True,1.040875,valid chain of delegation,1,826
05,chain_depth_sensitivity,1,4,True,0.99275,valid chain of delegation,1,826
05,chain_depth_sensitivity,1,5,True,0.938333,valid chain of delegation,1,826
05,chain_depth_sensitivity,1,6,True,0.932834,valid chain of delegation,1,826
05,chain_depth_sensitivity,1,7,True,1.034917,valid chain of delegation,1,826
05,chain_depth_sensitivity,1,8,True,0.988375,valid chain of delegation,1,826
05,chain_depth_sensitivity,1,9,True,0.85725,valid chain of delegation,1,826
05,chain_depth_sensitivity,1,10,True,0.859125,valid chain of delegation,1,826
05,chain_depth_sensitivity,1,11,True,0.840791,valid chain of delegation,1,826
05,chain_depth_sensitivity,1,12,True,0.813417,valid chain of delegation,1,826
05,chain_depth_sensitivity,1,13,True,0.801541,valid chain of delegation,1,826
05,chain_depth_sensitivity,1,14,True,0.797333,valid chain of delegation,1,826
05,chain_depth_sensitivity,1,15,True,0.847,valid chain of delegation,1,826
05,chain_depth_sensitivity,1,16,True,0.897083,valid chain of delegation,1,826
05,chain_depth_sensitivity,1,17,True,0.90475,valid chain of delegation,1,826
05,chain_depth_sensitivity,1,18,True,0.783833,valid chain of delegation,1,826
05,chain_depth_sensitivity,1,19,True,0.729166,valid chain of delegation,1,826
05,chain_depth_sensitivity,1,20,True,0.732333,valid chain of delegation,1,826
05,chain_depth_sensitivity,1,21,True,0.835042,valid chain of delegation,1,826
05,chain_depth_sensitivity,1,22,True,0.843167,valid chain of delegation,1,826
05,chain_depth_sensitivity,1,23,True,0.808166,valid chain of delegation,1,826
05,chain_depth_sensitivity,1,24,True,0.794417,valid chain of delegation,1,826
05,chain_depth_sensitivity,1,25,True,0.808083,valid chain of delegation,1,826
05,chain_depth_sensitivity,1,26,True,0.797542,valid chain of delegation,1,826
05,chain_depth_sensitivity,1,27,True,0.767083,valid chain of delegation,1,826
05,chain_depth_sensitivity,1,28,True,0.793792,valid chain of delegation,1,826
05,chain_depth_sensitivity,1,29,True,0.80375,valid chain of delegation,1,826
05,chain_depth_sensitivity,1,30,True,0.851541,valid chain of delegation,1,826
05,chain_depth_sensitivity,1,31,True,0.755792,valid chain of delegation,1,826
05,chain_depth_sensitivity,1,32,True,0.760959,valid chain of delegation,1,826
05,chain_depth_sensitivity,1,33,True,0.729458,valid chain of delegation,1,826
05,chain_depth_sensitivity,1,34,True,0.731041,valid chain of delegation,1,826
05,chain_depth_sensitivity,1,35,True,0.724166,valid chain of delegation,1,826
05,chain_depth_sensitivity,1,36,True,0.767833,valid chain of delegation,1,826
05,chain_depth_sensitivity,1,37,True,0.770041,valid chain of delegation,1,826
05,chain_depth_sensitivity,1,38,True,0.7485,valid chain of delegation,1,826
05,chain_depth_sensitivity,1,39,True,0.788166,valid chain of delegation,1,826
05,chain_depth_sensitivity,1,40,True,0.753916,valid chain of delegation,1,826
05,chain_depth_sensitivity,1,41,True,0.755584,valid chain of delegation,1,826
05,chain_depth_sensitivity,1,42,True,0.721583,valid chain of delegation,1,826
05,chain_depth_sensitivity,1,43,True,0.755375,valid chain of delegation,1,826
05,chain_depth_sensitivity,1,44,True,0.752459,valid chain of delegation,1,826
05,chain_depth_sensitivity,1,45,True,0.74125,valid chain of delegation,1,826
05,chain_depth_sensitivity,1,46,True,0.736125,valid chain of delegation,1,826
05,chain_depth_sensitivity,1,47,True,0.722166,valid chain of delegation,1,826
05,chain_depth_sensitivity,1,48,True,0.709625,valid chain of delegation,1,826
05,chain_depth_sensitivity,1,49,True,0.722209,valid chain of delegation,1,826
05,chain_depth_sensitivity,1,50,True,0.730833,valid chain of delegation,1,826
05,chain_depth_sensitivity,1,51,True,0.758625,valid chain of delegation,1,826
05,chain_depth_sensitivity,1,52,True,0.710042,valid chain of delegation,1,826
05,chain_depth_sensitivity,1,53,True,0.737208,valid chain of delegation,1,826
05,chain_depth_sensitivity,1,54,True,0.922,valid chain of delegation,1,826
05,chain_depth_sensitivity,1,55,True,0.734916,valid chain of delegation,1,826
05,chain_depth_sensitivity,1,56,True,0.72075,valid chain of delegation,1,826
05,chain_depth_sensitivity,1,57,True,0.672083,valid chain of delegation,1,826
05,chain_depth_sensitivity,1,58,True,0.730334,valid chain of delegation,1,826
05,chain_depth_sensitivity,1,59,True,0.720209,valid chain of delegation,1,826
05,chain_depth_sensitivity,1,60,True,0.6845,valid chain of delegation,1,826
05,chain_depth_sensitivity,1,61,True,0.695792,valid chain of delegation,1,826
05,chain_depth_sensitivity,1,62,True,0.807541,valid chain of delegation,1,826
05,chain_depth_sensitivity,1,63,True,0.861375,valid chain of delegation,1,826
05,chain_depth_sensitivity,1,64,True,1.206125,valid chain of delegation,1,826
05,chain_depth_sensitivity,1,65,True,0.945333,valid chain of delegation,1,826
05,chain_depth_sensitivity,1,66,True,0.992167,valid chain of delegation,1,826
05,chain_depth_sensitivity,1,67,True,1.032834,valid chain of delegation,1,826
05,chain_depth_sensitivity,1,68,True,0.802833,valid chain of delegation,1,826
05,chain_depth_sensitivity,1,69,True,0.786208,valid chain of delegation,1,826
05,chain_depth_sensitivity,1,70,True,0.7465,valid chain of delegation,1,826
05,chain_depth_sensitivity,1,71,True,0.718875,valid chain of delegation,1,826
05,chain_depth_sensitivity,1,72,True,0.772291,valid chain of delegation,1,826
05,chain_depth_sensitivity,1,73,True,0.847041,valid chain of delegation,1,826
05,chain_depth_sensitivity,1,74,True,0.742208,valid chain of delegation,1,826
05,chain_depth_sensitivity,1,75,True,0.765125,valid chain of delegation,1,826
05,chain_depth_sensitivity,1,76,True,0.760625,valid chain of delegation,1,826
05,chain_depth_sensitivity,1,77,True,1.356875,valid chain of delegation,1,826
05,chain_depth_sensitivity,1,78,True,0.829083,valid chain of delegation,1,826
05,chain_depth_sensitivity,1,79,True,1.1055,valid chain of delegation,1,826
05,chain_depth_sensitivity,1,80,True,0.833208,valid chain of delegation,1,826
05,chain_depth_sensitivity,1,81,True,0.749625,valid chain of delegation,1,826
05,chain_depth_sensitivity,1,82,True,0.72925,valid chain of delegation,1,826
05,chain_depth_sensitivity,1,83,True,1.452208,valid chain of delegation,1,826
05,chain_depth_sensitivity,1,84,True,1.325167,valid chain of delegation,1,826
05,chain_depth_sensitivity,1,85,True,0.802042,valid chain of delegation,1,826
05,chain_depth_sensitivity,1,86,True,0.824875,valid chain of delegation,1,826
05,chain_depth_sensitivity,1,87,True,0.751333,valid chain of delegation,1,826
05,chain_depth_sensitivity,1,88,True,0.760375,valid chain of delegation,1,826
05,chain_depth_sensitivity,1,89,True,0.782375,valid chain of delegation,1,826
05,chain_depth_sensitivity,1,90,True,0.990083,valid chain of delegation,1,826
05,chain_depth_sensitivity,1,91,True,0.739167,valid chain of delegation,1,826
05,chain_depth_sensitivity,1,92,True,0.726541,valid chain of delegation,1,826
05,chain_depth_sensitivity,1,93,True,0.750875,valid chain of delegation,1,826
05,chain_depth_sensitivity,1,94,True,0.786375,valid chain of delegation,1,826
05,chain_depth_sensitivity,1,95,True,0.842916,valid chain of delegation,1,826
05,chain_depth_sensitivity,1,96,True,0.829625,valid chain of delegation,1,826
05,chain_depth_sensitivity,1,97,True,0.779542,valid chain of delegation,1,826
05,chain_depth_sensitivity,1,98,True,0.733125,valid chain of delegation,1,826
05,chain_depth_sensitivity,1,99,True,0.757416,valid chain of delegation,1,826
05,chain_depth_sensitivity,1,100,True,0.709958,valid chain of delegation,1,826
05,chain_depth_sensitivity,2,1,True,0.78525,valid chain of delegation,2,1678
05,chain_depth_sensitivity,2,2,True,1.081209,valid chain of delegation,2,1678
05,chain_depth_sensitivity,2,3,True,1.023417,valid chain of delegation,2,1678
05,chain_depth_sensitivity,2,4,True,0.920042,valid chain of delegation,2,1678
05,chain_depth_sensitivity,2,5,True,0.838375,valid chain of delegation,2,1678
05,chain_depth_sensitivity,2,6,True,0.808708,valid chain of delegation,2,1678
05,chain_depth_sensitivity,2,7,True,0.814292,valid chain of delegation,2,1678
05,chain_depth_sensitivity,2,8,True,0.819833,valid chain of delegation,2,1678
05,chain_depth_sensitivity,2,9,True,0.802875,valid chain of delegation,2,1678
05,chain_depth_sensitivity,2,10,True,0.822792,valid chain of delegation,2,1678
05,chain_depth_sensitivity,2,11,True,0.758708,valid chain of delegation,2,1678
05,chain_depth_sensitivity,2,12,True,0.775667,valid chain of delegation,2,1678
05,chain_depth_sensitivity,2,13,True,0.786791,valid chain of delegation,2,1678
05,chain_depth_sensitivity,2,14,True,0.799167,valid chain of delegation,2,1678
05,chain_depth_sensitivity,2,15,True,0.807916,valid chain of delegation,2,1678
05,chain_depth_sensitivity,2,16,True,0.783708,valid chain of delegation,2,1678
05,chain_depth_sensitivity,2,17,True,0.777833,valid chain of delegation,2,1678
05,chain_depth_sensitivity,2,18,True,0.779542,valid chain of delegation,2,1678
05,chain_depth_sensitivity,2,19,True,0.790917,valid chain of delegation,2,1678
05,chain_depth_sensitivity,2,20,True,0.806458,valid chain of delegation,2,1678
05,chain_depth_sensitivity,2,21,True,0.7915,valid chain of delegation,2,1678
05,chain_depth_sensitivity,2,22,True,0.785375,valid chain of delegation,2,1678
05,chain_depth_sensitivity,2,23,True,0.836917,valid chain of delegation,2,1678
05,chain_depth_sensitivity,2,24,True,0.822459,valid chain of delegation,2,1678
05,chain_depth_sensitivity,2,25,True,0.818084,valid chain of delegation,2,1678
05,chain_depth_sensitivity,2,26,True,2.281041,valid chain of delegation,2,1678
05,chain_depth_sensitivity,2,27,True,2.307125,valid chain of delegation,2,1678
05,chain_depth_sensitivity,2,28,True,1.3885,valid chain of delegation,2,1678
05,chain_depth_sensitivity,2,29,True,0.926584,valid chain of delegation,2,1678
05,chain_depth_sensitivity,2,30,True,2.346334,valid chain of delegation,2,1678
05,chain_depth_sensitivity,2,31,True,0.884834,valid chain of delegation,2,1678
05,chain_depth_sensitivity,2,32,True,0.828,valid chain of delegation,2,1678
05,chain_depth_sensitivity,2,33,True,0.814125,valid chain of delegation,2,1678
05,chain_depth_sensitivity,2,34,True,3.134375,valid chain of delegation,2,1678
05,chain_depth_sensitivity,2,35,True,1.131584,valid chain of delegation,2,1678
05,chain_depth_sensitivity,2,36,True,0.854375,valid chain of delegation,2,1678
05,chain_depth_sensitivity,2,37,True,1.288958,valid chain of delegation,2,1678
05,chain_depth_sensitivity,2,38,True,1.949041,valid chain of delegation,2,1678
05,chain_depth_sensitivity,2,39,True,1.718625,valid chain of delegation,2,1678
05,chain_depth_sensitivity,2,40,True,1.035959,valid chain of delegation,2,1678
05,chain_depth_sensitivity,2,41,True,2.851167,valid chain of delegation,2,1678
05,chain_depth_sensitivity,2,42,True,0.854208,valid chain of delegation,2,1678
05,chain_depth_sensitivity,2,43,True,0.840958,valid chain of delegation,2,1678
05,chain_depth_sensitivity,2,44,True,0.798291,valid chain of delegation,2,1678
05,chain_depth_sensitivity,2,45,True,0.796084,valid chain of delegation,2,1678
05,chain_depth_sensitivity,2,46,True,0.807834,valid chain of delegation,2,1678
05,chain_depth_sensitivity,2,47,True,0.779542,valid chain of delegation,2,1678
05,chain_depth_sensitivity,2,48,True,0.811584,valid chain of delegation,2,1678
05,chain_depth_sensitivity,2,49,True,1.973125,valid chain of delegation,2,1678
05,chain_depth_sensitivity,2,50,True,0.861,valid chain of delegation,2,1678
05,chain_depth_sensitivity,2,51,True,0.777541,valid chain of delegation,2,1678
05,chain_depth_sensitivity,2,52,True,0.822167,valid chain of delegation,2,1678
05,chain_depth_sensitivity,2,53,True,0.76025,valid chain of delegation,2,1678
05,chain_depth_sensitivity,2,54,True,1.965959,valid chain of delegation,2,1678
05,chain_depth_sensitivity,2,55,True,0.894666,valid chain of delegation,2,1678
05,chain_depth_sensitivity,2,56,True,0.829959,valid chain of delegation,2,1678
05,chain_depth_sensitivity,2,57,True,0.805792,valid chain of delegation,2,1678
05,chain_depth_sensitivity,2,58,True,0.815542,valid chain of delegation,2,1678
05,chain_depth_sensitivity,2,59,True,1.040917,valid chain of delegation,2,1678
05,chain_depth_sensitivity,2,60,True,1.832458,valid chain of delegation,2,1678
05,chain_depth_sensitivity,2,61,True,0.820417,valid chain of delegation,2,1678
05,chain_depth_sensitivity,2,62,True,0.755833,valid chain of delegation,2,1678
05,chain_depth_sensitivity,2,63,True,0.822375,valid chain of delegation,2,1678
05,chain_depth_sensitivity,2,64,True,1.774292,valid chain of delegation,2,1678
05,chain_depth_sensitivity,2,65,True,0.825,valid chain of delegation,2,1678
05,chain_depth_sensitivity,2,66,True,0.777417,valid chain of delegation,2,1678
05,chain_depth_sensitivity,2,67,True,0.795625,valid chain of delegation,2,1678
05,chain_depth_sensitivity,2,68,True,2.9925,valid chain of delegation,2,1678
05,chain_depth_sensitivity,2,69,True,0.77875,valid chain of delegation,2,1678
05,chain_depth_sensitivity,2,70,True,0.803292,valid chain of delegation,2,1678
05,chain_depth_sensitivity,2,71,True,0.77125,valid chain of delegation,2,1678
05,chain_depth_sensitivity,2,72,True,0.790875,valid chain of delegation,2,1678
05,chain_depth_sensitivity,2,73,True,2.35875,valid chain of delegation,2,1678
05,chain_depth_sensitivity,2,74,True,0.877417,valid chain of delegation,2,1678
05,chain_depth_sensitivity,2,75,True,0.835334,valid chain of delegation,2,1678
05,chain_depth_sensitivity,2,76,True,0.811459,valid chain of delegation,2,1678
05,chain_depth_sensitivity,2,77,True,0.786625,valid chain of delegation,2,1678
05,chain_depth_sensitivity,2,78,True,0.828833,valid chain of delegation,2,1678
05,chain_depth_sensitivity,2,79,True,2.576625,valid chain of delegation,2,1678
05,chain_depth_sensitivity,2,80,True,1.670167,valid chain of delegation,2,1678
05,chain_depth_sensitivity,2,81,True,1.482792,valid chain of delegation,2,1678
05,chain_depth_sensitivity,2,82,True,0.993375,valid chain of delegation,2,1678
05,chain_depth_sensitivity,2,83,True,0.935916,valid chain of delegation,2,1678
05,chain_depth_sensitivity,2,84,True,0.861542,valid chain of delegation,2,1678
05,chain_depth_sensitivity,2,85,True,0.863334,valid chain of delegation,2,1678
05,chain_depth_sensitivity,2,86,True,0.804125,valid chain of delegation,2,1678
05,chain_depth_sensitivity,2,87,True,2.937417,valid chain of delegation,2,1678
05,chain_depth_sensitivity,2,88,True,0.879875,valid chain of delegation,2,1678
05,chain_depth_sensitivity,2,89,True,0.849958,valid chain of delegation,2,1678
05,chain_depth_sensitivity,2,90,True,0.801709,valid chain of delegation,2,1678
05,chain_depth_sensitivity,2,91,True,0.852417,valid chain of delegation,2,1678
05,chain_depth_sensitivity,2,92,True,0.892583,valid chain of delegation,2,1678
05,chain_depth_sensitivity,2,93,True,0.807125,valid chain of delegation,2,1678
05,chain_depth_sensitivity,2,94,True,1.22575,valid chain of delegation,2,1678
05,chain_depth_sensitivity,2,95,True,3.395542,valid chain of delegation,2,1678
05,chain_depth_sensitivity,2,96,True,0.851958,valid chain of delegation,2,1678
05,chain_depth_sensitivity,2,97,True,1.450084,valid chain of delegation,2,1678
05,chain_depth_sensitivity,2,98,True,1.086292,valid chain of delegation,2,1678
05,chain_depth_sensitivity,2,99,True,0.885625,valid chain of delegation,2,1678
05,chain_depth_sensitivity,2,100,True,0.8585,valid chain of delegation,2,1678
05,chain_depth_sensitivity,3,1,True,1.268,valid chain of delegation,3,2530
05,chain_depth_sensitivity,3,2,True,0.950333,valid chain of delegation,3,2530
05,chain_depth_sensitivity,3,3,True,0.899083,valid chain of delegation,3,2530
05,chain_depth_sensitivity,3,4,True,0.877458,valid chain of delegation,3,2530
05,chain_depth_sensitivity,3,5,True,0.986584,valid chain of delegation,3,2530
05,chain_depth_sensitivity,3,6,True,0.862625,valid chain of delegation,3,2530
05,chain_depth_sensitivity,3,7,True,1.356417,valid chain of delegation,3,2530
05,chain_depth_sensitivity,3,8,True,1.136292,valid chain of delegation,3,2530
05,chain_depth_sensitivity,3,9,True,0.978417,valid chain of delegation,3,2530
05,chain_depth_sensitivity,3,10,True,0.923791,valid chain of delegation,3,2530
05,chain_depth_sensitivity,3,11,True,0.911291,valid chain of delegation,3,2530
05,chain_depth_sensitivity,3,12,True,0.969083,valid chain of delegation,3,2530
05,chain_depth_sensitivity,3,13,True,1.046041,valid chain of delegation,3,2530
05,chain_depth_sensitivity,3,14,True,0.943083,valid chain of delegation,3,2530
05,chain_depth_sensitivity,3,15,True,0.879792,valid chain of delegation,3,2530
05,chain_depth_sensitivity,3,16,True,0.8785,valid chain of delegation,3,2530
05,chain_depth_sensitivity,3,17,True,0.860625,valid chain of delegation,3,2530
05,chain_depth_sensitivity,3,18,True,0.853125,valid chain of delegation,3,2530
05,chain_depth_sensitivity,3,19,True,0.859834,valid chain of delegation,3,2530
05,chain_depth_sensitivity,3,20,True,0.870583,valid chain of delegation,3,2530
05,chain_depth_sensitivity,3,21,True,1.14125,valid chain of delegation,3,2530
05,chain_depth_sensitivity,3,22,True,0.998833,valid chain of delegation,3,2530
05,chain_depth_sensitivity,3,23,True,0.913625,valid chain of delegation,3,2530
05,chain_depth_sensitivity,3,24,True,0.898208,valid chain of delegation,3,2530
05,chain_depth_sensitivity,3,25,True,0.859583,valid chain of delegation,3,2530
05,chain_depth_sensitivity,3,26,True,0.851125,valid chain of delegation,3,2530
05,chain_depth_sensitivity,3,27,True,0.927,valid chain of delegation,3,2530
05,chain_depth_sensitivity,3,28,True,0.833166,valid chain of delegation,3,2530
05,chain_depth_sensitivity,3,29,True,0.842917,valid chain of delegation,3,2530
05,chain_depth_sensitivity,3,30,True,0.858417,valid chain of delegation,3,2530
05,chain_depth_sensitivity,3,31,True,0.846375,valid chain of delegation,3,2530
05,chain_depth_sensitivity,3,32,True,0.836458,valid chain of delegation,3,2530
05,chain_depth_sensitivity,3,33,True,0.83525,valid chain of delegation,3,2530
05,chain_depth_sensitivity,3,34,True,0.850125,valid chain of delegation,3,2530
05,chain_depth_sensitivity,3,35,True,0.849333,valid chain of delegation,3,2530
05,chain_depth_sensitivity,3,36,True,0.880958,valid chain of delegation,3,2530
05,chain_depth_sensitivity,3,37,True,0.931875,valid chain of delegation,3,2530
05,chain_depth_sensitivity,3,38,True,0.885625,valid chain of delegation,3,2530
05,chain_depth_sensitivity,3,39,True,0.870333,valid chain of delegation,3,2530
05,chain_depth_sensitivity,3,40,True,0.919459,valid chain of delegation,3,2530
05,chain_depth_sensitivity,3,41,True,1.162083,valid chain of delegation,3,2530
05,chain_depth_sensitivity,3,42,True,0.929416,valid chain of delegation,3,2530
05,chain_depth_sensitivity,3,43,True,0.839917,valid chain of delegation,3,2530
05,chain_depth_sensitivity,3,44,True,0.828792,valid chain of delegation,3,2530
05,chain_depth_sensitivity,3,45,True,0.813166,valid chain of delegation,3,2530
05,chain_depth_sensitivity,3,46,True,0.986959,valid chain of delegation,3,2530
05,chain_depth_sensitivity,3,47,True,1.032959,valid chain of delegation,3,2530
05,chain_depth_sensitivity,3,48,True,1.009958,valid chain of delegation,3,2530
05,chain_depth_sensitivity,3,49,True,0.909833,valid chain of delegation,3,2530
05,chain_depth_sensitivity,3,50,True,0.942541,valid chain of delegation,3,2530
05,chain_depth_sensitivity,3,51,True,0.893125,valid chain of delegation,3,2530
05,chain_depth_sensitivity,3,52,True,0.880125,valid chain of delegation,3,2530
05,chain_depth_sensitivity,3,53,True,0.879958,valid chain of delegation,3,2530
05,chain_depth_sensitivity,3,54,True,0.886041,valid chain of delegation,3,2530
05,chain_depth_sensitivity,3,55,True,0.924583,valid chain of delegation,3,2530
05,chain_depth_sensitivity,3,56,True,0.917875,valid chain of delegation,3,2530
05,chain_depth_sensitivity,3,57,True,0.887416,valid chain of delegation,3,2530
05,chain_depth_sensitivity,3,58,True,0.860584,valid chain of delegation,3,2530
05,chain_depth_sensitivity,3,59,True,0.893667,valid chain of delegation,3,2530
05,chain_depth_sensitivity,3,60,True,0.932875,valid chain of delegation,3,2530
05,chain_depth_sensitivity,3,61,True,0.883583,valid chain of delegation,3,2530
05,chain_depth_sensitivity,3,62,True,0.888292,valid chain of delegation,3,2530
05,chain_depth_sensitivity,3,63,True,0.914292,valid chain of delegation,3,2530
05,chain_depth_sensitivity,3,64,True,1.322,valid chain of delegation,3,2530
05,chain_depth_sensitivity,3,65,True,1.173875,valid chain of delegation,3,2530
05,chain_depth_sensitivity,3,66,True,0.986375,valid chain of delegation,3,2530
05,chain_depth_sensitivity,3,67,True,1.005125,valid chain of delegation,3,2530
05,chain_depth_sensitivity,3,68,True,0.94025,valid chain of delegation,3,2530
05,chain_depth_sensitivity,3,69,True,0.917875,valid chain of delegation,3,2530
05,chain_depth_sensitivity,3,70,True,0.892334,valid chain of delegation,3,2530
05,chain_depth_sensitivity,3,71,True,0.904583,valid chain of delegation,3,2530
05,chain_depth_sensitivity,3,72,True,0.827417,valid chain of delegation,3,2530
05,chain_depth_sensitivity,3,73,True,0.849333,valid chain of delegation,3,2530
05,chain_depth_sensitivity,3,74,True,0.856166,valid chain of delegation,3,2530
05,chain_depth_sensitivity,3,75,True,0.936333,valid chain of delegation,3,2530
05,chain_depth_sensitivity,3,76,True,0.90425,valid chain of delegation,3,2530
05,chain_depth_sensitivity,3,77,True,0.90425,valid chain of delegation,3,2530
05,chain_depth_sensitivity,3,78,True,0.844042,valid chain of delegation,3,2530
05,chain_depth_sensitivity,3,79,True,0.84425,valid chain of delegation,3,2530
05,chain_depth_sensitivity,3,80,True,0.820292,valid chain of delegation,3,2530
05,chain_depth_sensitivity,3,81,True,0.849583,valid chain of delegation,3,2530
05,chain_depth_sensitivity,3,82,True,0.850042,valid chain of delegation,3,2530
05,chain_depth_sensitivity,3,83,True,0.857792,valid chain of delegation,3,2530
05,chain_depth_sensitivity,3,84,True,0.8975,valid chain of delegation,3,2530
05,chain_depth_sensitivity,3,85,True,0.821583,valid chain of delegation,3,2530
05,chain_depth_sensitivity,3,86,True,0.81275,valid chain of delegation,3,2530
05,chain_depth_sensitivity,3,87,True,0.848833,valid chain of delegation,3,2530
05,chain_depth_sensitivity,3,88,True,0.847167,valid chain of delegation,3,2530
05,chain_depth_sensitivity,3,89,True,0.856666,valid chain of delegation,3,2530
05,chain_depth_sensitivity,3,90,True,0.868583,valid chain of delegation,3,2530
05,chain_depth_sensitivity,3,91,True,0.838,valid chain of delegation,3,2530
05,chain_depth_sensitivity,3,92,True,0.833125,valid chain of delegation,3,2530
05,chain_depth_sensitivity,3,93,True,0.835917,valid chain of delegation,3,2530
05,chain_depth_sensitivity,3,94,True,0.843291,valid chain of delegation,3,2530
05,chain_depth_sensitivity,3,95,True,0.828041,valid chain of delegation,3,2530
05,chain_depth_sensitivity,3,96,True,0.839041,valid chain of delegation,3,2530
05,chain_depth_sensitivity,3,97,True,0.828084,valid chain of delegation,3,2530
05,chain_depth_sensitivity,3,98,True,0.883125,valid chain of delegation,3,2530
05,chain_depth_sensitivity,3,99,True,0.862834,valid chain of delegation,3,2530
05,chain_depth_sensitivity,3,100,True,0.841042,valid chain of delegation,3,2530
05,chain_depth_sensitivity,5,1,True,0.936417,valid chain of delegation,5,4234
05,chain_depth_sensitivity,5,2,True,1.002333,valid chain of delegation,5,4234
05,chain_depth_sensitivity,5,3,True,0.96675,valid chain of delegation,5,4234
05,chain_depth_sensitivity,5,4,True,1.00725,valid chain of delegation,5,4234
05,chain_depth_sensitivity,5,5,True,0.998958,valid chain of delegation,5,4234
05,chain_depth_sensitivity,5,6,True,1.019625,valid chain of delegation,5,4234
05,chain_depth_sensitivity,5,7,True,0.959333,valid chain of delegation,5,4234
05,chain_depth_sensitivity,5,8,True,0.974291,valid chain of delegation,5,4234
05,chain_depth_sensitivity,5,9,True,1.008291,valid chain of delegation,5,4234
05,chain_depth_sensitivity,5,10,True,0.983459,valid chain of delegation,5,4234
05,chain_depth_sensitivity,5,11,True,0.996084,valid chain of delegation,5,4234
05,chain_depth_sensitivity,5,12,True,1.00175,valid chain of delegation,5,4234
05,chain_depth_sensitivity,5,13,True,0.933083,valid chain of delegation,5,4234
05,chain_depth_sensitivity,5,14,True,0.994459,valid chain of delegation,5,4234
05,chain_depth_sensitivity,5,15,True,0.9375,valid chain of delegation,5,4234
05,chain_depth_sensitivity,5,16,True,0.981083,valid chain of delegation,5,4234
05,chain_depth_sensitivity,5,17,True,0.977666,valid chain of delegation,5,4234
05,chain_depth_sensitivity,5,18,True,0.95425,valid chain of delegation,5,4234
05,chain_depth_sensitivity,5,19,True,0.966375,valid chain of delegation,5,4234
05,chain_depth_sensitivity,5,20,True,0.956959,valid chain of delegation,5,4234
05,chain_depth_sensitivity,5,21,True,0.945709,valid chain of delegation,5,4234
05,chain_depth_sensitivity,5,22,True,0.931625,valid chain of delegation,5,4234
05,chain_depth_sensitivity,5,23,True,0.947041,valid chain of delegation,5,4234
05,chain_depth_sensitivity,5,24,True,0.950125,valid chain of delegation,5,4234
05,chain_depth_sensitivity,5,25,True,0.970958,valid chain of delegation,5,4234
05,chain_depth_sensitivity,5,26,True,0.956625,valid chain of delegation,5,4234
05,chain_depth_sensitivity,5,27,True,0.97,valid chain of delegation,5,4234
05,chain_depth_sensitivity,5,28,True,0.970333,valid chain of delegation,5,4234
05,chain_depth_sensitivity,5,29,True,1.037958,valid chain of delegation,5,4234
05,chain_depth_sensitivity,5,30,True,0.943666,valid chain of delegation,5,4234
05,chain_depth_sensitivity,5,31,True,0.961375,valid chain of delegation,5,4234
05,chain_depth_sensitivity,5,32,True,0.957167,valid chain of delegation,5,4234
05,chain_depth_sensitivity,5,33,True,0.975833,valid chain of delegation,5,4234
05,chain_depth_sensitivity,5,34,True,0.96,valid chain of delegation,5,4234
05,chain_depth_sensitivity,5,35,True,0.973083,valid chain of delegation,5,4234
05,chain_depth_sensitivity,5,36,True,0.982041,valid chain of delegation,5,4234
05,chain_depth_sensitivity,5,37,True,0.917875,valid chain of delegation,5,4234
05,chain_depth_sensitivity,5,38,True,0.983875,valid chain of delegation,5,4234
05,chain_depth_sensitivity,5,39,True,1.024333,valid chain of delegation,5,4234
05,chain_depth_sensitivity,5,40,True,1.056042,valid chain of delegation,5,4234
05,chain_depth_sensitivity,5,41,True,1.002959,valid chain of delegation,5,4234
05,chain_depth_sensitivity,5,42,True,0.991333,valid chain of delegation,5,4234
05,chain_depth_sensitivity,5,43,True,1.001458,valid chain of delegation,5,4234
05,chain_depth_sensitivity,5,44,True,0.966584,valid chain of delegation,5,4234
05,chain_depth_sensitivity,5,45,True,1.008291,valid chain of delegation,5,4234
05,chain_depth_sensitivity,5,46,True,0.937917,valid chain of delegation,5,4234
05,chain_depth_sensitivity,5,47,True,0.988416,valid chain of delegation,5,4234
05,chain_depth_sensitivity,5,48,True,0.942291,valid chain of delegation,5,4234
05,chain_depth_sensitivity,5,49,True,0.96225,valid chain of delegation,5,4234
05,chain_depth_sensitivity,5,50,True,0.951834,valid chain of delegation,5,4234
05,chain_depth_sensitivity,5,51,True,0.973958,valid chain of delegation,5,4234
05,chain_depth_sensitivity,5,52,True,0.973792,valid chain of delegation,5,4234
05,chain_depth_sensitivity,5,53,True,0.977917,valid chain of delegation,5,4234
05,chain_depth_sensitivity,5,54,True,0.963292,valid chain of delegation,5,4234
05,chain_depth_sensitivity,5,55,True,0.962334,valid chain of delegation,5,4234
05,chain_depth_sensitivity,5,56,True,0.979292,valid chain of delegation,5,4234
05,chain_depth_sensitivity,5,57,True,0.95425,valid chain of delegation,5,4234
05,chain_depth_sensitivity,5,58,True,0.978125,valid chain of delegation,5,4234
05,chain_depth_sensitivity,5,59,True,0.95375,valid chain of delegation,5,4234
05,chain_depth_sensitivity,5,60,True,0.979458,valid chain of delegation,5,4234
05,chain_depth_sensitivity,5,61,True,0.996667,valid chain of delegation,5,4234
05,chain_depth_sensitivity,5,62,True,1.479917,valid chain of delegation,5,4234
05,chain_depth_sensitivity,5,63,True,1.173459,valid chain of delegation,5,4234
05,chain_depth_sensitivity,5,64,True,1.139333,valid chain of delegation,5,4234
05,chain_depth_sensitivity,5,65,True,1.194209,valid chain of delegation,5,4234
05,chain_depth_sensitivity,5,66,True,1.117875,valid chain of delegation,5,4234
05,chain_depth_sensitivity,5,67,True,1.097083,valid chain of delegation,5,4234
05,chain_depth_sensitivity,5,68,True,1.0315,valid chain of delegation,5,4234
05,chain_depth_sensitivity,5,69,True,1.061542,valid chain of delegation,5,4234
05,chain_depth_sensitivity,5,70,True,1.107083,valid chain of delegation,5,4234
05,chain_depth_sensitivity,5,71,True,1.128458,valid chain of delegation,5,4234
05,chain_depth_sensitivity,5,72,True,1.041583,valid chain of delegation,5,4234
05,chain_depth_sensitivity,5,73,True,0.982167,valid chain of delegation,5,4234
05,chain_depth_sensitivity,5,74,True,1.025959,valid chain of delegation,5,4234
05,chain_depth_sensitivity,5,75,True,1.082,valid chain of delegation,5,4234
05,chain_depth_sensitivity,5,76,True,1.047666,valid chain of delegation,5,4234
05,chain_depth_sensitivity,5,77,True,1.005542,valid chain of delegation,5,4234
05,chain_depth_sensitivity,5,78,True,0.992209,valid chain of delegation,5,4234
05,chain_depth_sensitivity,5,79,True,0.984084,valid chain of delegation,5,4234
05,chain_depth_sensitivity,5,80,True,1.106458,valid chain of delegation,5,4234
05,chain_depth_sensitivity,5,81,True,1.003334,valid chain of delegation,5,4234
05,chain_depth_sensitivity,5,82,True,0.98775,valid chain of delegation,5,4234
05,chain_depth_sensitivity,5,83,True,1.005209,valid chain of delegation,5,4234
05,chain_depth_sensitivity,5,84,True,0.987375,valid chain of delegation,5,4234
05,chain_depth_sensitivity,5,85,True,0.973667,valid chain of delegation,5,4234
05,chain_depth_sensitivity,5,86,True,1.01125,valid chain of delegation,5,4234
05,chain_depth_sensitivity,5,87,True,1.019625,valid chain of delegation,5,4234
05,chain_depth_sensitivity,5,88,True,1.031375,valid chain of delegation,5,4234
05,chain_depth_sensitivity,5,89,True,1.017,valid chain of delegation,5,4234
05,chain_depth_sensitivity,5,90,True,1.018666,valid chain of delegation,5,4234
05,chain_depth_sensitivity,5,91,True,0.994166,valid chain of delegation,5,4234
05,chain_depth_sensitivity,5,92,True,1.00575,valid chain of delegation,5,4234
05,chain_depth_sensitivity,5,93,True,1.006083,valid chain of delegation,5,4234
05,chain_depth_sensitivity,5,94,True,0.96675,valid chain of delegation,5,4234
05,chain_depth_sensitivity,5,95,True,1.005208,valid chain of delegation,5,4234
05,chain_depth_sensitivity,5,96,True,1.007083,valid chain of delegation,5,4234
05,chain_depth_sensitivity,5,97,True,1.007916,valid chain of delegation,5,4234
05,chain_depth_sensitivity,5,98,True,1.015792,valid chain of delegation,5,4234
05,chain_depth_sensitivity,5,99,True,1.004958,valid chain of delegation,5,4234
05,chain_depth_sensitivity,5,100,True,1.043041,valid chain of delegation,5,4234
05,chain_depth_sensitivity,10,1,True,1.401042,valid chain of delegation,10,8538
05,chain_depth_sensitivity,10,2,True,1.36975,valid chain of delegation,10,8538
05,chain_depth_sensitivity,10,3,True,1.360708,valid chain of delegation,10,8538
05,chain_depth_sensitivity,10,4,True,1.370875,valid chain of delegation,10,8538
05,chain_depth_sensitivity,10,5,True,1.327375,valid chain of delegation,10,8538
05,chain_depth_sensitivity,10,6,True,1.344042,valid chain of delegation,10,8538
05,chain_depth_sensitivity,10,7,True,1.296583,valid chain of delegation,10,8538
05,chain_depth_sensitivity,10,8,True,1.311875,valid chain of delegation,10,8538
05,chain_depth_sensitivity,10,9,True,1.348083,valid chain of delegation,10,8538
05,chain_depth_sensitivity,10,10,True,1.324625,valid chain of delegation,10,8538
05,chain_depth_sensitivity,10,11,True,1.28375,valid chain of delegation,10,8538
05,chain_depth_sensitivity,10,12,True,1.329042,valid chain of delegation,10,8538
05,chain_depth_sensitivity,10,13,True,1.320041,valid chain of delegation,10,8538
05,chain_depth_sensitivity,10,14,True,1.313625,valid chain of delegation,10,8538
05,chain_depth_sensitivity,10,15,True,1.336167,valid chain of delegation,10,8538
05,chain_depth_sensitivity,10,16,True,1.298666,valid chain of delegation,10,8538
05,chain_depth_sensitivity,10,17,True,1.287041,valid chain of delegation,10,8538
05,chain_depth_sensitivity,10,18,True,1.291708,valid chain of delegation,10,8538
05,chain_depth_sensitivity,10,19,True,1.332417,valid chain of delegation,10,8538
05,chain_depth_sensitivity,10,20,True,1.303708,valid chain of delegation,10,8538
05,chain_depth_sensitivity,10,21,True,1.350875,valid chain of delegation,10,8538
05,chain_depth_sensitivity,10,22,True,1.334625,valid chain of delegation,10,8538
05,chain_depth_sensitivity,10,23,True,1.287125,valid chain of delegation,10,8538
05,chain_depth_sensitivity,10,24,True,1.316791,valid chain of delegation,10,8538
05,chain_depth_sensitivity,10,25,True,1.342333,valid chain of delegation,10,8538
05,chain_depth_sensitivity,10,26,True,1.302083,valid chain of delegation,10,8538
05,chain_depth_sensitivity,10,27,True,1.59325,valid chain of delegation,10,8538
05,chain_depth_sensitivity,10,28,True,1.4065,valid chain of delegation,10,8538
05,chain_depth_sensitivity,10,29,True,1.306917,valid chain of delegation,10,8538
05,chain_depth_sensitivity,10,30,True,1.350375,valid chain of delegation,10,8538
05,chain_depth_sensitivity,10,31,True,1.311291,valid chain of delegation,10,8538
05,chain_depth_sensitivity,10,32,True,1.283166,valid chain of delegation,10,8538
05,chain_depth_sensitivity,10,33,True,1.30425,valid chain of delegation,10,8538
05,chain_depth_sensitivity,10,34,True,1.34175,valid chain of delegation,10,8538
05,chain_depth_sensitivity,10,35,True,1.336625,valid chain of delegation,10,8538
05,chain_depth_sensitivity,10,36,True,1.325041,valid chain of delegation,10,8538
05,chain_depth_sensitivity,10,37,True,1.312875,valid chain of delegation,10,8538
05,chain_depth_sensitivity,10,38,True,1.295291,valid chain of delegation,10,8538
05,chain_depth_sensitivity,10,39,True,1.323459,valid chain of delegation,10,8538
05,chain_depth_sensitivity,10,40,True,1.32625,valid chain of delegation,10,8538
05,chain_depth_sensitivity,10,41,True,1.313208,valid chain of delegation,10,8538
05,chain_depth_sensitivity,10,42,True,1.3175,valid chain of delegation,10,8538
05,chain_depth_sensitivity,10,43,True,1.327584,valid chain of delegation,10,8538
05,chain_depth_sensitivity,10,44,True,1.319583,valid chain of delegation,10,8538
05,chain_depth_sensitivity,10,45,True,1.291917,valid chain of delegation,10,8538
05,chain_depth_sensitivity,10,46,True,1.313292,valid chain of delegation,10,8538
05,chain_depth_sensitivity,10,47,True,1.306959,valid chain of delegation,10,8538
05,chain_depth_sensitivity,10,48,True,1.3255,valid chain of delegation,10,8538
05,chain_depth_sensitivity,10,49,True,1.334875,valid chain of delegation,10,8538
05,chain_depth_sensitivity,10,50,True,1.298792,valid chain of delegation,10,8538
05,chain_depth_sensitivity,10,51,True,1.289792,valid chain of delegation,10,8538
05,chain_depth_sensitivity,10,52,True,1.317667,valid chain of delegation,10,8538
05,chain_depth_sensitivity,10,53,True,1.289041,valid chain of delegation,10,8538
05,chain_depth_sensitivity,10,54,True,1.284917,valid chain of delegation,10,8538
05,chain_depth_sensitivity,10,55,True,1.345917,valid chain of delegation,10,8538
05,chain_depth_sensitivity,10,56,True,1.281291,valid chain of delegation,10,8538
05,chain_depth_sensitivity,10,57,True,1.308709,valid chain of delegation,10,8538
05,chain_depth_sensitivity,10,58,True,1.301459,valid chain of delegation,10,8538
05,chain_depth_sensitivity,10,59,True,1.286208,valid chain of delegation,10,8538
05,chain_depth_sensitivity,10,60,True,1.33375,valid chain of delegation,10,8538
05,chain_depth_sensitivity,10,61,True,1.296875,valid chain of delegation,10,8538
05,chain_depth_sensitivity,10,62,True,1.321709,valid chain of delegation,10,8538
05,chain_depth_sensitivity,10,63,True,1.312459,valid chain of delegation,10,8538
05,chain_depth_sensitivity,10,64,True,1.33275,valid chain of delegation,10,8538
05,chain_depth_sensitivity,10,65,True,1.288125,valid chain of delegation,10,8538
05,chain_depth_sensitivity,10,66,True,1.3455,valid chain of delegation,10,8538
05,chain_depth_sensitivity,10,67,True,1.32825,valid chain of delegation,10,8538
05,chain_depth_sensitivity,10,68,True,1.328875,valid chain of delegation,10,8538
05,chain_depth_sensitivity,10,69,True,1.315666,valid chain of delegation,10,8538
05,chain_depth_sensitivity,10,70,True,1.295041,valid chain of delegation,10,8538
05,chain_depth_sensitivity,10,71,True,1.286125,valid chain of delegation,10,8538
05,chain_depth_sensitivity,10,72,True,1.258875,valid chain of delegation,10,8538
05,chain_depth_sensitivity,10,73,True,1.298792,valid chain of delegation,10,8538
05,chain_depth_sensitivity,10,74,True,1.353167,valid chain of delegation,10,8538
05,chain_depth_sensitivity,10,75,True,1.279917,valid chain of delegation,10,8538
05,chain_depth_sensitivity,10,76,True,1.337375,valid chain of delegation,10,8538
05,chain_depth_sensitivity,10,77,True,1.306917,valid chain of delegation,10,8538
05,chain_depth_sensitivity,10,78,True,1.306333,valid chain of delegation,10,8538
05,chain_depth_sensitivity,10,79,True,1.313,valid chain of delegation,10,8538
05,chain_depth_sensitivity,10,80,True,1.314584,valid chain of delegation,10,8538
05,chain_depth_sensitivity,10,81,True,1.32,valid chain of delegation,10,8538
05,chain_depth_sensitivity,10,82,True,1.309417,valid chain of delegation,10,8538
05,chain_depth_sensitivity,10,83,True,1.306542,valid chain of delegation,10,8538
05,chain_depth_sensitivity,10,84,True,1.284292,valid chain of delegation,10,8538
05,chain_depth_sensitivity,10,85,True,1.287834,valid chain of delegation,10,8538
05,chain_depth_sensitivity,10,86,True,1.283833,valid chain of delegation,10,8538
05,chain_depth_sensitivity,10,87,True,1.33,valid chain of delegation,10,8538
05,chain_depth_sensitivity,10,88,True,1.310375,valid chain of delegation,10,8538
05,chain_depth_sensitivity,10,89,True,1.290458,valid chain of delegation,10,8538
05,chain_depth_sensitivity,10,90,True,1.262458,valid chain of delegation,10,8538
05,chain_depth_sensitivity,10,91,True,1.272583,valid chain of delegation,10,8538
05,chain_depth_sensitivity,10,92,True,1.3355,valid chain of delegation,10,8538
05,chain_depth_sensitivity,10,93,True,1.28575,valid chain of delegation,10,8538
05,chain_depth_sensitivity,10,94,True,1.299042,valid chain of delegation,10,8538
05,chain_depth_sensitivity,10,95,True,1.320333,valid chain of delegation,10,8538
05,chain_depth_sensitivity,10,96,True,1.307083,valid chain of delegation,10,8538
05,chain_depth_sensitivity,10,97,True,1.324625,valid chain of delegation,10,8538
05,chain_depth_sensitivity,10,98,True,1.283625,valid chain of delegation,10,8538
05,chain_depth_sensitivity,10,99,True,1.311166,valid chain of delegation,10,8538
05,chain_depth_sensitivity,10,100,True,1.279875,valid chain of delegation,10,8538
06,chain_depth_sensitivity,1,1,True,0.823834,valid chain of delegation,1,826
06,chain_depth_sensitivity,1,2,True,0.836291,valid chain of delegation,1,826
06,chain_depth_sensitivity,1,3,True,1.10375,valid chain of delegation,1,826
06,chain_depth_sensitivity,1,4,True,1.079375,valid chain of delegation,1,826
06,chain_depth_sensitivity,1,5,True,0.945958,valid chain of delegation,1,826
06,chain_depth_sensitivity,1,6,True,0.942,valid chain of delegation,1,826
06,chain_depth_sensitivity,1,7,True,0.952209,valid chain of delegation,1,826
06,chain_depth_sensitivity,1,8,True,0.930875,valid chain of delegation,1,826
06,chain_depth_sensitivity,1,9,True,0.940709,valid chain of delegation,1,826
06,chain_depth_sensitivity,1,10,True,0.892541,valid chain of delegation,1,826
06,chain_depth_sensitivity,1,11,True,0.85625,valid chain of delegation,1,826
06,chain_depth_sensitivity,1,12,True,0.953583,valid chain of delegation,1,826
06,chain_depth_sensitivity,1,13,True,0.865125,valid chain of delegation,1,826
06,chain_depth_sensitivity,1,14,True,0.803334,valid chain of delegation,1,826
06,chain_depth_sensitivity,1,15,True,0.835709,valid chain of delegation,1,826
06,chain_depth_sensitivity,1,16,True,0.804458,valid chain of delegation,1,826
06,chain_depth_sensitivity,1,17,True,0.850458,valid chain of delegation,1,826
06,chain_depth_sensitivity,1,18,True,0.874625,valid chain of delegation,1,826
06,chain_depth_sensitivity,1,19,True,0.854208,valid chain of delegation,1,826
06,chain_depth_sensitivity,1,20,True,0.814083,valid chain of delegation,1,826
06,chain_depth_sensitivity,1,21,True,0.813542,valid chain of delegation,1,826
06,chain_depth_sensitivity,1,22,True,0.8235,valid chain of delegation,1,826
06,chain_depth_sensitivity,1,23,True,0.89025,valid chain of delegation,1,826
06,chain_depth_sensitivity,1,24,True,0.787916,valid chain of delegation,1,826
06,chain_depth_sensitivity,1,25,True,0.861833,valid chain of delegation,1,826
06,chain_depth_sensitivity,1,26,True,0.817125,valid chain of delegation,1,826
06,chain_depth_sensitivity,1,27,True,0.842,valid chain of delegation,1,826
06,chain_depth_sensitivity,1,28,True,1.049542,valid chain of delegation,1,826
06,chain_depth_sensitivity,1,29,True,0.847,valid chain of delegation,1,826
06,chain_depth_sensitivity,1,30,True,0.782834,valid chain of delegation,1,826
06,chain_depth_sensitivity,1,31,True,0.769292,valid chain of delegation,1,826
06,chain_depth_sensitivity,1,32,True,0.76625,valid chain of delegation,1,826
06,chain_depth_sensitivity,1,33,True,0.802625,valid chain of delegation,1,826
06,chain_depth_sensitivity,1,34,True,0.785042,valid chain of delegation,1,826
06,chain_depth_sensitivity,1,35,True,0.778208,valid chain of delegation,1,826
06,chain_depth_sensitivity,1,36,True,0.792625,valid chain of delegation,1,826
06,chain_depth_sensitivity,1,37,True,0.739958,valid chain of delegation,1,826
06,chain_depth_sensitivity,1,38,True,0.933459,valid chain of delegation,1,826
06,chain_depth_sensitivity,1,39,True,0.779833,valid chain of delegation,1,826
06,chain_depth_sensitivity,1,40,True,0.77575,valid chain of delegation,1,826
06,chain_depth_sensitivity,1,41,True,0.764375,valid chain of delegation,1,826
06,chain_depth_sensitivity,1,42,True,0.777834,valid chain of delegation,1,826
06,chain_depth_sensitivity,1,43,True,0.781875,valid chain of delegation,1,826
06,chain_depth_sensitivity,1,44,True,0.765917,valid chain of delegation,1,826
06,chain_depth_sensitivity,1,45,True,0.759167,valid chain of delegation,1,826
06,chain_depth_sensitivity,1,46,True,0.74625,valid chain of delegation,1,826
06,chain_depth_sensitivity,1,47,True,0.758916,valid chain of delegation,1,826
06,chain_depth_sensitivity,1,48,True,0.763709,valid chain of delegation,1,826
06,chain_depth_sensitivity,1,49,True,0.754125,valid chain of delegation,1,826
06,chain_depth_sensitivity,1,50,True,0.798417,valid chain of delegation,1,826
06,chain_depth_sensitivity,1,51,True,0.768875,valid chain of delegation,1,826
06,chain_depth_sensitivity,1,52,True,0.800875,valid chain of delegation,1,826
06,chain_depth_sensitivity,1,53,True,0.741,valid chain of delegation,1,826
06,chain_depth_sensitivity,1,54,True,0.758291,valid chain of delegation,1,826
06,chain_depth_sensitivity,1,55,True,0.709,valid chain of delegation,1,826
06,chain_depth_sensitivity,1,56,True,0.694875,valid chain of delegation,1,826
06,chain_depth_sensitivity,1,57,True,0.725041,valid chain of delegation,1,826
06,chain_depth_sensitivity,1,58,True,0.7255,valid chain of delegation,1,826
06,chain_depth_sensitivity,1,59,True,0.726208,valid chain of delegation,1,826
06,chain_depth_sensitivity,1,60,True,0.735125,valid chain of delegation,1,826
06,chain_depth_sensitivity,1,61,True,0.715291,valid chain of delegation,1,826
06,chain_depth_sensitivity,1,62,True,0.758125,valid chain of delegation,1,826
06,chain_depth_sensitivity,1,63,True,0.712042,valid chain of delegation,1,826
06,chain_depth_sensitivity,1,64,True,0.716625,valid chain of delegation,1,826
06,chain_depth_sensitivity,1,65,True,0.710125,valid chain of delegation,1,826
06,chain_depth_sensitivity,1,66,True,0.707083,valid chain of delegation,1,826
06,chain_depth_sensitivity,1,67,True,0.758625,valid chain of delegation,1,826
06,chain_depth_sensitivity,1,68,True,0.72075,valid chain of delegation,1,826
06,chain_depth_sensitivity,1,69,True,0.751791,valid chain of delegation,1,826
06,chain_depth_sensitivity,1,70,True,0.725167,valid chain of delegation,1,826
06,chain_depth_sensitivity,1,71,True,0.752542,valid chain of delegation,1,826
06,chain_depth_sensitivity,1,72,True,0.718541,valid chain of delegation,1,826
06,chain_depth_sensitivity,1,73,True,0.714,valid chain of delegation,1,826
06,chain_depth_sensitivity,1,74,True,0.725458,valid chain of delegation,1,826
06,chain_depth_sensitivity,1,75,True,0.723791,valid chain of delegation,1,826
06,chain_depth_sensitivity,1,76,True,0.710833,valid chain of delegation,1,826
06,chain_depth_sensitivity,1,77,True,0.722917,valid chain of delegation,1,826
06,chain_depth_sensitivity,1,78,True,0.739292,valid chain of delegation,1,826
06,chain_depth_sensitivity,1,79,True,0.692875,valid chain of delegation,1,826
06,chain_depth_sensitivity,1,80,True,0.750291,valid chain of delegation,1,826
06,chain_depth_sensitivity,1,81,True,0.929125,valid chain of delegation,1,826
06,chain_depth_sensitivity,1,82,True,0.720875,valid chain of delegation,1,826
06,chain_depth_sensitivity,1,83,True,0.687458,valid chain of delegation,1,826
06,chain_depth_sensitivity,1,84,True,0.714292,valid chain of delegation,1,826
06,chain_depth_sensitivity,1,85,True,0.745542,valid chain of delegation,1,826
06,chain_depth_sensitivity,1,86,True,0.748125,valid chain of delegation,1,826
06,chain_depth_sensitivity,1,87,True,0.723834,valid chain of delegation,1,826
06,chain_depth_sensitivity,1,88,True,0.795542,valid chain of delegation,1,826
06,chain_depth_sensitivity,1,89,True,0.720167,valid chain of delegation,1,826
06,chain_depth_sensitivity,1,90,True,0.733958,valid chain of delegation,1,826
06,chain_depth_sensitivity,1,91,True,0.699708,valid chain of delegation,1,826
06,chain_depth_sensitivity,1,92,True,0.657542,valid chain of delegation,1,826
06,chain_depth_sensitivity,1,93,True,0.696209,valid chain of delegation,1,826
06,chain_depth_sensitivity,1,94,True,0.630917,valid chain of delegation,1,826
06,chain_depth_sensitivity,1,95,True,0.634584,valid chain of delegation,1,826
06,chain_depth_sensitivity,1,96,True,0.688125,valid chain of delegation,1,826
06,chain_depth_sensitivity,1,97,True,0.645125,valid chain of delegation,1,826
06,chain_depth_sensitivity,1,98,True,0.615959,valid chain of delegation,1,826
06,chain_depth_sensitivity,1,99,True,0.617625,valid chain of delegation,1,826
06,chain_depth_sensitivity,1,100,True,0.654083,valid chain of delegation,1,826
06,chain_depth_sensitivity,2,1,True,0.801875,valid chain of delegation,2,1678
06,chain_depth_sensitivity,2,2,True,0.792417,valid chain of delegation,2,1678
06,chain_depth_sensitivity,2,3,True,0.784,valid chain of delegation,2,1678
06,chain_depth_sensitivity,2,4,True,0.83125,valid chain of delegation,2,1678
06,chain_depth_sensitivity,2,5,True,0.817625,valid chain of delegation,2,1678
06,chain_depth_sensitivity,2,6,True,0.783583,valid chain of delegation,2,1678
06,chain_depth_sensitivity,2,7,True,0.796584,valid chain of delegation,2,1678
06,chain_depth_sensitivity,2,8,True,0.807208,valid chain of delegation,2,1678
06,chain_depth_sensitivity,2,9,True,0.764625,valid chain of delegation,2,1678
06,chain_depth_sensitivity,2,10,True,0.81475,valid chain of delegation,2,1678
06,chain_depth_sensitivity,2,11,True,0.808416,valid chain of delegation,2,1678
06,chain_depth_sensitivity,2,12,True,0.847375,valid chain of delegation,2,1678
06,chain_depth_sensitivity,2,13,True,0.824458,valid chain of delegation,2,1678
06,chain_depth_sensitivity,2,14,True,0.837833,valid chain of delegation,2,1678
06,chain_depth_sensitivity,2,15,True,0.799875,valid chain of delegation,2,1678
06,chain_depth_sensitivity,2,16,True,0.778625,valid chain of delegation,2,1678
06,chain_depth_sensitivity,2,17,True,0.781792,valid chain of delegation,2,1678
06,chain_depth_sensitivity,2,18,True,0.819125,valid chain of delegation,2,1678
06,chain_depth_sensitivity,2,19,True,0.779792,valid chain of delegation,2,1678
06,chain_depth_sensitivity,2,20,True,0.791,valid chain of delegation,2,1678
06,chain_depth_sensitivity,2,21,True,0.784542,valid chain of delegation,2,1678
06,chain_depth_sensitivity,2,22,True,0.7835,valid chain of delegation,2,1678
06,chain_depth_sensitivity,2,23,True,0.76375,valid chain of delegation,2,1678
06,chain_depth_sensitivity,2,24,True,0.809042,valid chain of delegation,2,1678
06,chain_depth_sensitivity,2,25,True,0.817541,valid chain of delegation,2,1678
06,chain_depth_sensitivity,2,26,True,0.773125,valid chain of delegation,2,1678
06,chain_depth_sensitivity,2,27,True,0.742583,valid chain of delegation,2,1678
06,chain_depth_sensitivity,2,28,True,0.7865,valid chain of delegation,2,1678
06,chain_depth_sensitivity,2,29,True,0.772083,valid chain of delegation,2,1678
06,chain_depth_sensitivity,2,30,True,0.752708,valid chain of delegation,2,1678
06,chain_depth_sensitivity,2,31,True,0.802208,valid chain of delegation,2,1678
06,chain_depth_sensitivity,2,32,True,0.794,valid chain of delegation,2,1678
06,chain_depth_sensitivity,2,33,True,0.817458,valid chain of delegation,2,1678
06,chain_depth_sensitivity,2,34,True,0.794166,valid chain of delegation,2,1678
06,chain_depth_sensitivity,2,35,True,0.801292,valid chain of delegation,2,1678
06,chain_depth_sensitivity,2,36,True,0.779375,valid chain of delegation,2,1678
06,chain_depth_sensitivity,2,37,True,0.768125,valid chain of delegation,2,1678
06,chain_depth_sensitivity,2,38,True,0.805208,valid chain of delegation,2,1678
06,chain_depth_sensitivity,2,39,True,0.776917,valid chain of delegation,2,1678
06,chain_depth_sensitivity,2,40,True,0.755917,valid chain of delegation,2,1678
06,chain_depth_sensitivity,2,41,True,0.774417,valid chain of delegation,2,1678
06,chain_depth_sensitivity,2,42,True,0.779333,valid chain of delegation,2,1678
06,chain_depth_sensitivity,2,43,True,0.789666,valid chain of delegation,2,1678
06,chain_depth_sensitivity,2,44,True,0.764416,valid chain of delegation,2,1678
06,chain_depth_sensitivity,2,45,True,0.819042,valid chain of delegation,2,1678
06,chain_depth_sensitivity,2,46,True,0.783417,valid chain of delegation,2,1678
06,chain_depth_sensitivity,2,47,True,0.774541,valid chain of delegation,2,1678
06,chain_depth_sensitivity,2,48,True,0.748875,valid chain of delegation,2,1678
06,chain_depth_sensitivity,2,49,True,0.76875,valid chain of delegation,2,1678
06,chain_depth_sensitivity,2,50,True,0.760583,valid chain of delegation,2,1678
06,chain_depth_sensitivity,2,51,True,0.749333,valid chain of delegation,2,1678
06,chain_depth_sensitivity,2,52,True,0.740792,valid chain of delegation,2,1678
06,chain_depth_sensitivity,2,53,True,0.775667,valid chain of delegation,2,1678
06,chain_depth_sensitivity,2,54,True,0.797375,valid chain of delegation,2,1678
06,chain_depth_sensitivity,2,55,True,0.791667,valid chain of delegation,2,1678
06,chain_depth_sensitivity,2,56,True,0.801208,valid chain of delegation,2,1678
06,chain_depth_sensitivity,2,57,True,0.774083,valid chain of delegation,2,1678
06,chain_depth_sensitivity,2,58,True,0.831125,valid chain of delegation,2,1678
06,chain_depth_sensitivity,2,59,True,0.809417,valid chain of delegation,2,1678
06,chain_depth_sensitivity,2,60,True,0.772125,valid chain of delegation,2,1678
06,chain_depth_sensitivity,2,61,True,0.778125,valid chain of delegation,2,1678
06,chain_depth_sensitivity,2,62,True,0.762125,valid chain of delegation,2,1678
06,chain_depth_sensitivity,2,63,True,0.786416,valid chain of delegation,2,1678
06,chain_depth_sensitivity,2,64,True,0.786459,valid chain of delegation,2,1678
06,chain_depth_sensitivity,2,65,True,0.797375,valid chain of delegation,2,1678
06,chain_depth_sensitivity,2,66,True,0.773709,valid chain of delegation,2,1678
06,chain_depth_sensitivity,2,67,True,0.762,valid chain of delegation,2,1678
06,chain_depth_sensitivity,2,68,True,0.774417,valid chain of delegation,2,1678
06,chain_depth_sensitivity,2,69,True,0.7705,valid chain of delegation,2,1678
06,chain_depth_sensitivity,2,70,True,0.79925,valid chain of delegation,2,1678
06,chain_depth_sensitivity,2,71,True,0.796042,valid chain of delegation,2,1678
06,chain_depth_sensitivity,2,72,True,0.751792,valid chain of delegation,2,1678
06,chain_depth_sensitivity,2,73,True,0.798708,valid chain of delegation,2,1678
06,chain_depth_sensitivity,2,74,True,0.794292,valid chain of delegation,2,1678
06,chain_depth_sensitivity,2,75,True,0.783417,valid chain of delegation,2,1678
06,chain_depth_sensitivity,2,76,True,0.745417,valid chain of delegation,2,1678
06,chain_depth_sensitivity,2,77,True,0.743792,valid chain of delegation,2,1678
06,chain_depth_sensitivity,2,78,True,0.791834,valid chain of delegation,2,1678
06,chain_depth_sensitivity,2,79,True,0.749917,valid chain of delegation,2,1678
06,chain_depth_sensitivity,2,80,True,0.805167,valid chain of delegation,2,1678
06,chain_depth_sensitivity,2,81,True,0.780375,valid chain of delegation,2,1678
06,chain_depth_sensitivity,2,82,True,0.763375,valid chain of delegation,2,1678
06,chain_depth_sensitivity,2,83,True,0.812292,valid chain of delegation,2,1678
06,chain_depth_sensitivity,2,84,True,0.809959,valid chain of delegation,2,1678
06,chain_depth_sensitivity,2,85,True,0.728625,valid chain of delegation,2,1678
06,chain_depth_sensitivity,2,86,True,0.805334,valid chain of delegation,2,1678
06,chain_depth_sensitivity,2,87,True,0.784875,valid chain of delegation,2,1678
06,chain_depth_sensitivity,2,88,True,0.735042,valid chain of delegation,2,1678
06,chain_depth_sensitivity,2,89,True,0.743667,valid chain of delegation,2,1678
06,chain_depth_sensitivity,2,90,True,0.786375,valid chain of delegation,2,1678
06,chain_depth_sensitivity,2,91,True,0.760333,valid chain of delegation,2,1678
06,chain_depth_sensitivity,2,92,True,0.782709,valid chain of delegation,2,1678
06,chain_depth_sensitivity,2,93,True,0.783125,valid chain of delegation,2,1678
06,chain_depth_sensitivity,2,94,True,0.785125,valid chain of delegation,2,1678
06,chain_depth_sensitivity,2,95,True,0.798125,valid chain of delegation,2,1678
06,chain_depth_sensitivity,2,96,True,0.808792,valid chain of delegation,2,1678
06,chain_depth_sensitivity,2,97,True,0.807791,valid chain of delegation,2,1678
06,chain_depth_sensitivity,2,98,True,0.76675,valid chain of delegation,2,1678
06,chain_depth_sensitivity,2,99,True,0.784542,valid chain of delegation,2,1678
06,chain_depth_sensitivity,2,100,True,0.7755,valid chain of delegation,2,1678
06,chain_depth_sensitivity,3,1,True,0.860916,valid chain of delegation,3,2530
06,chain_depth_sensitivity,3,2,True,0.812375,valid chain of delegation,3,2530
06,chain_depth_sensitivity,3,3,True,0.883833,valid chain of delegation,3,2530
06,chain_depth_sensitivity,3,4,True,0.868208,valid chain of delegation,3,2530
06,chain_depth_sensitivity,3,5,True,0.879459,valid chain of delegation,3,2530
06,chain_depth_sensitivity,3,6,True,0.853875,valid chain of delegation,3,2530
06,chain_depth_sensitivity,3,7,True,0.875166,valid chain of delegation,3,2530
06,chain_depth_sensitivity,3,8,True,0.853333,valid chain of delegation,3,2530
06,chain_depth_sensitivity,3,9,True,0.852875,valid chain of delegation,3,2530
06,chain_depth_sensitivity,3,10,True,0.8325,valid chain of delegation,3,2530
06,chain_depth_sensitivity,3,11,True,0.86575,valid chain of delegation,3,2530
06,chain_depth_sensitivity,3,12,True,0.87475,valid chain of delegation,3,2530
06,chain_depth_sensitivity,3,13,True,0.827167,valid chain of delegation,3,2530
06,chain_depth_sensitivity,3,14,True,0.820333,valid chain of delegation,3,2530
06,chain_depth_sensitivity,3,15,True,0.837292,valid chain of delegation,3,2530
06,chain_depth_sensitivity,3,16,True,0.811833,valid chain of delegation,3,2530
06,chain_depth_sensitivity,3,17,True,0.842375,valid chain of delegation,3,2530
06,chain_depth_sensitivity,3,18,True,0.847625,valid chain of delegation,3,2530
06,chain_depth_sensitivity,3,19,True,0.858542,valid chain of delegation,3,2530
06,chain_depth_sensitivity,3,20,True,0.891959,valid chain of delegation,3,2530
06,chain_depth_sensitivity,3,21,True,0.865916,valid chain of delegation,3,2530
06,chain_depth_sensitivity,3,22,True,0.855083,valid chain of delegation,3,2530
06,chain_depth_sensitivity,3,23,True,0.877708,valid chain of delegation,3,2530
06,chain_depth_sensitivity,3,24,True,0.819333,valid chain of delegation,3,2530
06,chain_depth_sensitivity,3,25,True,0.861917,valid chain of delegation,3,2530
06,chain_depth_sensitivity,3,26,True,1.057541,valid chain of delegation,3,2530
06,chain_depth_sensitivity,3,27,True,0.8475,valid chain of delegation,3,2530
06,chain_depth_sensitivity,3,28,True,0.890084,valid chain of delegation,3,2530
06,chain_depth_sensitivity,3,29,True,0.83875,valid chain of delegation,3,2530
06,chain_depth_sensitivity,3,30,True,0.806208,valid chain of delegation,3,2530
06,chain_depth_sensitivity,3,31,True,0.81725,valid chain of delegation,3,2530
06,chain_depth_sensitivity,3,32,True,0.825333,valid chain of delegation,3,2530
06,chain_depth_sensitivity,3,33,True,0.822208,valid chain of delegation,3,2530
06,chain_depth_sensitivity,3,34,True,0.853709,valid chain of delegation,3,2530
06,chain_depth_sensitivity,3,35,True,0.844167,valid chain of delegation,3,2530
06,chain_depth_sensitivity,3,36,True,0.809833,valid chain of delegation,3,2530
06,chain_depth_sensitivity,3,37,True,0.808792,valid chain of delegation,3,2530
06,chain_depth_sensitivity,3,38,True,0.82775,valid chain of delegation,3,2530
06,chain_depth_sensitivity,3,39,True,0.830542,valid chain of delegation,3,2530
06,chain_depth_sensitivity,3,40,True,0.855709,valid chain of delegation,3,2530
06,chain_depth_sensitivity,3,41,True,0.847041,valid chain of delegation,3,2530
06,chain_depth_sensitivity,3,42,True,0.857583,valid chain of delegation,3,2530
06,chain_depth_sensitivity,3,43,True,0.8345,valid chain of delegation,3,2530
06,chain_depth_sensitivity,3,44,True,0.824875,valid chain of delegation,3,2530
06,chain_depth_sensitivity,3,45,True,0.819625,valid chain of delegation,3,2530
06,chain_depth_sensitivity,3,46,True,0.838625,valid chain of delegation,3,2530
06,chain_depth_sensitivity,3,47,True,0.876375,valid chain of delegation,3,2530
06,chain_depth_sensitivity,3,48,True,0.855375,valid chain of delegation,3,2530
06,chain_depth_sensitivity,3,49,True,0.856542,valid chain of delegation,3,2530
06,chain_depth_sensitivity,3,50,True,0.861417,valid chain of delegation,3,2530
06,chain_depth_sensitivity,3,51,True,0.873208,valid chain of delegation,3,2530
06,chain_depth_sensitivity,3,52,True,0.837667,valid chain of delegation,3,2530
06,chain_depth_sensitivity,3,53,True,0.870583,valid chain of delegation,3,2530
06,chain_depth_sensitivity,3,54,True,0.876375,valid chain of delegation,3,2530
06,chain_depth_sensitivity,3,55,True,0.869292,valid chain of delegation,3,2530
06,chain_depth_sensitivity,3,56,True,0.862417,valid chain of delegation,3,2530
06,chain_depth_sensitivity,3,57,True,0.852042,valid chain of delegation,3,2530
06,chain_depth_sensitivity,3,58,True,0.820291,valid chain of delegation,3,2530
06,chain_depth_sensitivity,3,59,True,0.834084,valid chain of delegation,3,2530
06,chain_depth_sensitivity,3,60,True,0.81775,valid chain of delegation,3,2530
06,chain_depth_sensitivity,3,61,True,0.823333,valid chain of delegation,3,2530
06,chain_depth_sensitivity,3,62,True,0.845875,valid chain of delegation,3,2530
06,chain_depth_sensitivity,3,63,True,0.847834,valid chain of delegation,3,2530
06,chain_depth_sensitivity,3,64,True,0.868458,valid chain of delegation,3,2530
06,chain_depth_sensitivity,3,65,True,0.809208,valid chain of delegation,3,2530
06,chain_depth_sensitivity,3,66,True,0.816875,valid chain of delegation,3,2530
06,chain_depth_sensitivity,3,67,True,0.837,valid chain of delegation,3,2530
06,chain_depth_sensitivity,3,68,True,0.857666,valid chain of delegation,3,2530
06,chain_depth_sensitivity,3,69,True,0.8555,valid chain of delegation,3,2530
06,chain_depth_sensitivity,3,70,True,0.860209,valid chain of delegation,3,2530
06,chain_depth_sensitivity,3,71,True,1.040417,valid chain of delegation,3,2530
06,chain_depth_sensitivity,3,72,True,1.275875,valid chain of delegation,3,2530
06,chain_depth_sensitivity,3,73,True,0.92425,valid chain of delegation,3,2530
06,chain_depth_sensitivity,3,74,True,0.893583,valid chain of delegation,3,2530
06,chain_depth_sensitivity,3,75,True,0.862375,valid chain of delegation,3,2530
06,chain_depth_sensitivity,3,76,True,0.881,valid chain of delegation,3,2530
06,chain_depth_sensitivity,3,77,True,0.895292,valid chain of delegation,3,2530
06,chain_depth_sensitivity,3,78,True,0.877584,valid chain of delegation,3,2530
06,chain_depth_sensitivity,3,79,True,0.839792,valid chain of delegation,3,2530
06,chain_depth_sensitivity,3,80,True,0.984041,valid chain of delegation,3,2530
06,chain_depth_sensitivity,3,81,True,0.855208,valid chain of delegation,3,2530
06,chain_depth_sensitivity,3,82,True,0.874833,valid chain of delegation,3,2530
06,chain_depth_sensitivity,3,83,True,0.826375,valid chain of delegation,3,2530
06,chain_depth_sensitivity,3,84,True,0.793875,valid chain of delegation,3,2530
06,chain_depth_sensitivity,3,85,True,0.813833,valid chain of delegation,3,2530
06,chain_depth_sensitivity,3,86,True,0.844833,valid chain of delegation,3,2530
06,chain_depth_sensitivity,3,87,True,0.872041,valid chain of delegation,3,2530
06,chain_depth_sensitivity,3,88,True,0.884334,valid chain of delegation,3,2530
06,chain_depth_sensitivity,3,89,True,0.902541,valid chain of delegation,3,2530
06,chain_depth_sensitivity,3,90,True,0.901416,valid chain of delegation,3,2530
06,chain_depth_sensitivity,3,91,True,0.893458,valid chain of delegation,3,2530
06,chain_depth_sensitivity,3,92,True,0.8305,valid chain of delegation,3,2530
06,chain_depth_sensitivity,3,93,True,0.8465,valid chain of delegation,3,2530
06,chain_depth_sensitivity,3,94,True,0.841084,valid chain of delegation,3,2530
06,chain_depth_sensitivity,3,95,True,0.842334,valid chain of delegation,3,2530
06,chain_depth_sensitivity,3,96,True,0.826625,valid chain of delegation,3,2530
06,chain_depth_sensitivity,3,97,True,0.838542,valid chain of delegation,3,2530
06,chain_depth_sensitivity,3,98,True,0.859625,valid chain of delegation,3,2530
06,chain_depth_sensitivity,3,99,True,0.854667,valid chain of delegation,3,2530
06,chain_depth_sensitivity,3,100,True,0.871708,valid chain of delegation,3,2530
06,chain_depth_sensitivity,5,1,True,0.976958,valid chain of delegation,5,4234
06,chain_depth_sensitivity,5,2,True,0.995292,valid chain of delegation,5,4234
06,chain_depth_sensitivity,5,3,True,1.016792,valid chain of delegation,5,4234
06,chain_depth_sensitivity,5,4,True,1.022042,valid chain of delegation,5,4234
06,chain_depth_sensitivity,5,5,True,0.925084,valid chain of delegation,5,4234
06,chain_depth_sensitivity,5,6,True,0.976958,valid chain of delegation,5,4234
06,chain_depth_sensitivity,5,7,True,1.001375,valid chain of delegation,5,4234
06,chain_depth_sensitivity,5,8,True,0.965042,valid chain of delegation,5,4234
06,chain_depth_sensitivity,5,9,True,0.983208,valid chain of delegation,5,4234
06,chain_depth_sensitivity,5,10,True,0.960792,valid chain of delegation,5,4234
06,chain_depth_sensitivity,5,11,True,0.972291,valid chain of delegation,5,4234
06,chain_depth_sensitivity,5,12,True,0.999291,valid chain of delegation,5,4234
06,chain_depth_sensitivity,5,13,True,1.007917,valid chain of delegation,5,4234
06,chain_depth_sensitivity,5,14,True,1.013208,valid chain of delegation,5,4234
06,chain_depth_sensitivity,5,15,True,1.017417,valid chain of delegation,5,4234
06,chain_depth_sensitivity,5,16,True,1.036166,valid chain of delegation,5,4234
06,chain_depth_sensitivity,5,17,True,1.002708,valid chain of delegation,5,4234
06,chain_depth_sensitivity,5,18,True,0.981333,valid chain of delegation,5,4234
06,chain_depth_sensitivity,5,19,True,0.976625,valid chain of delegation,5,4234
06,chain_depth_sensitivity,5,20,True,0.996167,valid chain of delegation,5,4234
06,chain_depth_sensitivity,5,21,True,1.018417,valid chain of delegation,5,4234
06,chain_depth_sensitivity,5,22,True,0.9745,valid chain of delegation,5,4234
06,chain_depth_sensitivity,5,23,True,0.96425,valid chain of delegation,5,4234
06,chain_depth_sensitivity,5,24,True,0.954584,valid chain of delegation,5,4234
06,chain_depth_sensitivity,5,25,True,0.96525,valid chain of delegation,5,4234
06,chain_depth_sensitivity,5,26,True,0.972208,valid chain of delegation,5,4234
06,chain_depth_sensitivity,5,27,True,0.940875,valid chain of delegation,5,4234
06,chain_depth_sensitivity,5,28,True,0.916167,valid chain of delegation,5,4234
06,chain_depth_sensitivity,5,29,True,0.965583,valid chain of delegation,5,4234
06,chain_depth_sensitivity,5,30,True,0.914667,valid chain of delegation,5,4234
06,chain_depth_sensitivity,5,31,True,0.9505,valid chain of delegation,5,4234
06,chain_depth_sensitivity,5,32,True,0.959666,valid chain of delegation,5,4234
06,chain_depth_sensitivity,5,33,True,0.981584,valid chain of delegation,5,4234
06,chain_depth_sensitivity,5,34,True,0.962583,valid chain of delegation,5,4234
06,chain_depth_sensitivity,5,35,True,0.975292,valid chain of delegation,5,4234
06,chain_depth_sensitivity,5,36,True,0.9455,valid chain of delegation,5,4234
06,chain_depth_sensitivity,5,37,True,0.989083,valid chain of delegation,5,4234
06,chain_depth_sensitivity,5,38,True,0.94425,valid chain of delegation,5,4234
06,chain_depth_sensitivity,5,39,True,0.935042,valid chain of delegation,5,4234
06,chain_depth_sensitivity,5,40,True,0.974417,valid chain of delegation,5,4234
06,chain_depth_sensitivity,5,41,True,0.977459,valid chain of delegation,5,4234
06,chain_depth_sensitivity,5,42,True,0.976667,valid chain of delegation,5,4234
06,chain_depth_sensitivity,5,43,True,0.982666,valid chain of delegation,5,4234
06,chain_depth_sensitivity,5,44,True,0.984208,valid chain of delegation,5,4234
06,chain_depth_sensitivity,5,45,True,0.958125,valid chain of delegation,5,4234
06,chain_depth_sensitivity,5,46,True,0.951291,valid chain of delegation,5,4234
06,chain_depth_sensitivity,5,47,True,0.99975,valid chain of delegation,5,4234
06,chain_depth_sensitivity,5,48,True,0.951792,valid chain of delegation,5,4234
06,chain_depth_sensitivity,5,49,True,0.964167,valid chain of delegation,5,4234
06,chain_depth_sensitivity,5,50,True,0.960625,valid chain of delegation,5,4234
06,chain_depth_sensitivity,5,51,True,0.96025,valid chain of delegation,5,4234
06,chain_depth_sensitivity,5,52,True,0.944917,valid chain of delegation,5,4234
06,chain_depth_sensitivity,5,53,True,0.996625,valid chain of delegation,5,4234
06,chain_depth_sensitivity,5,54,True,0.954042,valid chain of delegation,5,4234
06,chain_depth_sensitivity,5,55,True,0.966333,valid chain of delegation,5,4234
06,chain_depth_sensitivity,5,56,True,0.966958,valid chain of delegation,5,4234
06,chain_depth_sensitivity,5,57,True,0.986917,valid chain of delegation,5,4234
06,chain_depth_sensitivity,5,58,True,0.937208,valid chain of delegation,5,4234
06,chain_depth_sensitivity,5,59,True,1.008,valid chain of delegation,5,4234
06,chain_depth_sensitivity,5,60,True,0.952542,valid chain of delegation,5,4234
06,chain_depth_sensitivity,5,61,True,0.94475,valid chain of delegation,5,4234
06,chain_depth_sensitivity,5,62,True,0.984083,valid chain of delegation,5,4234
06,chain_depth_sensitivity,5,63,True,0.9835,valid chain of delegation,5,4234
06,chain_depth_sensitivity,5,64,True,1.096792,valid chain of delegation,5,4234
06,chain_depth_sensitivity,5,65,True,1.02675,valid chain of delegation,5,4234
06,chain_depth_sensitivity,5,66,True,0.995959,valid chain of delegation,5,4234
06,chain_depth_sensitivity,5,67,True,1.047625,valid chain of delegation,5,4234
06,chain_depth_sensitivity,5,68,True,1.08725,valid chain of delegation,5,4234
06,chain_depth_sensitivity,5,69,True,1.061125,valid chain of delegation,5,4234
06,chain_depth_sensitivity,5,70,True,1.065583,valid chain of delegation,5,4234
06,chain_depth_sensitivity,5,71,True,1.055584,valid chain of delegation,5,4234
06,chain_depth_sensitivity,5,72,True,1.052292,valid chain of delegation,5,4234
06,chain_depth_sensitivity,5,73,True,1.080875,valid chain of delegation,5,4234
06,chain_depth_sensitivity,5,74,True,1.080791,valid chain of delegation,5,4234
06,chain_depth_sensitivity,5,75,True,1.050875,valid chain of delegation,5,4234
06,chain_depth_sensitivity,5,76,True,1.072459,valid chain of delegation,5,4234
06,chain_depth_sensitivity,5,77,True,1.090417,valid chain of delegation,5,4234
06,chain_depth_sensitivity,5,78,True,1.015,valid chain of delegation,5,4234
06,chain_depth_sensitivity,5,79,True,0.964875,valid chain of delegation,5,4234
06,chain_depth_sensitivity,5,80,True,1.002375,valid chain of delegation,5,4234
06,chain_depth_sensitivity,5,81,True,0.997708,valid chain of delegation,5,4234
06,chain_depth_sensitivity,5,82,True,1.025209,valid chain of delegation,5,4234
06,chain_depth_sensitivity,5,83,True,1.025292,valid chain of delegation,5,4234
06,chain_depth_sensitivity,5,84,True,0.969125,valid chain of delegation,5,4234
06,chain_depth_sensitivity,5,85,True,1.035875,valid chain of delegation,5,4234
06,chain_depth_sensitivity,5,86,True,1.091,valid chain of delegation,5,4234
06,chain_depth_sensitivity,5,87,True,0.939916,valid chain of delegation,5,4234
06,chain_depth_sensitivity,5,88,True,0.965625,valid chain of delegation,5,4234
06,chain_depth_sensitivity,5,89,True,1.017666,valid chain of delegation,5,4234
06,chain_depth_sensitivity,5,90,True,0.969542,valid chain of delegation,5,4234
06,chain_depth_sensitivity,5,91,True,0.988833,valid chain of delegation,5,4234
06,chain_depth_sensitivity,5,92,True,0.972625,valid chain of delegation,5,4234
06,chain_depth_sensitivity,5,93,True,0.954292,valid chain of delegation,5,4234
06,chain_depth_sensitivity,5,94,True,1.004208,valid chain of delegation,5,4234
06,chain_depth_sensitivity,5,95,True,1.065875,valid chain of delegation,5,4234
06,chain_depth_sensitivity,5,96,True,1.061584,valid chain of delegation,5,4234
06,chain_depth_sensitivity,5,97,True,1.1275,valid chain of delegation,5,4234
06,chain_depth_sensitivity,5,98,True,1.014417,valid chain of delegation,5,4234
06,chain_depth_sensitivity,5,99,True,0.969709,valid chain of delegation,5,4234
06,chain_depth_sensitivity,5,100,True,0.965542,valid chain of delegation,5,4234
06,chain_depth_sensitivity,10,1,True,1.264833,valid chain of delegation,10,8538
06,chain_depth_sensitivity,10,2,True,1.270375,valid chain of delegation,10,8538
06,chain_depth_sensitivity,10,3,True,1.290416,valid chain of delegation,10,8538
06,chain_depth_sensitivity,10,4,True,1.261792,valid chain of delegation,10,8538
06,chain_depth_sensitivity,10,5,True,1.29675,valid chain of delegation,10,8538
06,chain_depth_sensitivity,10,6,True,1.286041,valid chain of delegation,10,8538
06,chain_depth_sensitivity,10,7,True,1.299709,valid chain of delegation,10,8538
06,chain_depth_sensitivity,10,8,True,1.355542,valid chain of delegation,10,8538
06,chain_depth_sensitivity,10,9,True,1.314125,valid chain of delegation,10,8538
06,chain_depth_sensitivity,10,10,True,1.318542,valid chain of delegation,10,8538
06,chain_depth_sensitivity,10,11,True,1.373375,valid chain of delegation,10,8538
06,chain_depth_sensitivity,10,12,True,1.343083,valid chain of delegation,10,8538
06,chain_depth_sensitivity,10,13,True,1.337334,valid chain of delegation,10,8538
06,chain_depth_sensitivity,10,14,True,1.3305,valid chain of delegation,10,8538
06,chain_depth_sensitivity,10,15,True,1.31,valid chain of delegation,10,8538
06,chain_depth_sensitivity,10,16,True,1.283292,valid chain of delegation,10,8538
06,chain_depth_sensitivity,10,17,True,1.3755,valid chain of delegation,10,8538
06,chain_depth_sensitivity,10,18,True,1.338333,valid chain of delegation,10,8538
06,chain_depth_sensitivity,10,19,True,1.302583,valid chain of delegation,10,8538
06,chain_depth_sensitivity,10,20,True,1.299542,valid chain of delegation,10,8538
06,chain_depth_sensitivity,10,21,True,1.33625,valid chain of delegation,10,8538
06,chain_depth_sensitivity,10,22,True,1.36025,valid chain of delegation,10,8538
06,chain_depth_sensitivity,10,23,True,1.3225,valid chain of delegation,10,8538
06,chain_depth_sensitivity,10,24,True,1.314666,valid chain of delegation,10,8538
06,chain_depth_sensitivity,10,25,True,1.350833,valid chain of delegation,10,8538
06,chain_depth_sensitivity,10,26,True,1.342708,valid chain of delegation,10,8538
06,chain_depth_sensitivity,10,27,True,1.308375,valid chain of delegation,10,8538
06,chain_depth_sensitivity,10,28,True,1.3215,valid chain of delegation,10,8538
06,chain_depth_sensitivity,10,29,True,1.379042,valid chain of delegation,10,8538
06,chain_depth_sensitivity,10,30,True,1.294333,valid chain of delegation,10,8538
06,chain_depth_sensitivity,10,31,True,1.307708,valid chain of delegation,10,8538
06,chain_depth_sensitivity,10,32,True,1.299667,valid chain of delegation,10,8538
06,chain_depth_sensitivity,10,33,True,1.360083,valid chain of delegation,10,8538
06,chain_depth_sensitivity,10,34,True,1.323709,valid chain of delegation,10,8538
06,chain_depth_sensitivity,10,35,True,1.400875,valid chain of delegation,10,8538
06,chain_depth_sensitivity,10,36,True,1.321709,valid chain of delegation,10,8538
06,chain_depth_sensitivity,10,37,True,1.294583,valid chain of delegation,10,8538
06,chain_depth_sensitivity,10,38,True,1.338542,valid chain of delegation,10,8538
06,chain_depth_sensitivity,10,39,True,1.332041,valid chain of delegation,10,8538
06,chain_depth_sensitivity,10,40,True,1.303875,valid chain of delegation,10,8538
06,chain_depth_sensitivity,10,41,True,1.309667,valid chain of delegation,10,8538
06,chain_depth_sensitivity,10,42,True,1.299833,valid chain of delegation,10,8538
06,chain_depth_sensitivity,10,43,True,1.325542,valid chain of delegation,10,8538
06,chain_depth_sensitivity,10,44,True,1.303125,valid chain of delegation,10,8538
06,chain_depth_sensitivity,10,45,True,1.29925,valid chain of delegation,10,8538
06,chain_depth_sensitivity,10,46,True,1.333125,valid chain of delegation,10,8538
06,chain_depth_sensitivity,10,47,True,1.345042,valid chain of delegation,10,8538
06,chain_depth_sensitivity,10,48,True,1.295333,valid chain of delegation,10,8538
06,chain_depth_sensitivity,10,49,True,1.296208,valid chain of delegation,10,8538
06,chain_depth_sensitivity,10,50,True,1.323708,valid chain of delegation,10,8538
06,chain_depth_sensitivity,10,51,True,1.305542,valid chain of delegation,10,8538
06,chain_depth_sensitivity,10,52,True,1.29775,valid chain of delegation,10,8538
06,chain_depth_sensitivity,10,53,True,1.315666,valid chain of delegation,10,8538
06,chain_depth_sensitivity,10,54,True,1.282042,valid chain of delegation,10,8538
06,chain_depth_sensitivity,10,55,True,1.314459,valid chain of delegation,10,8538
06,chain_depth_sensitivity,10,56,True,1.287291,valid chain of delegation,10,8538
06,chain_depth_sensitivity,10,57,True,1.310833,valid chain of delegation,10,8538
06,chain_depth_sensitivity,10,58,True,1.284333,valid chain of delegation,10,8538
06,chain_depth_sensitivity,10,59,True,1.329667,valid chain of delegation,10,8538
06,chain_depth_sensitivity,10,60,True,1.341041,valid chain of delegation,10,8538
06,chain_depth_sensitivity,10,61,True,1.357375,valid chain of delegation,10,8538
06,chain_depth_sensitivity,10,62,True,1.381416,valid chain of delegation,10,8538
06,chain_depth_sensitivity,10,63,True,1.352916,valid chain of delegation,10,8538
06,chain_depth_sensitivity,10,64,True,1.322209,valid chain of delegation,10,8538
06,chain_depth_sensitivity,10,65,True,1.316375,valid chain of delegation,10,8538
06,chain_depth_sensitivity,10,66,True,1.322083,valid chain of delegation,10,8538
06,chain_depth_sensitivity,10,67,True,1.290125,valid chain of delegation,10,8538
06,chain_depth_sensitivity,10,68,True,1.335875,valid chain of delegation,10,8538
06,chain_depth_sensitivity,10,69,True,1.33325,valid chain of delegation,10,8538
06,chain_depth_sensitivity,10,70,True,1.3095,valid chain of delegation,10,8538
06,chain_depth_sensitivity,10,71,True,1.334709,valid chain of delegation,10,8538
06,chain_depth_sensitivity,10,72,True,1.304292,valid chain of delegation,10,8538
06,chain_depth_sensitivity,10,73,True,1.355666,valid chain of delegation,10,8538
06,chain_depth_sensitivity,10,74,True,1.317583,valid chain of delegation,10,8538
06,chain_depth_sensitivity,10,75,True,1.307375,valid chain of delegation,10,8538
06,chain_depth_sensitivity,10,76,True,1.334542,valid chain of delegation,10,8538
06,chain_depth_sensitivity,10,77,True,1.351333,valid chain of delegation,10,8538
06,chain_depth_sensitivity,10,78,True,1.261417,valid chain of delegation,10,8538
06,chain_depth_sensitivity,10,79,True,1.320583,valid chain of delegation,10,8538
06,chain_depth_sensitivity,10,80,True,1.31375,valid chain of delegation,10,8538
06,chain_depth_sensitivity,10,81,True,1.296334,valid chain of delegation,10,8538
06,chain_depth_sensitivity,10,82,True,1.279792,valid chain of delegation,10,8538
06,chain_depth_sensitivity,10,83,True,1.328583,valid chain of delegation,10,8538
06,chain_depth_sensitivity,10,84,True,1.304292,valid chain of delegation,10,8538
06,chain_depth_sensitivity,10,85,True,1.301042,valid chain of delegation,10,8538
06,chain_depth_sensitivity,10,86,True,1.315417,valid chain of delegation,10,8538
06,chain_depth_sensitivity,10,87,True,1.29075,valid chain of delegation,10,8538
06,chain_depth_sensitivity,10,88,True,1.284666,valid chain of delegation,10,8538
06,chain_depth_sensitivity,10,89,True,1.292583,valid chain of delegation,10,8538
06,chain_depth_sensitivity,10,90,True,1.323542,valid chain of delegation,10,8538
06,chain_depth_sensitivity,10,91,True,1.287291,valid chain of delegation,10,8538
06,chain_depth_sensitivity,10,92,True,1.362042,valid chain of delegation,10,8538
06,chain_depth_sensitivity,10,93,True,1.317542,valid chain of delegation,10,8538
06,chain_depth_sensitivity,10,94,True,1.286292,valid chain of delegation,10,8538
06,chain_depth_sensitivity,10,95,True,1.285083,valid chain of delegation,10,8538
06,chain_depth_sensitivity,10,96,True,1.318125,valid chain of delegation,10,8538
06,chain_depth_sensitivity,10,97,True,1.335792,valid chain of delegation,10,8538
06,chain_depth_sensitivity,10,98,True,1.346292,valid chain of delegation,10,8538
06,chain_depth_sensitivity,10,99,True,1.299792,valid chain of delegation,10,8538
06,chain_depth_sensitivity,10,100,True,1.275209,valid chain of delegation,10,8538
07,chain_depth_sensitivity,1,1,True,1.0955,valid chain of delegation,1,826
07,chain_depth_sensitivity,1,2,True,1.018875,valid chain of delegation,1,826
07,chain_depth_sensitivity,1,3,True,1.005709,valid chain of delegation,1,826
07,chain_depth_sensitivity,1,4,True,0.982375,valid chain of delegation,1,826
07,chain_depth_sensitivity,1,5,True,0.909375,valid chain of delegation,1,826
07,chain_depth_sensitivity,1,6,True,0.950125,valid chain of delegation,1,826
07,chain_depth_sensitivity,1,7,True,0.923666,valid chain of delegation,1,826
07,chain_depth_sensitivity,1,8,True,0.897125,valid chain of delegation,1,826
07,chain_depth_sensitivity,1,9,True,0.949375,valid chain of delegation,1,826
07,chain_depth_sensitivity,1,10,True,0.871917,valid chain of delegation,1,826
07,chain_depth_sensitivity,1,11,True,0.920833,valid chain of delegation,1,826
07,chain_depth_sensitivity,1,12,True,0.894667,valid chain of delegation,1,826
07,chain_depth_sensitivity,1,13,True,0.819791,valid chain of delegation,1,826
07,chain_depth_sensitivity,1,14,True,0.861625,valid chain of delegation,1,826
07,chain_depth_sensitivity,1,15,True,0.817333,valid chain of delegation,1,826
07,chain_depth_sensitivity,1,16,True,0.801875,valid chain of delegation,1,826
07,chain_depth_sensitivity,1,17,True,0.884292,valid chain of delegation,1,826
07,chain_depth_sensitivity,1,18,True,0.845584,valid chain of delegation,1,826
07,chain_depth_sensitivity,1,19,True,0.904334,valid chain of delegation,1,826
07,chain_depth_sensitivity,1,20,True,0.83525,valid chain of delegation,1,826
07,chain_depth_sensitivity,1,21,True,0.822667,valid chain of delegation,1,826
07,chain_depth_sensitivity,1,22,True,0.803667,valid chain of delegation,1,826
07,chain_depth_sensitivity,1,23,True,0.809583,valid chain of delegation,1,826
07,chain_depth_sensitivity,1,24,True,0.857208,valid chain of delegation,1,826
07,chain_depth_sensitivity,1,25,True,0.842791,valid chain of delegation,1,826
07,chain_depth_sensitivity,1,26,True,0.793958,valid chain of delegation,1,826
07,chain_depth_sensitivity,1,27,True,0.825292,valid chain of delegation,1,826
07,chain_depth_sensitivity,1,28,True,0.820542,valid chain of delegation,1,826
07,chain_depth_sensitivity,1,29,True,0.8165,valid chain of delegation,1,826
07,chain_depth_sensitivity,1,30,True,0.771417,valid chain of delegation,1,826
07,chain_depth_sensitivity,1,31,True,0.815375,valid chain of delegation,1,826
07,chain_depth_sensitivity,1,32,True,0.799625,valid chain of delegation,1,826
07,chain_depth_sensitivity,1,33,True,0.76425,valid chain of delegation,1,826
07,chain_depth_sensitivity,1,34,True,0.772208,valid chain of delegation,1,826
07,chain_depth_sensitivity,1,35,True,0.814958,valid chain of delegation,1,826
07,chain_depth_sensitivity,1,36,True,0.779292,valid chain of delegation,1,826
07,chain_depth_sensitivity,1,37,True,0.752375,valid chain of delegation,1,826
07,chain_depth_sensitivity,1,38,True,0.761584,valid chain of delegation,1,826
07,chain_depth_sensitivity,1,39,True,0.751375,valid chain of delegation,1,826
07,chain_depth_sensitivity,1,40,True,0.757625,valid chain of delegation,1,826
07,chain_depth_sensitivity,1,41,True,0.763708,valid chain of delegation,1,826
07,chain_depth_sensitivity,1,42,True,0.7595,valid chain of delegation,1,826
07,chain_depth_sensitivity,1,43,True,0.772958,valid chain of delegation,1,826
07,chain_depth_sensitivity,1,44,True,0.766375,valid chain of delegation,1,826
07,chain_depth_sensitivity,1,45,True,1.118708,valid chain of delegation,1,826
07,chain_depth_sensitivity,1,46,True,0.800416,valid chain of delegation,1,826
07,chain_depth_sensitivity,1,47,True,0.763333,valid chain of delegation,1,826
07,chain_depth_sensitivity,1,48,True,0.775834,valid chain of delegation,1,826
07,chain_depth_sensitivity,1,49,True,0.732208,valid chain of delegation,1,826
07,chain_depth_sensitivity,1,50,True,0.788583,valid chain of delegation,1,826
07,chain_depth_sensitivity,1,51,True,0.7365,valid chain of delegation,1,826
07,chain_depth_sensitivity,1,52,True,0.770958,valid chain of delegation,1,826
07,chain_depth_sensitivity,1,53,True,0.728084,valid chain of delegation,1,826
07,chain_depth_sensitivity,1,54,True,0.733708,valid chain of delegation,1,826
07,chain_depth_sensitivity,1,55,True,0.766958,valid chain of delegation,1,826
07,chain_depth_sensitivity,1,56,True,0.76175,valid chain of delegation,1,826
07,chain_depth_sensitivity,1,57,True,0.80075,valid chain of delegation,1,826
07,chain_depth_sensitivity,1,58,True,0.75625,valid chain of delegation,1,826
07,chain_depth_sensitivity,1,59,True,0.727167,valid chain of delegation,1,826
07,chain_depth_sensitivity,1,60,True,0.702875,valid chain of delegation,1,826
07,chain_depth_sensitivity,1,61,True,0.733209,valid chain of delegation,1,826
07,chain_depth_sensitivity,1,62,True,0.724958,valid chain of delegation,1,826
07,chain_depth_sensitivity,1,63,True,0.724375,valid chain of delegation,1,826
07,chain_depth_sensitivity,1,64,True,0.701125,valid chain of delegation,1,826
07,chain_depth_sensitivity,1,65,True,0.693709,valid chain of delegation,1,826
07,chain_depth_sensitivity,1,66,True,0.718458,valid chain of delegation,1,826
07,chain_depth_sensitivity,1,67,True,0.72675,valid chain of delegation,1,826
07,chain_depth_sensitivity,1,68,True,0.713708,valid chain of delegation,1,826
07,chain_depth_sensitivity,1,69,True,0.713042,valid chain of delegation,1,826
07,chain_depth_sensitivity,1,70,True,0.69075,valid chain of delegation,1,826
07,chain_depth_sensitivity,1,71,True,0.721375,valid chain of delegation,1,826
07,chain_depth_sensitivity,1,72,True,0.743,valid chain of delegation,1,826
07,chain_depth_sensitivity,1,73,True,0.713959,valid chain of delegation,1,826
07,chain_depth_sensitivity,1,74,True,0.702375,valid chain of delegation,1,826
07,chain_depth_sensitivity,1,75,True,0.716041,valid chain of delegation,1,826
07,chain_depth_sensitivity,1,76,True,0.737125,valid chain of delegation,1,826
07,chain_depth_sensitivity,1,77,True,0.742125,valid chain of delegation,1,826
07,chain_depth_sensitivity,1,78,True,0.691875,valid chain of delegation,1,826
07,chain_depth_sensitivity,1,79,True,0.699375,valid chain of delegation,1,826
07,chain_depth_sensitivity,1,80,True,0.755084,valid chain of delegation,1,826
07,chain_depth_sensitivity,1,81,True,0.706292,valid chain of delegation,1,826
07,chain_depth_sensitivity,1,82,True,0.711291,valid chain of delegation,1,826
07,chain_depth_sensitivity,1,83,True,0.702875,valid chain of delegation,1,826
07,chain_depth_sensitivity,1,84,True,0.724125,valid chain of delegation,1,826
07,chain_depth_sensitivity,1,85,True,0.741625,valid chain of delegation,1,826
07,chain_depth_sensitivity,1,86,True,0.688417,valid chain of delegation,1,826
07,chain_depth_sensitivity,1,87,True,0.724083,valid chain of delegation,1,826
07,chain_depth_sensitivity,1,88,True,0.739417,valid chain of delegation,1,826
07,chain_depth_sensitivity,1,89,True,0.719417,valid chain of delegation,1,826
07,chain_depth_sensitivity,1,90,True,0.7,valid chain of delegation,1,826
07,chain_depth_sensitivity,1,91,True,0.681084,valid chain of delegation,1,826
07,chain_depth_sensitivity,1,92,True,0.705042,valid chain of delegation,1,826
07,chain_depth_sensitivity,1,93,True,0.704791,valid chain of delegation,1,826
07,chain_depth_sensitivity,1,94,True,0.703291,valid chain of delegation,1,826
07,chain_depth_sensitivity,1,95,True,0.736125,valid chain of delegation,1,826
07,chain_depth_sensitivity,1,96,True,0.735,valid chain of delegation,1,826
07,chain_depth_sensitivity,1,97,True,0.726291,valid chain of delegation,1,826
07,chain_depth_sensitivity,1,98,True,0.7555,valid chain of delegation,1,826
07,chain_depth_sensitivity,1,99,True,0.7095,valid chain of delegation,1,826
07,chain_depth_sensitivity,1,100,True,0.760584,valid chain of delegation,1,826
07,chain_depth_sensitivity,2,1,True,0.846875,valid chain of delegation,2,1678
07,chain_depth_sensitivity,2,2,True,0.934,valid chain of delegation,2,1678
07,chain_depth_sensitivity,2,3,True,0.855459,valid chain of delegation,2,1678
07,chain_depth_sensitivity,2,4,True,0.768875,valid chain of delegation,2,1678
07,chain_depth_sensitivity,2,5,True,0.83375,valid chain of delegation,2,1678
07,chain_depth_sensitivity,2,6,True,0.801958,valid chain of delegation,2,1678
07,chain_depth_sensitivity,2,7,True,0.789834,valid chain of delegation,2,1678
07,chain_depth_sensitivity,2,8,True,0.763792,valid chain of delegation,2,1678
07,chain_depth_sensitivity,2,9,True,0.824667,valid chain of delegation,2,1678
07,chain_depth_sensitivity,2,10,True,0.793833,valid chain of delegation,2,1678
07,chain_depth_sensitivity,2,11,True,0.831209,valid chain of delegation,2,1678
07,chain_depth_sensitivity,2,12,True,0.820417,valid chain of delegation,2,1678
07,chain_depth_sensitivity,2,13,True,0.80625,valid chain of delegation,2,1678
07,chain_depth_sensitivity,2,14,True,0.840875,valid chain of delegation,2,1678
07,chain_depth_sensitivity,2,15,True,0.83375,valid chain of delegation,2,1678
07,chain_depth_sensitivity,2,16,True,0.78775,valid chain of delegation,2,1678
07,chain_depth_sensitivity,2,17,True,0.81125,valid chain of delegation,2,1678
07,chain_depth_sensitivity,2,18,True,0.882416,valid chain of delegation,2,1678
07,chain_depth_sensitivity,2,19,True,0.830584,valid chain of delegation,2,1678
07,chain_depth_sensitivity,2,20,True,0.829417,valid chain of delegation,2,1678
07,chain_depth_sensitivity,2,21,True,0.786666,valid chain of delegation,2,1678
07,chain_depth_sensitivity,2,22,True,0.824625,valid chain of delegation,2,1678
07,chain_depth_sensitivity,2,23,True,0.793166,valid chain of delegation,2,1678
07,chain_depth_sensitivity,2,24,True,0.781042,valid chain of delegation,2,1678
07,chain_depth_sensitivity,2,25,True,0.811375,valid chain of delegation,2,1678
07,chain_depth_sensitivity,2,26,True,1.055208,valid chain of delegation,2,1678
07,chain_depth_sensitivity,2,27,True,0.826584,valid chain of delegation,2,1678
07,chain_depth_sensitivity,2,28,True,0.801833,valid chain of delegation,2,1678
07,chain_depth_sensitivity,2,29,True,0.808375,valid chain of delegation,2,1678
07,chain_depth_sensitivity,2,30,True,0.817708,valid chain of delegation,2,1678
07,chain_depth_sensitivity,2,31,True,0.803125,valid chain of delegation,2,1678
07,chain_depth_sensitivity,2,32,True,0.792458,valid chain of delegation,2,1678
07,chain_depth_sensitivity,2,33,True,0.812333,valid chain of delegation,2,1678
07,chain_depth_sensitivity,2,34,True,0.774,valid chain of delegation,2,1678
07,chain_depth_sensitivity,2,35,True,0.792625,valid chain of delegation,2,1678
07,chain_depth_sensitivity,2,36,True,0.818584,valid chain of delegation,2,1678
07,chain_depth_sensitivity,2,37,True,0.772917,valid chain of delegation,2,1678
07,chain_depth_sensitivity,2,38,True,0.771083,valid chain of delegation,2,1678
07,chain_depth_sensitivity,2,39,True,0.756084,valid chain of delegation,2,1678
07,chain_depth_sensitivity,2,40,True,0.813291,valid chain of delegation,2,1678
07,chain_depth_sensitivity,2,41,True,0.808583,valid chain of delegation,2,1678
07,chain_depth_sensitivity,2,42,True,0.789125,valid chain of delegation,2,1678
07,chain_depth_sensitivity,2,43,True,0.754584,valid chain of delegation,2,1678
07,chain_depth_sensitivity,2,44,True,0.79375,valid chain of delegation,2,1678
07,chain_depth_sensitivity,2,45,True,0.767,valid chain of delegation,2,1678
07,chain_depth_sensitivity,2,46,True,0.814541,valid chain of delegation,2,1678
07,chain_depth_sensitivity,2,47,True,0.749208,valid chain of delegation,2,1678
07,chain_depth_sensitivity,2,48,True,0.78925,valid chain of delegation,2,1678
07,chain_depth_sensitivity,2,49,True,0.780791,valid chain of delegation,2,1678
07,chain_depth_sensitivity,2,50,True,0.777125,valid chain of delegation,2,1678
07,chain_depth_sensitivity,2,51,True,0.792875,valid chain of delegation,2,1678
07,chain_depth_sensitivity,2,52,True,0.774458,valid chain of delegation,2,1678
07,chain_depth_sensitivity,2,53,True,0.794667,valid chain of delegation,2,1678
07,chain_depth_sensitivity,2,54,True,0.778416,valid chain of delegation,2,1678
07,chain_depth_sensitivity,2,55,True,0.796,valid chain of delegation,2,1678
07,chain_depth_sensitivity,2,56,True,0.817708,valid chain of delegation,2,1678
07,chain_depth_sensitivity,2,57,True,0.854333,valid chain of delegation,2,1678
07,chain_depth_sensitivity,2,58,True,0.772916,valid chain of delegation,2,1678
07,chain_depth_sensitivity,2,59,True,0.783208,valid chain of delegation,2,1678
07,chain_depth_sensitivity,2,60,True,0.815417,valid chain of delegation,2,1678
07,chain_depth_sensitivity,2,61,True,0.811167,valid chain of delegation,2,1678
07,chain_depth_sensitivity,2,62,True,0.79625,valid chain of delegation,2,1678
07,chain_depth_sensitivity,2,63,True,0.797459,valid chain of delegation,2,1678
07,chain_depth_sensitivity,2,64,True,0.783667,valid chain of delegation,2,1678
07,chain_depth_sensitivity,2,65,True,0.790708,valid chain of delegation,2,1678
07,chain_depth_sensitivity,2,66,True,0.763083,valid chain of delegation,2,1678
07,chain_depth_sensitivity,2,67,True,0.788542,valid chain of delegation,2,1678
07,chain_depth_sensitivity,2,68,True,0.754667,valid chain of delegation,2,1678
07,chain_depth_sensitivity,2,69,True,0.772709,valid chain of delegation,2,1678
07,chain_depth_sensitivity,2,70,True,0.776166,valid chain of delegation,2,1678
07,chain_depth_sensitivity,2,71,True,0.8045,valid chain of delegation,2,1678
07,chain_depth_sensitivity,2,72,True,0.802291,valid chain of delegation,2,1678
07,chain_depth_sensitivity,2,73,True,0.808916,valid chain of delegation,2,1678
07,chain_depth_sensitivity,2,74,True,0.777958,valid chain of delegation,2,1678
07,chain_depth_sensitivity,2,75,True,0.787083,valid chain of delegation,2,1678
07,chain_depth_sensitivity,2,76,True,0.797458,valid chain of delegation,2,1678
07,chain_depth_sensitivity,2,77,True,0.802917,valid chain of delegation,2,1678
07,chain_depth_sensitivity,2,78,True,0.785666,valid chain of delegation,2,1678
07,chain_depth_sensitivity,2,79,True,0.789333,valid chain of delegation,2,1678
07,chain_depth_sensitivity,2,80,True,0.791125,valid chain of delegation,2,1678
07,chain_depth_sensitivity,2,81,True,0.778375,valid chain of delegation,2,1678
07,chain_depth_sensitivity,2,82,True,0.815209,valid chain of delegation,2,1678
07,chain_depth_sensitivity,2,83,True,0.782625,valid chain of delegation,2,1678
07,chain_depth_sensitivity,2,84,True,0.789209,valid chain of delegation,2,1678
07,chain_depth_sensitivity,2,85,True,0.757167,valid chain of delegation,2,1678
07,chain_depth_sensitivity,2,86,True,0.789125,valid chain of delegation,2,1678
07,chain_depth_sensitivity,2,87,True,0.782417,valid chain of delegation,2,1678
07,chain_depth_sensitivity,2,88,True,0.76,valid chain of delegation,2,1678
07,chain_depth_sensitivity,2,89,True,0.770041,valid chain of delegation,2,1678
07,chain_depth_sensitivity,2,90,True,0.779334,valid chain of delegation,2,1678
07,chain_depth_sensitivity,2,91,True,0.794375,valid chain of delegation,2,1678
07,chain_depth_sensitivity,2,92,True,0.7975,valid chain of delegation,2,1678
07,chain_depth_sensitivity,2,93,True,0.773708,valid chain of delegation,2,1678
07,chain_depth_sensitivity,2,94,True,0.78725,valid chain of delegation,2,1678
07,chain_depth_sensitivity,2,95,True,0.787125,valid chain of delegation,2,1678
07,chain_depth_sensitivity,2,96,True,0.796792,valid chain of delegation,2,1678
07,chain_depth_sensitivity,2,97,True,0.793417,valid chain of delegation,2,1678
07,chain_depth_sensitivity,2,98,True,0.774416,valid chain of delegation,2,1678
07,chain_depth_sensitivity,2,99,True,0.78025,valid chain of delegation,2,1678
07,chain_depth_sensitivity,2,100,True,0.798667,valid chain of delegation,2,1678
07,chain_depth_sensitivity,3,1,True,0.840708,valid chain of delegation,3,2530
07,chain_depth_sensitivity,3,2,True,0.845916,valid chain of delegation,3,2530
07,chain_depth_sensitivity,3,3,True,0.859041,valid chain of delegation,3,2530
07,chain_depth_sensitivity,3,4,True,0.870708,valid chain of delegation,3,2530
07,chain_depth_sensitivity,3,5,True,0.897292,valid chain of delegation,3,2530
07,chain_depth_sensitivity,3,6,True,0.827875,valid chain of delegation,3,2530
07,chain_depth_sensitivity,3,7,True,0.88875,valid chain of delegation,3,2530
07,chain_depth_sensitivity,3,8,True,0.851166,valid chain of delegation,3,2530
07,chain_depth_sensitivity,3,9,True,0.8455,valid chain of delegation,3,2530
07,chain_depth_sensitivity,3,10,True,0.824833,valid chain of delegation,3,2530
07,chain_depth_sensitivity,3,11,True,0.836,valid chain of delegation,3,2530
07,chain_depth_sensitivity,3,12,True,0.854708,valid chain of delegation,3,2530
07,chain_depth_sensitivity,3,13,True,0.860375,valid chain of delegation,3,2530
07,chain_depth_sensitivity,3,14,True,0.848125,valid chain of delegation,3,2530
07,chain_depth_sensitivity,3,15,True,0.82425,valid chain of delegation,3,2530
07,chain_depth_sensitivity,3,16,True,0.89575,valid chain of delegation,3,2530
07,chain_depth_sensitivity,3,17,True,0.839917,valid chain of delegation,3,2530
07,chain_depth_sensitivity,3,18,True,0.832875,valid chain of delegation,3,2530
07,chain_depth_sensitivity,3,19,True,0.853584,valid chain of delegation,3,2530
07,chain_depth_sensitivity,3,20,True,0.850375,valid chain of delegation,3,2530
07,chain_depth_sensitivity,3,21,True,0.837417,valid chain of delegation,3,2530
07,chain_depth_sensitivity,3,22,True,0.832083,valid chain of delegation,3,2530
07,chain_depth_sensitivity,3,23,True,0.852041,valid chain of delegation,3,2530
07,chain_depth_sensitivity,3,24,True,0.848625,valid chain of delegation,3,2530
07,chain_depth_sensitivity,3,25,True,0.853209,valid chain of delegation,3,2530
07,chain_depth_sensitivity,3,26,True,0.88025,valid chain of delegation,3,2530
07,chain_depth_sensitivity,3,27,True,0.873167,valid chain of delegation,3,2530
07,chain_depth_sensitivity,3,28,True,0.839334,valid chain of delegation,3,2530
07,chain_depth_sensitivity,3,29,True,0.86175,valid chain of delegation,3,2530
07,chain_depth_sensitivity,3,30,True,0.8465,valid chain of delegation,3,2530
07,chain_depth_sensitivity,3,31,True,0.82375,valid chain of delegation,3,2530
07,chain_depth_sensitivity,3,32,True,0.819917,valid chain of delegation,3,2530
07,chain_depth_sensitivity,3,33,True,0.830333,valid chain of delegation,3,2530
07,chain_depth_sensitivity,3,34,True,0.823667,valid chain of delegation,3,2530
07,chain_depth_sensitivity,3,35,True,0.817542,valid chain of delegation,3,2530
07,chain_depth_sensitivity,3,36,True,0.852042,valid chain of delegation,3,2530
07,chain_depth_sensitivity,3,37,True,0.869208,valid chain of delegation,3,2530
07,chain_depth_sensitivity,3,38,True,0.855375,valid chain of delegation,3,2530
07,chain_depth_sensitivity,3,39,True,0.843958,valid chain of delegation,3,2530
07,chain_depth_sensitivity,3,40,True,0.857416,valid chain of delegation,3,2530
07,chain_depth_sensitivity,3,41,True,0.85225,valid chain of delegation,3,2530
07,chain_depth_sensitivity,3,42,True,0.831667,valid chain of delegation,3,2530
07,chain_depth_sensitivity,3,43,True,0.825167,valid chain of delegation,3,2530
07,chain_depth_sensitivity,3,44,True,0.841875,valid chain of delegation,3,2530
07,chain_depth_sensitivity,3,45,True,1.258792,valid chain of delegation,3,2530
07,chain_depth_sensitivity,3,46,True,0.851,valid chain of delegation,3,2530
07,chain_depth_sensitivity,3,47,True,0.832417,valid chain of delegation,3,2530
07,chain_depth_sensitivity,3,48,True,0.810417,valid chain of delegation,3,2530
07,chain_depth_sensitivity,3,49,True,0.821542,valid chain of delegation,3,2530
07,chain_depth_sensitivity,3,50,True,0.853125,valid chain of delegation,3,2530
07,chain_depth_sensitivity,3,51,True,0.883625,valid chain of delegation,3,2530
07,chain_depth_sensitivity,3,52,True,0.883917,valid chain of delegation,3,2530
07,chain_depth_sensitivity,3,53,True,1.003416,valid chain of delegation,3,2530
07,chain_depth_sensitivity,3,54,True,0.894333,valid chain of delegation,3,2530
07,chain_depth_sensitivity,3,55,True,0.850125,valid chain of delegation,3,2530
07,chain_depth_sensitivity,3,56,True,0.938042,valid chain of delegation,3,2530
07,chain_depth_sensitivity,3,57,True,0.888292,valid chain of delegation,3,2530
07,chain_depth_sensitivity,3,58,True,0.847542,valid chain of delegation,3,2530
07,chain_depth_sensitivity,3,59,True,0.873166,valid chain of delegation,3,2530
07,chain_depth_sensitivity,3,60,True,0.898916,valid chain of delegation,3,2530
07,chain_depth_sensitivity,3,61,True,0.828792,valid chain of delegation,3,2530
07,chain_depth_sensitivity,3,62,True,0.900125,valid chain of delegation,3,2530
07,chain_depth_sensitivity,3,63,True,0.880542,valid chain of delegation,3,2530
07,chain_depth_sensitivity,3,64,True,0.825875,valid chain of delegation,3,2530
07,chain_depth_sensitivity,3,65,True,0.828958,valid chain of delegation,3,2530
07,chain_depth_sensitivity,3,66,True,0.867042,valid chain of delegation,3,2530
07,chain_depth_sensitivity,3,67,True,0.830917,valid chain of delegation,3,2530
07,chain_depth_sensitivity,3,68,True,0.817167,valid chain of delegation,3,2530
07,chain_depth_sensitivity,3,69,True,0.842583,valid chain of delegation,3,2530
07,chain_depth_sensitivity,3,70,True,0.810208,valid chain of delegation,3,2530
07,chain_depth_sensitivity,3,71,True,0.85825,valid chain of delegation,3,2530
07,chain_depth_sensitivity,3,72,True,0.849333,valid chain of delegation,3,2530
07,chain_depth_sensitivity,3,73,True,0.85825,valid chain of delegation,3,2530
07,chain_depth_sensitivity,3,74,True,0.838708,valid chain of delegation,3,2530
07,chain_depth_sensitivity,3,75,True,0.901,valid chain of delegation,3,2530
07,chain_depth_sensitivity,3,76,True,0.886666,valid chain of delegation,3,2530
07,chain_depth_sensitivity,3,77,True,0.893834,valid chain of delegation,3,2530
07,chain_depth_sensitivity,3,78,True,0.874,valid chain of delegation,3,2530
07,chain_depth_sensitivity,3,79,True,0.830459,valid chain of delegation,3,2530
07,chain_depth_sensitivity,3,80,True,0.918166,valid chain of delegation,3,2530
07,chain_depth_sensitivity,3,81,True,0.827208,valid chain of delegation,3,2530
07,chain_depth_sensitivity,3,82,True,0.885167,valid chain of delegation,3,2530
07,chain_depth_sensitivity,3,83,True,0.8655,valid chain of delegation,3,2530
07,chain_depth_sensitivity,3,84,True,0.854375,valid chain of delegation,3,2530
07,chain_depth_sensitivity,3,85,True,0.837334,valid chain of delegation,3,2530
07,chain_depth_sensitivity,3,86,True,0.862209,valid chain of delegation,3,2530
07,chain_depth_sensitivity,3,87,True,0.88775,valid chain of delegation,3,2530
07,chain_depth_sensitivity,3,88,True,0.85775,valid chain of delegation,3,2530
07,chain_depth_sensitivity,3,89,True,0.874208,valid chain of delegation,3,2530
07,chain_depth_sensitivity,3,90,True,0.839875,valid chain of delegation,3,2530
07,chain_depth_sensitivity,3,91,True,0.839625,valid chain of delegation,3,2530
07,chain_depth_sensitivity,3,92,True,0.855542,valid chain of delegation,3,2530
07,chain_depth_sensitivity,3,93,True,0.874375,valid chain of delegation,3,2530
07,chain_depth_sensitivity,3,94,True,0.875333,valid chain of delegation,3,2530
07,chain_depth_sensitivity,3,95,True,0.872167,valid chain of delegation,3,2530
07,chain_depth_sensitivity,3,96,True,0.863667,valid chain of delegation,3,2530
07,chain_depth_sensitivity,3,97,True,1.150375,valid chain of delegation,3,2530
07,chain_depth_sensitivity,3,98,True,0.889125,valid chain of delegation,3,2530
07,chain_depth_sensitivity,3,99,True,0.840333,valid chain of delegation,3,2530
07,chain_depth_sensitivity,3,100,True,0.89125,valid chain of delegation,3,2530
07,chain_depth_sensitivity,5,1,True,1.010167,valid chain of delegation,5,4234
07,chain_depth_sensitivity,5,2,True,1.025,valid chain of delegation,5,4234
07,chain_depth_sensitivity,5,3,True,1.017625,valid chain of delegation,5,4234
07,chain_depth_sensitivity,5,4,True,1.02025,valid chain of delegation,5,4234
07,chain_depth_sensitivity,5,5,True,0.948709,valid chain of delegation,5,4234
07,chain_depth_sensitivity,5,6,True,0.97225,valid chain of delegation,5,4234
07,chain_depth_sensitivity,5,7,True,0.9975,valid chain of delegation,5,4234
07,chain_depth_sensitivity,5,8,True,0.991625,valid chain of delegation,5,4234
07,chain_depth_sensitivity,5,9,True,0.992584,valid chain of delegation,5,4234
07,chain_depth_sensitivity,5,10,True,0.999792,valid chain of delegation,5,4234
07,chain_depth_sensitivity,5,11,True,0.990791,valid chain of delegation,5,4234
07,chain_depth_sensitivity,5,12,True,1.003791,valid chain of delegation,5,4234
07,chain_depth_sensitivity,5,13,True,0.9785,valid chain of delegation,5,4234
07,chain_depth_sensitivity,5,14,True,1.005458,valid chain of delegation,5,4234
07,chain_depth_sensitivity,5,15,True,0.978667,valid chain of delegation,5,4234
07,chain_depth_sensitivity,5,16,True,1.004209,valid chain of delegation,5,4234
07,chain_depth_sensitivity,5,17,True,0.976167,valid chain of delegation,5,4234
07,chain_depth_sensitivity,5,18,True,1.045333,valid chain of delegation,5,4234
07,chain_depth_sensitivity,5,19,True,1.003041,valid chain of delegation,5,4234
07,chain_depth_sensitivity,5,20,True,1.003875,valid chain of delegation,5,4234
07,chain_depth_sensitivity,5,21,True,0.974125,valid chain of delegation,5,4234
07,chain_depth_sensitivity,5,22,True,0.951125,valid chain of delegation,5,4234
07,chain_depth_sensitivity,5,23,True,0.995,valid chain of delegation,5,4234
07,chain_depth_sensitivity,5,24,True,0.99575,valid chain of delegation,5,4234
07,chain_depth_sensitivity,5,25,True,0.959334,valid chain of delegation,5,4234
07,chain_depth_sensitivity,5,26,True,0.984708,valid chain of delegation,5,4234
07,chain_depth_sensitivity,5,27,True,0.975334,valid chain of delegation,5,4234
07,chain_depth_sensitivity,5,28,True,0.9665,valid chain of delegation,5,4234
07,chain_depth_sensitivity,5,29,True,0.953959,valid chain of delegation,5,4234
07,chain_depth_sensitivity,5,30,True,0.998791,valid chain of delegation,5,4234
07,chain_depth_sensitivity,5,31,True,0.994708,valid chain of delegation,5,4234
07,chain_depth_sensitivity,5,32,True,0.999,valid chain of delegation,5,4234
07,chain_depth_sensitivity,5,33,True,1.02375,valid chain of delegation,5,4234
07,chain_depth_sensitivity,5,34,True,0.978834,valid chain of delegation,5,4234
07,chain_depth_sensitivity,5,35,True,0.987667,valid chain of delegation,5,4234
07,chain_depth_sensitivity,5,36,True,0.985334,valid chain of delegation,5,4234
07,chain_depth_sensitivity,5,37,True,0.986083,valid chain of delegation,5,4234
07,chain_depth_sensitivity,5,38,True,1.018167,valid chain of delegation,5,4234
07,chain_depth_sensitivity,5,39,True,0.978459,valid chain of delegation,5,4234
07,chain_depth_sensitivity,5,40,True,0.963833,valid chain of delegation,5,4234
07,chain_depth_sensitivity,5,41,True,1.002083,valid chain of delegation,5,4234
07,chain_depth_sensitivity,5,42,True,0.982292,valid chain of delegation,5,4234
07,chain_depth_sensitivity,5,43,True,0.985291,valid chain of delegation,5,4234
07,chain_depth_sensitivity,5,44,True,1.014792,valid chain of delegation,5,4234
07,chain_depth_sensitivity,5,45,True,0.993583,valid chain of delegation,5,4234
07,chain_depth_sensitivity,5,46,True,0.978125,valid chain of delegation,5,4234
07,chain_depth_sensitivity,5,47,True,0.987209,valid chain of delegation,5,4234
07,chain_depth_sensitivity,5,48,True,1.0075,valid chain of delegation,5,4234
07,chain_depth_sensitivity,5,49,True,0.98175,valid chain of delegation,5,4234
07,chain_depth_sensitivity,5,50,True,0.981334,valid chain of delegation,5,4234
07,chain_depth_sensitivity,5,51,True,2.025708,valid chain of delegation,5,4234
07,chain_depth_sensitivity,5,52,True,1.532542,valid chain of delegation,5,4234
07,chain_depth_sensitivity,5,53,True,1.086,valid chain of delegation,5,4234
07,chain_depth_sensitivity,5,54,True,1.076958,valid chain of delegation,5,4234
07,chain_depth_sensitivity,5,55,True,1.106959,valid chain of delegation,5,4234
07,chain_depth_sensitivity,5,56,True,1.013583,valid chain of delegation,5,4234
07,chain_depth_sensitivity,5,57,True,1.051167,valid chain of delegation,5,4234
07,chain_depth_sensitivity,5,58,True,1.049791,valid chain of delegation,5,4234
07,chain_depth_sensitivity,5,59,True,1.030583,valid chain of delegation,5,4234
07,chain_depth_sensitivity,5,60,True,0.999833,valid chain of delegation,5,4234
07,chain_depth_sensitivity,5,61,True,0.998709,valid chain of delegation,5,4234
07,chain_depth_sensitivity,5,62,True,0.965667,valid chain of delegation,5,4234
07,chain_depth_sensitivity,5,63,True,1.008209,valid chain of delegation,5,4234
07,chain_depth_sensitivity,5,64,True,1.011208,valid chain of delegation,5,4234
07,chain_depth_sensitivity,5,65,True,0.9915,valid chain of delegation,5,4234
07,chain_depth_sensitivity,5,66,True,1.017667,valid chain of delegation,5,4234
07,chain_depth_sensitivity,5,67,True,0.9815,valid chain of delegation,5,4234
07,chain_depth_sensitivity,5,68,True,1.009667,valid chain of delegation,5,4234
07,chain_depth_sensitivity,5,69,True,1.101042,valid chain of delegation,5,4234
07,chain_depth_sensitivity,5,70,True,1.011083,valid chain of delegation,5,4234
07,chain_depth_sensitivity,5,71,True,0.97275,valid chain of delegation,5,4234
07,chain_depth_sensitivity,5,72,True,1.030375,valid chain of delegation,5,4234
07,chain_depth_sensitivity,5,73,True,0.978584,valid chain of delegation,5,4234
07,chain_depth_sensitivity,5,74,True,1.018209,valid chain of delegation,5,4234
07,chain_depth_sensitivity,5,75,True,0.985791,valid chain of delegation,5,4234
07,chain_depth_sensitivity,5,76,True,0.992333,valid chain of delegation,5,4234
07,chain_depth_sensitivity,5,77,True,0.982041,valid chain of delegation,5,4234
07,chain_depth_sensitivity,5,78,True,0.992958,valid chain of delegation,5,4234
07,chain_depth_sensitivity,5,79,True,0.993291,valid chain of delegation,5,4234
07,chain_depth_sensitivity,5,80,True,0.969917,valid chain of delegation,5,4234
07,chain_depth_sensitivity,5,81,True,1.014042,valid chain of delegation,5,4234
07,chain_depth_sensitivity,5,82,True,1.047459,valid chain of delegation,5,4234
07,chain_depth_sensitivity,5,83,True,0.988542,valid chain of delegation,5,4234
07,chain_depth_sensitivity,5,84,True,0.999792,valid chain of delegation,5,4234
07,chain_depth_sensitivity,5,85,True,0.952667,valid chain of delegation,5,4234
07,chain_depth_sensitivity,5,86,True,0.976166,valid chain of delegation,5,4234
07,chain_depth_sensitivity,5,87,True,1.02125,valid chain of delegation,5,4234
07,chain_depth_sensitivity,5,88,True,0.9975,valid chain of delegation,5,4234
07,chain_depth_sensitivity,5,89,True,1.007458,valid chain of delegation,5,4234
07,chain_depth_sensitivity,5,90,True,0.996125,valid chain of delegation,5,4234
07,chain_depth_sensitivity,5,91,True,1.016917,valid chain of delegation,5,4234
07,chain_depth_sensitivity,5,92,True,0.984291,valid chain of delegation,5,4234
07,chain_depth_sensitivity,5,93,True,0.946792,valid chain of delegation,5,4234
07,chain_depth_sensitivity,5,94,True,0.994,valid chain of delegation,5,4234
07,chain_depth_sensitivity,5,95,True,1.013709,valid chain of delegation,5,4234
07,chain_depth_sensitivity,5,96,True,0.951541,valid chain of delegation,5,4234
07,chain_depth_sensitivity,5,97,True,1.018708,valid chain of delegation,5,4234
07,chain_depth_sensitivity,5,98,True,0.999208,valid chain of delegation,5,4234
07,chain_depth_sensitivity,5,99,True,1.041375,valid chain of delegation,5,4234
07,chain_depth_sensitivity,5,100,True,0.968667,valid chain of delegation,5,4234
07,chain_depth_sensitivity,10,1,True,1.307292,valid chain of delegation,10,8538
07,chain_depth_sensitivity,10,2,True,1.324708,valid chain of delegation,10,8538
07,chain_depth_sensitivity,10,3,True,1.326375,valid chain of delegation,10,8538
07,chain_depth_sensitivity,10,4,True,1.310417,valid chain of delegation,10,8538
07,chain_depth_sensitivity,10,5,True,1.276125,valid chain of delegation,10,8538
07,chain_depth_sensitivity,10,6,True,1.347291,valid chain of delegation,10,8538
07,chain_depth_sensitivity,10,7,True,1.302375,valid chain of delegation,10,8538
07,chain_depth_sensitivity,10,8,True,1.291667,valid chain of delegation,10,8538
07,chain_depth_sensitivity,10,9,True,1.308208,valid chain of delegation,10,8538
07,chain_depth_sensitivity,10,10,True,1.298541,valid chain of delegation,10,8538
07,chain_depth_sensitivity,10,11,True,1.271916,valid chain of delegation,10,8538
07,chain_depth_sensitivity,10,12,True,1.279125,valid chain of delegation,10,8538
07,chain_depth_sensitivity,10,13,True,1.29125,valid chain of delegation,10,8538
07,chain_depth_sensitivity,10,14,True,1.291042,valid chain of delegation,10,8538
07,chain_depth_sensitivity,10,15,True,1.32475,valid chain of delegation,10,8538
07,chain_depth_sensitivity,10,16,True,1.336584,valid chain of delegation,10,8538
07,chain_depth_sensitivity,10,17,True,1.340042,valid chain of delegation,10,8538
07,chain_depth_sensitivity,10,18,True,1.35275,valid chain of delegation,10,8538
07,chain_depth_sensitivity,10,19,True,1.336208,valid chain of delegation,10,8538
07,chain_depth_sensitivity,10,20,True,1.2965,valid chain of delegation,10,8538
07,chain_depth_sensitivity,10,21,True,1.332708,valid chain of delegation,10,8538
07,chain_depth_sensitivity,10,22,True,1.26675,valid chain of delegation,10,8538
07,chain_depth_sensitivity,10,23,True,1.412208,valid chain of delegation,10,8538
07,chain_depth_sensitivity,10,24,True,1.3315,valid chain of delegation,10,8538
07,chain_depth_sensitivity,10,25,True,1.320875,valid chain of delegation,10,8538
07,chain_depth_sensitivity,10,26,True,1.286792,valid chain of delegation,10,8538
07,chain_depth_sensitivity,10,27,True,1.291917,valid chain of delegation,10,8538
07,chain_depth_sensitivity,10,28,True,1.335333,valid chain of delegation,10,8538
07,chain_depth_sensitivity,10,29,True,1.329458,valid chain of delegation,10,8538
07,chain_depth_sensitivity,10,30,True,1.366792,valid chain of delegation,10,8538
07,chain_depth_sensitivity,10,31,True,1.335667,valid chain of delegation,10,8538
07,chain_depth_sensitivity,10,32,True,1.347958,valid chain of delegation,10,8538
07,chain_depth_sensitivity,10,33,True,1.359208,valid chain of delegation,10,8538
07,chain_depth_sensitivity,10,34,True,1.317167,valid chain of delegation,10,8538
07,chain_depth_sensitivity,10,35,True,1.317417,valid chain of delegation,10,8538
07,chain_depth_sensitivity,10,36,True,1.340791,valid chain of delegation,10,8538
07,chain_depth_sensitivity,10,37,True,1.315166,valid chain of delegation,10,8538
07,chain_depth_sensitivity,10,38,True,1.295791,valid chain of delegation,10,8538
07,chain_depth_sensitivity,10,39,True,1.293334,valid chain of delegation,10,8538
07,chain_depth_sensitivity,10,40,True,1.314416,valid chain of delegation,10,8538
07,chain_depth_sensitivity,10,41,True,1.332708,valid chain of delegation,10,8538
07,chain_depth_sensitivity,10,42,True,1.2975,valid chain of delegation,10,8538
07,chain_depth_sensitivity,10,43,True,1.286917,valid chain of delegation,10,8538
07,chain_depth_sensitivity,10,44,True,1.282167,valid chain of delegation,10,8538
07,chain_depth_sensitivity,10,45,True,1.322917,valid chain of delegation,10,8538
07,chain_depth_sensitivity,10,46,True,1.287208,valid chain of delegation,10,8538
07,chain_depth_sensitivity,10,47,True,1.288166,valid chain of delegation,10,8538
07,chain_depth_sensitivity,10,48,True,1.272,valid chain of delegation,10,8538
07,chain_depth_sensitivity,10,49,True,1.289666,valid chain of delegation,10,8538
07,chain_depth_sensitivity,10,50,True,1.29625,valid chain of delegation,10,8538
07,chain_depth_sensitivity,10,51,True,1.281875,valid chain of delegation,10,8538
07,chain_depth_sensitivity,10,52,True,1.312958,valid chain of delegation,10,8538
07,chain_depth_sensitivity,10,53,True,1.353375,valid chain of delegation,10,8538
07,chain_depth_sensitivity,10,54,True,1.337,valid chain of delegation,10,8538
07,chain_depth_sensitivity,10,55,True,1.324583,valid chain of delegation,10,8538
07,chain_depth_sensitivity,10,56,True,1.307875,valid chain of delegation,10,8538
07,chain_depth_sensitivity,10,57,True,1.331916,valid chain of delegation,10,8538
07,chain_depth_sensitivity,10,58,True,1.35125,valid chain of delegation,10,8538
07,chain_depth_sensitivity,10,59,True,1.288625,valid chain of delegation,10,8538
07,chain_depth_sensitivity,10,60,True,1.336458,valid chain of delegation,10,8538
07,chain_depth_sensitivity,10,61,True,1.326209,valid chain of delegation,10,8538
07,chain_depth_sensitivity,10,62,True,1.311583,valid chain of delegation,10,8538
07,chain_depth_sensitivity,10,63,True,1.312416,valid chain of delegation,10,8538
07,chain_depth_sensitivity,10,64,True,1.354792,valid chain of delegation,10,8538
07,chain_depth_sensitivity,10,65,True,1.306584,valid chain of delegation,10,8538
07,chain_depth_sensitivity,10,66,True,1.297375,valid chain of delegation,10,8538
07,chain_depth_sensitivity,10,67,True,1.318291,valid chain of delegation,10,8538
07,chain_depth_sensitivity,10,68,True,1.298334,valid chain of delegation,10,8538
07,chain_depth_sensitivity,10,69,True,1.303709,valid chain of delegation,10,8538
07,chain_depth_sensitivity,10,70,True,1.305709,valid chain of delegation,10,8538
07,chain_depth_sensitivity,10,71,True,1.281375,valid chain of delegation,10,8538
07,chain_depth_sensitivity,10,72,True,1.319583,valid chain of delegation,10,8538
07,chain_depth_sensitivity,10,73,True,1.326083,valid chain of delegation,10,8538
07,chain_depth_sensitivity,10,74,True,1.295625,valid chain of delegation,10,8538
07,chain_depth_sensitivity,10,75,True,1.332167,valid chain of delegation,10,8538
07,chain_depth_sensitivity,10,76,True,1.331083,valid chain of delegation,10,8538
07,chain_depth_sensitivity,10,77,True,1.27875,valid chain of delegation,10,8538
07,chain_depth_sensitivity,10,78,True,1.333333,valid chain of delegation,10,8538
07,chain_depth_sensitivity,10,79,True,1.27925,valid chain of delegation,10,8538
07,chain_depth_sensitivity,10,80,True,1.316375,valid chain of delegation,10,8538
07,chain_depth_sensitivity,10,81,True,1.300417,valid chain of delegation,10,8538
07,chain_depth_sensitivity,10,82,True,1.343375,valid chain of delegation,10,8538
07,chain_depth_sensitivity,10,83,True,1.320084,valid chain of delegation,10,8538
07,chain_depth_sensitivity,10,84,True,1.29625,valid chain of delegation,10,8538
07,chain_depth_sensitivity,10,85,True,1.303,valid chain of delegation,10,8538
07,chain_depth_sensitivity,10,86,True,1.312,valid chain of delegation,10,8538
07,chain_depth_sensitivity,10,87,True,1.352916,valid chain of delegation,10,8538
07,chain_depth_sensitivity,10,88,True,1.343417,valid chain of delegation,10,8538
07,chain_depth_sensitivity,10,89,True,1.320584,valid chain of delegation,10,8538
07,chain_depth_sensitivity,10,90,True,1.284208,valid chain of delegation,10,8538
07,chain_depth_sensitivity,10,91,True,1.290083,valid chain of delegation,10,8538
07,chain_depth_sensitivity,10,92,True,1.291583,valid chain of delegation,10,8538
07,chain_depth_sensitivity,10,93,True,1.775,valid chain of delegation,10,8538
07,chain_depth_sensitivity,10,94,True,2.384375,valid chain of delegation,10,8538
07,chain_depth_sensitivity,10,95,True,1.795709,valid chain of delegation,10,8538
07,chain_depth_sensitivity,10,96,True,1.398084,valid chain of delegation,10,8538
07,chain_depth_sensitivity,10,97,True,1.390416,valid chain of delegation,10,8538
07,chain_depth_sensitivity,10,98,True,1.401709,valid chain of delegation,10,8538
07,chain_depth_sensitivity,10,99,True,1.509041,valid chain of delegation,10,8538
07,chain_depth_sensitivity,10,100,True,1.500625,valid chain of delegation,10,8538
08,chain_depth_sensitivity,1,1,True,0.802875,valid chain of delegation,1,826
08,chain_depth_sensitivity,1,2,True,0.746458,valid chain of delegation,1,826
08,chain_depth_sensitivity,1,3,True,0.795791,valid chain of delegation,1,826
08,chain_depth_sensitivity,1,4,True,0.744208,valid chain of delegation,1,826
08,chain_depth_sensitivity,1,5,True,0.772875,valid chain of delegation,1,826
08,chain_depth_sensitivity,1,6,True,3.707083,valid chain of delegation,1,826
08,chain_depth_sensitivity,1,7,True,0.774958,valid chain of delegation,1,826
08,chain_depth_sensitivity,1,8,True,0.74975,valid chain of delegation,1,826
08,chain_depth_sensitivity,1,9,True,0.753834,valid chain of delegation,1,826
08,chain_depth_sensitivity,1,10,True,0.742083,valid chain of delegation,1,826
08,chain_depth_sensitivity,1,11,True,0.748208,valid chain of delegation,1,826
08,chain_depth_sensitivity,1,12,True,0.748,valid chain of delegation,1,826
08,chain_depth_sensitivity,1,13,True,2.5975,valid chain of delegation,1,826
08,chain_depth_sensitivity,1,14,True,0.796792,valid chain of delegation,1,826
08,chain_depth_sensitivity,1,15,True,0.746292,valid chain of delegation,1,826
08,chain_depth_sensitivity,1,16,True,0.705792,valid chain of delegation,1,826
08,chain_depth_sensitivity,1,17,True,0.754292,valid chain of delegation,1,826
08,chain_depth_sensitivity,1,18,True,1.635208,valid chain of delegation,1,826
08,chain_depth_sensitivity,1,19,True,0.945875,valid chain of delegation,1,826
08,chain_depth_sensitivity,1,20,True,0.778916,valid chain of delegation,1,826
08,chain_depth_sensitivity,1,21,True,0.776083,valid chain of delegation,1,826
08,chain_depth_sensitivity,1,22,True,0.818416,valid chain of delegation,1,826
08,chain_depth_sensitivity,1,23,True,0.886959,valid chain of delegation,1,826
08,chain_depth_sensitivity,1,24,True,0.797875,valid chain of delegation,1,826
08,chain_depth_sensitivity,1,25,True,0.747625,valid chain of delegation,1,826
08,chain_depth_sensitivity,1,26,True,0.784208,valid chain of delegation,1,826
08,chain_depth_sensitivity,1,27,True,0.748042,valid chain of delegation,1,826
08,chain_depth_sensitivity,1,28,True,1.61975,valid chain of delegation,1,826
08,chain_depth_sensitivity,1,29,True,0.849917,valid chain of delegation,1,826
08,chain_depth_sensitivity,1,30,True,0.737708,valid chain of delegation,1,826
08,chain_depth_sensitivity,1,31,True,0.7485,valid chain of delegation,1,826
08,chain_depth_sensitivity,1,32,True,0.74025,valid chain of delegation,1,826
08,chain_depth_sensitivity,1,33,True,2.478375,valid chain of delegation,1,826
08,chain_depth_sensitivity,1,34,True,0.865292,valid chain of delegation,1,826
08,chain_depth_sensitivity,1,35,True,0.754916,valid chain of delegation,1,826
08,chain_depth_sensitivity,1,36,True,0.742125,valid chain of delegation,1,826
08,chain_depth_sensitivity,1,37,True,0.734375,valid chain of delegation,1,826
08,chain_depth_sensitivity,1,38,True,0.743333,valid chain of delegation,1,826
08,chain_depth_sensitivity,1,39,True,0.73525,valid chain of delegation,1,826
08,chain_depth_sensitivity,1,40,True,0.737791,valid chain of delegation,1,826
08,chain_depth_sensitivity,1,41,True,0.744708,valid chain of delegation,1,826
08,chain_depth_sensitivity,1,42,True,0.73325,valid chain of delegation,1,826
08,chain_depth_sensitivity,1,43,True,0.715292,valid chain of delegation,1,826
08,chain_depth_sensitivity,1,44,True,0.719291,valid chain of delegation,1,826
08,chain_depth_sensitivity,1,45,True,0.696959,valid chain of delegation,1,826
08,chain_depth_sensitivity,1,46,True,2.649875,valid chain of delegation,1,826
08,chain_depth_sensitivity,1,47,True,0.719708,valid chain of delegation,1,826
08,chain_depth_sensitivity,1,48,True,0.7105,valid chain of delegation,1,826
08,chain_depth_sensitivity,1,49,True,0.708834,valid chain of delegation,1,826
08,chain_depth_sensitivity,1,50,True,0.705625,valid chain of delegation,1,826
08,chain_depth_sensitivity,1,51,True,0.702,valid chain of delegation,1,826
08,chain_depth_sensitivity,1,52,True,0.711292,valid chain of delegation,1,826
08,chain_depth_sensitivity,1,53,True,0.723333,valid chain of delegation,1,826
08,chain_depth_sensitivity,1,54,True,0.700792,valid chain of delegation,1,826
08,chain_depth_sensitivity,1,55,True,0.79325,valid chain of delegation,1,826
08,chain_depth_sensitivity,1,56,True,0.736333,valid chain of delegation,1,826
08,chain_depth_sensitivity,1,57,True,0.719667,valid chain of delegation,1,826
08,chain_depth_sensitivity,1,58,True,0.699458,valid chain of delegation,1,826
08,chain_depth_sensitivity,1,59,True,3.05925,valid chain of delegation,1,826
08,chain_depth_sensitivity,1,60,True,0.710625,valid chain of delegation,1,826
08,chain_depth_sensitivity,1,61,True,0.712458,valid chain of delegation,1,826
08,chain_depth_sensitivity,1,62,True,0.709458,valid chain of delegation,1,826
08,chain_depth_sensitivity,1,63,True,0.710042,valid chain of delegation,1,826
08,chain_depth_sensitivity,1,64,True,0.666625,valid chain of delegation,1,826
08,chain_depth_sensitivity,1,65,True,0.691583,valid chain of delegation,1,826
08,chain_depth_sensitivity,1,66,True,0.673291,valid chain of delegation,1,826
08,chain_depth_sensitivity,1,67,True,0.680917,valid chain of delegation,1,826
08,chain_depth_sensitivity,1,68,True,0.693334,valid chain of delegation,1,826
08,chain_depth_sensitivity,1,69,True,0.675,valid chain of delegation,1,826
08,chain_depth_sensitivity,1,70,True,0.69725,valid chain of delegation,1,826
08,chain_depth_sensitivity,1,71,True,0.663209,valid chain of delegation,1,826
08,chain_depth_sensitivity,1,72,True,0.699291,valid chain of delegation,1,826
08,chain_depth_sensitivity,1,73,True,0.730208,valid chain of delegation,1,826
08,chain_depth_sensitivity,1,74,True,0.735958,valid chain of delegation,1,826
08,chain_depth_sensitivity,1,75,True,0.690833,valid chain of delegation,1,826
08,chain_depth_sensitivity,1,76,True,0.684833,valid chain of delegation,1,826
08,chain_depth_sensitivity,1,77,True,0.711166,valid chain of delegation,1,826
08,chain_depth_sensitivity,1,78,True,1.5665,valid chain of delegation,1,826
08,chain_depth_sensitivity,1,79,True,0.702084,valid chain of delegation,1,826
08,chain_depth_sensitivity,1,80,True,0.760958,valid chain of delegation,1,826
08,chain_depth_sensitivity,1,81,True,0.762,valid chain of delegation,1,826
08,chain_depth_sensitivity,1,82,True,0.784417,valid chain of delegation,1,826
08,chain_depth_sensitivity,1,83,True,0.736083,valid chain of delegation,1,826
08,chain_depth_sensitivity,1,84,True,0.694667,valid chain of delegation,1,826
08,chain_depth_sensitivity,1,85,True,0.700125,valid chain of delegation,1,826
08,chain_depth_sensitivity,1,86,True,0.73525,valid chain of delegation,1,826
08,chain_depth_sensitivity,1,87,True,0.701959,valid chain of delegation,1,826
08,chain_depth_sensitivity,1,88,True,1.012459,valid chain of delegation,1,826
08,chain_depth_sensitivity,1,89,True,1.394125,valid chain of delegation,1,826
08,chain_depth_sensitivity,1,90,True,1.020167,valid chain of delegation,1,826
08,chain_depth_sensitivity,1,91,True,0.880375,valid chain of delegation,1,826
08,chain_depth_sensitivity,1,92,True,0.81925,valid chain of delegation,1,826
08,chain_depth_sensitivity,1,93,True,0.752,valid chain of delegation,1,826
08,chain_depth_sensitivity,1,94,True,0.736625,valid chain of delegation,1,826
08,chain_depth_sensitivity,1,95,True,0.741833,valid chain of delegation,1,826
08,chain_depth_sensitivity,1,96,True,0.779792,valid chain of delegation,1,826
08,chain_depth_sensitivity,1,97,True,0.739333,valid chain of delegation,1,826
08,chain_depth_sensitivity,1,98,True,0.755958,valid chain of delegation,1,826
08,chain_depth_sensitivity,1,99,True,0.776417,valid chain of delegation,1,826
08,chain_depth_sensitivity,1,100,True,0.79575,valid chain of delegation,1,826
08,chain_depth_sensitivity,2,1,True,1.507375,valid chain of delegation,2,1678
08,chain_depth_sensitivity,2,2,True,0.923625,valid chain of delegation,2,1678
08,chain_depth_sensitivity,2,3,True,0.893709,valid chain of delegation,2,1678
08,chain_depth_sensitivity,2,4,True,0.867875,valid chain of delegation,2,1678
08,chain_depth_sensitivity,2,5,True,0.826083,valid chain of delegation,2,1678
08,chain_depth_sensitivity,2,6,True,0.891458,valid chain of delegation,2,1678
08,chain_depth_sensitivity,2,7,True,0.849458,valid chain of delegation,2,1678
08,chain_depth_sensitivity,2,8,True,0.790291,valid chain of delegation,2,1678
08,chain_depth_sensitivity,2,9,True,0.837292,valid chain of delegation,2,1678
08,chain_depth_sensitivity,2,10,True,0.809208,valid chain of delegation,2,1678
08,chain_depth_sensitivity,2,11,True,0.817417,valid chain of delegation,2,1678
08,chain_depth_sensitivity,2,12,True,0.865541,valid chain of delegation,2,1678
08,chain_depth_sensitivity,2,13,True,0.797542,valid chain of delegation,2,1678
08,chain_depth_sensitivity,2,14,True,0.818,valid chain of delegation,2,1678
08,chain_depth_sensitivity,2,15,True,0.816875,valid chain of delegation,2,1678
08,chain_depth_sensitivity,2,16,True,0.812791,valid chain of delegation,2,1678
08,chain_depth_sensitivity,2,17,True,0.787958,valid chain of delegation,2,1678
08,chain_depth_sensitivity,2,18,True,0.76325,valid chain of delegation,2,1678
08,chain_depth_sensitivity,2,19,True,0.757875,valid chain of delegation,2,1678
08,chain_depth_sensitivity,2,20,True,0.764833,valid chain of delegation,2,1678
08,chain_depth_sensitivity,2,21,True,0.814833,valid chain of delegation,2,1678
08,chain_depth_sensitivity,2,22,True,0.808583,valid chain of delegation,2,1678
08,chain_depth_sensitivity,2,23,True,0.769917,valid chain of delegation,2,1678
08,chain_depth_sensitivity,2,24,True,0.762541,valid chain of delegation,2,1678
08,chain_depth_sensitivity,2,25,True,0.816834,valid chain of delegation,2,1678
08,chain_depth_sensitivity,2,26,True,0.751917,valid chain of delegation,2,1678
08,chain_depth_sensitivity,2,27,True,0.78175,valid chain of delegation,2,1678
08,chain_depth_sensitivity,2,28,True,0.770167,valid chain of delegation,2,1678
08,chain_depth_sensitivity,2,29,True,0.786625,valid chain of delegation,2,1678
08,chain_depth_sensitivity,2,30,True,0.781875,valid chain of delegation,2,1678
08,chain_depth_sensitivity,2,31,True,0.741667,valid chain of delegation,2,1678
08,chain_depth_sensitivity,2,32,True,0.749333,valid chain of delegation,2,1678
08,chain_depth_sensitivity,2,33,True,0.83375,valid chain of delegation,2,1678
08,chain_depth_sensitivity,2,34,True,0.808125,valid chain of delegation,2,1678
08,chain_depth_sensitivity,2,35,True,0.783584,valid chain of delegation,2,1678
08,chain_depth_sensitivity,2,36,True,0.758417,valid chain of delegation,2,1678
08,chain_depth_sensitivity,2,37,True,0.794,valid chain of delegation,2,1678
08,chain_depth_sensitivity,2,38,True,0.778708,valid chain of delegation,2,1678
08,chain_depth_sensitivity,2,39,True,0.749833,valid chain of delegation,2,1678
08,chain_depth_sensitivity,2,40,True,0.808625,valid chain of delegation,2,1678
08,chain_depth_sensitivity,2,41,True,0.801458,valid chain of delegation,2,1678
08,chain_depth_sensitivity,2,42,True,0.796417,valid chain of delegation,2,1678
08,chain_depth_sensitivity,2,43,True,0.750375,valid chain of delegation,2,1678
08,chain_depth_sensitivity,2,44,True,0.773542,valid chain of delegation,2,1678
08,chain_depth_sensitivity,2,45,True,0.772542,valid chain of delegation,2,1678
08,chain_depth_sensitivity,2,46,True,0.741375,valid chain of delegation,2,1678
08,chain_depth_sensitivity,2,47,True,0.789417,valid chain of delegation,2,1678
08,chain_depth_sensitivity,2,48,True,0.759292,valid chain of delegation,2,1678
08,chain_depth_sensitivity,2,49,True,0.770541,valid chain of delegation,2,1678
08,chain_depth_sensitivity,2,50,True,0.778917,valid chain of delegation,2,1678
08,chain_depth_sensitivity,2,51,True,0.760042,valid chain of delegation,2,1678
08,chain_depth_sensitivity,2,52,True,0.738667,valid chain of delegation,2,1678
08,chain_depth_sensitivity,2,53,True,0.770334,valid chain of delegation,2,1678
08,chain_depth_sensitivity,2,54,True,0.784042,valid chain of delegation,2,1678
08,chain_depth_sensitivity,2,55,True,0.75325,valid chain of delegation,2,1678
08,chain_depth_sensitivity,2,56,True,0.756542,valid chain of delegation,2,1678
08,chain_depth_sensitivity,2,57,True,0.901292,valid chain of delegation,2,1678
08,chain_depth_sensitivity,2,58,True,0.775541,valid chain of delegation,2,1678
08,chain_depth_sensitivity,2,59,True,0.734,valid chain of delegation,2,1678
08,chain_depth_sensitivity,2,60,True,0.797458,valid chain of delegation,2,1678
08,chain_depth_sensitivity,2,61,True,0.815791,valid chain of delegation,2,1678
08,chain_depth_sensitivity,2,62,True,0.75175,valid chain of delegation,2,1678
08,chain_depth_sensitivity,2,63,True,0.8125,valid chain of delegation,2,1678
08,chain_depth_sensitivity,2,64,True,0.81925,valid chain of delegation,2,1678
08,chain_depth_sensitivity,2,65,True,0.785709,valid chain of delegation,2,1678
08,chain_depth_sensitivity,2,66,True,0.7635,valid chain of delegation,2,1678
08,chain_depth_sensitivity,2,67,True,0.738792,valid chain of delegation,2,1678
08,chain_depth_sensitivity,2,68,True,0.792,valid chain of delegation,2,1678
08,chain_depth_sensitivity,2,69,True,0.79275,valid chain of delegation,2,1678
08,chain_depth_sensitivity,2,70,True,0.840959,valid chain of delegation,2,1678
08,chain_depth_sensitivity,2,71,True,0.876083,valid chain of delegation,2,1678
08,chain_depth_sensitivity,2,72,True,0.786042,valid chain of delegation,2,1678
08,chain_depth_sensitivity,2,73,True,0.818,valid chain of delegation,2,1678
08,chain_depth_sensitivity,2,74,True,0.807917,valid chain of delegation,2,1678
08,chain_depth_sensitivity,2,75,True,0.755542,valid chain of delegation,2,1678
08,chain_depth_sensitivity,2,76,True,0.757167,valid chain of delegation,2,1678
08,chain_depth_sensitivity,2,77,True,0.829917,valid chain of delegation,2,1678
08,chain_depth_sensitivity,2,78,True,0.832167,valid chain of delegation,2,1678
08,chain_depth_sensitivity,2,79,True,0.817208,valid chain of delegation,2,1678
08,chain_depth_sensitivity,2,80,True,0.800417,valid chain of delegation,2,1678
08,chain_depth_sensitivity,2,81,True,0.787917,valid chain of delegation,2,1678
08,chain_depth_sensitivity,2,82,True,0.769209,valid chain of delegation,2,1678
08,chain_depth_sensitivity,2,83,True,0.792042,valid chain of delegation,2,1678
08,chain_depth_sensitivity,2,84,True,0.797875,valid chain of delegation,2,1678
08,chain_depth_sensitivity,2,85,True,0.803833,valid chain of delegation,2,1678
08,chain_depth_sensitivity,2,86,True,0.766583,valid chain of delegation,2,1678
08,chain_depth_sensitivity,2,87,True,0.813667,valid chain of delegation,2,1678
08,chain_depth_sensitivity,2,88,True,0.814417,valid chain of delegation,2,1678
08,chain_depth_sensitivity,2,89,True,0.797667,valid chain of delegation,2,1678
08,chain_depth_sensitivity,2,90,True,0.8315,valid chain of delegation,2,1678
08,chain_depth_sensitivity,2,91,True,0.798709,valid chain of delegation,2,1678
08,chain_depth_sensitivity,2,92,True,0.791292,valid chain of delegation,2,1678
08,chain_depth_sensitivity,2,93,True,0.800584,valid chain of delegation,2,1678
08,chain_depth_sensitivity,2,94,True,0.777459,valid chain of delegation,2,1678
08,chain_depth_sensitivity,2,95,True,0.754375,valid chain of delegation,2,1678
08,chain_depth_sensitivity,2,96,True,0.821625,valid chain of delegation,2,1678
08,chain_depth_sensitivity,2,97,True,0.782458,valid chain of delegation,2,1678
08,chain_depth_sensitivity,2,98,True,0.794,valid chain of delegation,2,1678
08,chain_depth_sensitivity,2,99,True,0.816667,valid chain of delegation,2,1678
08,chain_depth_sensitivity,2,100,True,0.836041,valid chain of delegation,2,1678
08,chain_depth_sensitivity,3,1,True,0.865583,valid chain of delegation,3,2530
08,chain_depth_sensitivity,3,2,True,0.873709,valid chain of delegation,3,2530
08,chain_depth_sensitivity,3,3,True,0.865375,valid chain of delegation,3,2530
08,chain_depth_sensitivity,3,4,True,0.852625,valid chain of delegation,3,2530
08,chain_depth_sensitivity,3,5,True,0.874375,valid chain of delegation,3,2530
08,chain_depth_sensitivity,3,6,True,0.816583,valid chain of delegation,3,2530
08,chain_depth_sensitivity,3,7,True,0.860125,valid chain of delegation,3,2530
08,chain_depth_sensitivity,3,8,True,0.847625,valid chain of delegation,3,2530
08,chain_depth_sensitivity,3,9,True,0.833417,valid chain of delegation,3,2530
08,chain_depth_sensitivity,3,10,True,0.863458,valid chain of delegation,3,2530
08,chain_depth_sensitivity,3,11,True,0.886333,valid chain of delegation,3,2530
08,chain_depth_sensitivity,3,12,True,0.837291,valid chain of delegation,3,2530
08,chain_depth_sensitivity,3,13,True,0.852375,valid chain of delegation,3,2530
08,chain_depth_sensitivity,3,14,True,0.846375,valid chain of delegation,3,2530
08,chain_depth_sensitivity,3,15,True,0.813667,valid chain of delegation,3,2530
08,chain_depth_sensitivity,3,16,True,0.811292,valid chain of delegation,3,2530
08,chain_depth_sensitivity,3,17,True,0.802166,valid chain of delegation,3,2530
08,chain_depth_sensitivity,3,18,True,0.857667,valid chain of delegation,3,2530
08,chain_depth_sensitivity,3,19,True,0.864167,valid chain of delegation,3,2530
08,chain_depth_sensitivity,3,20,True,0.875833,valid chain of delegation,3,2530
08,chain_depth_sensitivity,3,21,True,0.853333,valid chain of delegation,3,2530
08,chain_depth_sensitivity,3,22,True,0.891125,valid chain of delegation,3,2530
08,chain_depth_sensitivity,3,23,True,0.878917,valid chain of delegation,3,2530
08,chain_depth_sensitivity,3,24,True,0.848916,valid chain of delegation,3,2530
08,chain_depth_sensitivity,3,25,True,0.849709,valid chain of delegation,3,2530
08,chain_depth_sensitivity,3,26,True,0.850416,valid chain of delegation,3,2530
08,chain_depth_sensitivity,3,27,True,0.850042,valid chain of delegation,3,2530
08,chain_depth_sensitivity,3,28,True,0.852709,valid chain of delegation,3,2530
08,chain_depth_sensitivity,3,29,True,0.852583,valid chain of delegation,3,2530
08,chain_depth_sensitivity,3,30,True,0.876375,valid chain of delegation,3,2530
08,chain_depth_sensitivity,3,31,True,0.879042,valid chain of delegation,3,2530
08,chain_depth_sensitivity,3,32,True,0.864166,valid chain of delegation,3,2530
08,chain_depth_sensitivity,3,33,True,0.872916,valid chain of delegation,3,2530
08,chain_depth_sensitivity,3,34,True,0.89875,valid chain of delegation,3,2530
08,chain_depth_sensitivity,3,35,True,0.8435,valid chain of delegation,3,2530
08,chain_depth_sensitivity,3,36,True,0.857375,valid chain of delegation,3,2530
08,chain_depth_sensitivity,3,37,True,0.871791,valid chain of delegation,3,2530
08,chain_depth_sensitivity,3,38,True,0.847458,valid chain of delegation,3,2530
08,chain_depth_sensitivity,3,39,True,0.840209,valid chain of delegation,3,2530
08,chain_depth_sensitivity,3,40,True,0.868833,valid chain of delegation,3,2530
08,chain_depth_sensitivity,3,41,True,0.8205,valid chain of delegation,3,2530
08,chain_depth_sensitivity,3,42,True,0.85175,valid chain of delegation,3,2530
08,chain_depth_sensitivity,3,43,True,0.854208,valid chain of delegation,3,2530
08,chain_depth_sensitivity,3,44,True,0.852416,valid chain of delegation,3,2530
08,chain_depth_sensitivity,3,45,True,0.849209,valid chain of delegation,3,2530
08,chain_depth_sensitivity,3,46,True,0.844875,valid chain of delegation,3,2530
08,chain_depth_sensitivity,3,47,True,0.865458,valid chain of delegation,3,2530
08,chain_depth_sensitivity,3,48,True,0.878625,valid chain of delegation,3,2530
08,chain_depth_sensitivity,3,49,True,0.860708,valid chain of delegation,3,2530
08,chain_depth_sensitivity,3,50,True,0.886417,valid chain of delegation,3,2530
08,chain_depth_sensitivity,3,51,True,0.835875,valid chain of delegation,3,2530
08,chain_depth_sensitivity,3,52,True,0.838625,valid chain of delegation,3,2530
08,chain_depth_sensitivity,3,53,True,0.918,valid chain of delegation,3,2530
08,chain_depth_sensitivity,3,54,True,0.90325,valid chain of delegation,3,2530
08,chain_depth_sensitivity,3,55,True,0.876917,valid chain of delegation,3,2530
08,chain_depth_sensitivity,3,56,True,0.861625,valid chain of delegation,3,2530
08,chain_depth_sensitivity,3,57,True,0.829834,valid chain of delegation,3,2530
08,chain_depth_sensitivity,3,58,True,0.849791,valid chain of delegation,3,2530
08,chain_depth_sensitivity,3,59,True,0.887625,valid chain of delegation,3,2530
08,chain_depth_sensitivity,3,60,True,0.840334,valid chain of delegation,3,2530
08,chain_depth_sensitivity,3,61,True,0.867958,valid chain of delegation,3,2530
08,chain_depth_sensitivity,3,62,True,0.856625,valid chain of delegation,3,2530
08,chain_depth_sensitivity,3,63,True,0.849667,valid chain of delegation,3,2530
08,chain_depth_sensitivity,3,64,True,0.834084,valid chain of delegation,3,2530
08,chain_depth_sensitivity,3,65,True,0.860875,valid chain of delegation,3,2530
08,chain_depth_sensitivity,3,66,True,0.832333,valid chain of delegation,3,2530
08,chain_depth_sensitivity,3,67,True,0.839333,valid chain of delegation,3,2530
08,chain_depth_sensitivity,3,68,True,0.834375,valid chain of delegation,3,2530
08,chain_depth_sensitivity,3,69,True,0.849833,valid chain of delegation,3,2530
08,chain_depth_sensitivity,3,70,True,0.845917,valid chain of delegation,3,2530
08,chain_depth_sensitivity,3,71,True,0.852125,valid chain of delegation,3,2530
08,chain_depth_sensitivity,3,72,True,0.858,valid chain of delegation,3,2530
08,chain_depth_sensitivity,3,73,True,0.838958,valid chain of delegation,3,2530
08,chain_depth_sensitivity,3,74,True,0.862583,valid chain of delegation,3,2530
08,chain_depth_sensitivity,3,75,True,0.81925,valid chain of delegation,3,2530
08,chain_depth_sensitivity,3,76,True,0.798,valid chain of delegation,3,2530
08,chain_depth_sensitivity,3,77,True,0.864625,valid chain of delegation,3,2530
08,chain_depth_sensitivity,3,78,True,0.860542,valid chain of delegation,3,2530
08,chain_depth_sensitivity,3,79,True,0.841458,valid chain of delegation,3,2530
08,chain_depth_sensitivity,3,80,True,0.831125,valid chain of delegation,3,2530
08,chain_depth_sensitivity,3,81,True,0.816167,valid chain of delegation,3,2530
08,chain_depth_sensitivity,3,82,True,0.839417,valid chain of delegation,3,2530
08,chain_depth_sensitivity,3,83,True,0.864958,valid chain of delegation,3,2530
08,chain_depth_sensitivity,3,84,True,0.839209,valid chain of delegation,3,2530
08,chain_depth_sensitivity,3,85,True,0.8365,valid chain of delegation,3,2530
08,chain_depth_sensitivity,3,86,True,0.828875,valid chain of delegation,3,2530
08,chain_depth_sensitivity,3,87,True,0.849208,valid chain of delegation,3,2530
08,chain_depth_sensitivity,3,88,True,0.823708,valid chain of delegation,3,2530
08,chain_depth_sensitivity,3,89,True,0.839292,valid chain of delegation,3,2530
08,chain_depth_sensitivity,3,90,True,0.874875,valid chain of delegation,3,2530
08,chain_depth_sensitivity,3,91,True,0.864791,valid chain of delegation,3,2530
08,chain_depth_sensitivity,3,92,True,0.875083,valid chain of delegation,3,2530
08,chain_depth_sensitivity,3,93,True,0.8345,valid chain of delegation,3,2530
08,chain_depth_sensitivity,3,94,True,0.855875,valid chain of delegation,3,2530
08,chain_depth_sensitivity,3,95,True,0.827959,valid chain of delegation,3,2530
08,chain_depth_sensitivity,3,96,True,0.855083,valid chain of delegation,3,2530
08,chain_depth_sensitivity,3,97,True,0.839416,valid chain of delegation,3,2530
08,chain_depth_sensitivity,3,98,True,0.821,valid chain of delegation,3,2530
08,chain_depth_sensitivity,3,99,True,0.842209,valid chain of delegation,3,2530
08,chain_depth_sensitivity,3,100,True,0.840542,valid chain of delegation,3,2530
08,chain_depth_sensitivity,5,1,True,0.973,valid chain of delegation,5,4234
08,chain_depth_sensitivity,5,2,True,0.92,valid chain of delegation,5,4234
08,chain_depth_sensitivity,5,3,True,0.943625,valid chain of delegation,5,4234
08,chain_depth_sensitivity,5,4,True,0.962459,valid chain of delegation,5,4234
08,chain_depth_sensitivity,5,5,True,0.995042,valid chain of delegation,5,4234
08,chain_depth_sensitivity,5,6,True,0.965333,valid chain of delegation,5,4234
08,chain_depth_sensitivity,5,7,True,0.961417,valid chain of delegation,5,4234
08,chain_depth_sensitivity,5,8,True,0.999875,valid chain of delegation,5,4234
08,chain_depth_sensitivity,5,9,True,0.987834,valid chain of delegation,5,4234
08,chain_depth_sensitivity,5,10,True,1.013834,valid chain of delegation,5,4234
08,chain_depth_sensitivity,5,11,True,1.017625,valid chain of delegation,5,4234
08,chain_depth_sensitivity,5,12,True,1.015042,valid chain of delegation,5,4234
08,chain_depth_sensitivity,5,13,True,1.681916,valid chain of delegation,5,4234
08,chain_depth_sensitivity,5,14,True,1.035875,valid chain of delegation,5,4234
08,chain_depth_sensitivity,5,15,True,0.983834,valid chain of delegation,5,4234
08,chain_depth_sensitivity,5,16,True,0.990166,valid chain of delegation,5,4234
08,chain_depth_sensitivity,5,17,True,0.965709,valid chain of delegation,5,4234
08,chain_depth_sensitivity,5,18,True,0.930209,valid chain of delegation,5,4234
08,chain_depth_sensitivity,5,19,True,0.949292,valid chain of delegation,5,4234
08,chain_depth_sensitivity,5,20,True,0.973792,valid chain of delegation,5,4234
08,chain_depth_sensitivity,5,21,True,0.973917,valid chain of delegation,5,4234
08,chain_depth_sensitivity,5,22,True,0.944,valid chain of delegation,5,4234
08,chain_depth_sensitivity,5,23,True,1.004333,valid chain of delegation,5,4234
08,chain_depth_sensitivity,5,24,True,0.981834,valid chain of delegation,5,4234
08,chain_depth_sensitivity,5,25,True,0.979209,valid chain of delegation,5,4234
08,chain_depth_sensitivity,5,26,True,0.959625,valid chain of delegation,5,4234
08,chain_depth_sensitivity,5,27,True,0.984583,valid chain of delegation,5,4234
08,chain_depth_sensitivity,5,28,True,0.946333,valid chain of delegation,5,4234
08,chain_depth_sensitivity,5,29,True,0.964458,valid chain of delegation,5,4234
08,chain_depth_sensitivity,5,30,True,0.966542,valid chain of delegation,5,4234
08,chain_depth_sensitivity,5,31,True,0.997542,valid chain of delegation,5,4234
08,chain_depth_sensitivity,5,32,True,0.966583,valid chain of delegation,5,4234
08,chain_depth_sensitivity,5,33,True,0.967458,valid chain of delegation,5,4234
08,chain_depth_sensitivity,5,34,True,0.967333,valid chain of delegation,5,4234
08,chain_depth_sensitivity,5,35,True,0.973,valid chain of delegation,5,4234
08,chain_depth_sensitivity,5,36,True,1.004458,valid chain of delegation,5,4234
08,chain_depth_sensitivity,5,37,True,1.018875,valid chain of delegation,5,4234
08,chain_depth_sensitivity,5,38,True,1.04275,valid chain of delegation,5,4234
08,chain_depth_sensitivity,5,39,True,1.061917,valid chain of delegation,5,4234
08,chain_depth_sensitivity,5,40,True,0.985834,valid chain of delegation,5,4234
08,chain_depth_sensitivity,5,41,True,1.021917,valid chain of delegation,5,4234
08,chain_depth_sensitivity,5,42,True,0.98125,valid chain of delegation,5,4234
08,chain_depth_sensitivity,5,43,True,0.976042,valid chain of delegation,5,4234
08,chain_depth_sensitivity,5,44,True,0.980666,valid chain of delegation,5,4234
08,chain_depth_sensitivity,5,45,True,0.948833,valid chain of delegation,5,4234
08,chain_depth_sensitivity,5,46,True,0.99,valid chain of delegation,5,4234
08,chain_depth_sensitivity,5,47,True,0.946458,valid chain of delegation,5,4234
08,chain_depth_sensitivity,5,48,True,0.986875,valid chain of delegation,5,4234
08,chain_depth_sensitivity,5,49,True,0.922334,valid chain of delegation,5,4234
08,chain_depth_sensitivity,5,50,True,0.994708,valid chain of delegation,5,4234
08,chain_depth_sensitivity,5,51,True,0.988667,valid chain of delegation,5,4234
08,chain_depth_sensitivity,5,52,True,0.969875,valid chain of delegation,5,4234
08,chain_depth_sensitivity,5,53,True,0.957458,valid chain of delegation,5,4234
08,chain_depth_sensitivity,5,54,True,0.94725,valid chain of delegation,5,4234
08,chain_depth_sensitivity,5,55,True,0.956917,valid chain of delegation,5,4234
08,chain_depth_sensitivity,5,56,True,0.960084,valid chain of delegation,5,4234
08,chain_depth_sensitivity,5,57,True,0.961958,valid chain of delegation,5,4234
08,chain_depth_sensitivity,5,58,True,0.942958,valid chain of delegation,5,4234
08,chain_depth_sensitivity,5,59,True,0.938542,valid chain of delegation,5,4234
08,chain_depth_sensitivity,5,60,True,0.934833,valid chain of delegation,5,4234
08,chain_depth_sensitivity,5,61,True,0.984333,valid chain of delegation,5,4234
08,chain_depth_sensitivity,5,62,True,0.926875,valid chain of delegation,5,4234
08,chain_depth_sensitivity,5,63,True,0.994709,valid chain of delegation,5,4234
08,chain_depth_sensitivity,5,64,True,0.970583,valid chain of delegation,5,4234
08,chain_depth_sensitivity,5,65,True,0.983791,valid chain of delegation,5,4234
08,chain_depth_sensitivity,5,66,True,0.9485,valid chain of delegation,5,4234
08,chain_depth_sensitivity,5,67,True,0.969375,valid chain of delegation,5,4234
08,chain_depth_sensitivity,5,68,True,0.949625,valid chain of delegation,5,4234
08,chain_depth_sensitivity,5,69,True,0.962542,valid chain of delegation,5,4234
08,chain_depth_sensitivity,5,70,True,0.962708,valid chain of delegation,5,4234
08,chain_depth_sensitivity,5,71,True,0.997541,valid chain of delegation,5,4234
08,chain_depth_sensitivity,5,72,True,0.988541,valid chain of delegation,5,4234
08,chain_depth_sensitivity,5,73,True,0.978042,valid chain of delegation,5,4234
08,chain_depth_sensitivity,5,74,True,0.982167,valid chain of delegation,5,4234
08,chain_depth_sensitivity,5,75,True,0.94275,valid chain of delegation,5,4234
08,chain_depth_sensitivity,5,76,True,0.965667,valid chain of delegation,5,4234
08,chain_depth_sensitivity,5,77,True,0.951083,valid chain of delegation,5,4234
08,chain_depth_sensitivity,5,78,True,0.947166,valid chain of delegation,5,4234
08,chain_depth_sensitivity,5,79,True,0.92675,valid chain of delegation,5,4234
08,chain_depth_sensitivity,5,80,True,0.933708,valid chain of delegation,5,4234
08,chain_depth_sensitivity,5,81,True,0.941167,valid chain of delegation,5,4234
08,chain_depth_sensitivity,5,82,True,0.978041,valid chain of delegation,5,4234
08,chain_depth_sensitivity,5,83,True,0.950209,valid chain of delegation,5,4234
08,chain_depth_sensitivity,5,84,True,0.998333,valid chain of delegation,5,4234
08,chain_depth_sensitivity,5,85,True,0.96025,valid chain of delegation,5,4234
08,chain_depth_sensitivity,5,86,True,0.9675,valid chain of delegation,5,4234
08,chain_depth_sensitivity,5,87,True,0.948208,valid chain of delegation,5,4234
08,chain_depth_sensitivity,5,88,True,0.943667,valid chain of delegation,5,4234
08,chain_depth_sensitivity,5,89,True,0.99175,valid chain of delegation,5,4234
08,chain_depth_sensitivity,5,90,True,0.970583,valid chain of delegation,5,4234
08,chain_depth_sensitivity,5,91,True,0.945875,valid chain of delegation,5,4234
08,chain_depth_sensitivity,5,92,True,0.927625,valid chain of delegation,5,4234
08,chain_depth_sensitivity,5,93,True,0.964541,valid chain of delegation,5,4234
08,chain_depth_sensitivity,5,94,True,0.968875,valid chain of delegation,5,4234
08,chain_depth_sensitivity,5,95,True,0.960667,valid chain of delegation,5,4234
08,chain_depth_sensitivity,5,96,True,0.939375,valid chain of delegation,5,4234
08,chain_depth_sensitivity,5,97,True,1.018666,valid chain of delegation,5,4234
08,chain_depth_sensitivity,5,98,True,0.970041,valid chain of delegation,5,4234
08,chain_depth_sensitivity,5,99,True,0.97775,valid chain of delegation,5,4234
08,chain_depth_sensitivity,5,100,True,0.9735,valid chain of delegation,5,4234
08,chain_depth_sensitivity,10,1,True,1.344584,valid chain of delegation,10,8538
08,chain_depth_sensitivity,10,2,True,1.32,valid chain of delegation,10,8538
08,chain_depth_sensitivity,10,3,True,1.399334,valid chain of delegation,10,8538
08,chain_depth_sensitivity,10,4,True,1.315375,valid chain of delegation,10,8538
08,chain_depth_sensitivity,10,5,True,1.303083,valid chain of delegation,10,8538
08,chain_depth_sensitivity,10,6,True,1.326792,valid chain of delegation,10,8538
08,chain_depth_sensitivity,10,7,True,1.352667,valid chain of delegation,10,8538
08,chain_depth_sensitivity,10,8,True,1.317375,valid chain of delegation,10,8538
08,chain_depth_sensitivity,10,9,True,1.309459,valid chain of delegation,10,8538
08,chain_depth_sensitivity,10,10,True,1.292042,valid chain of delegation,10,8538
08,chain_depth_sensitivity,10,11,True,1.347584,valid chain of delegation,10,8538
08,chain_depth_sensitivity,10,12,True,1.346,valid chain of delegation,10,8538
08,chain_depth_sensitivity,10,13,True,1.316208,valid chain of delegation,10,8538
08,chain_depth_sensitivity,10,14,True,1.313958,valid chain of delegation,10,8538
08,chain_depth_sensitivity,10,15,True,1.35075,valid chain of delegation,10,8538
08,chain_depth_sensitivity,10,16,True,1.309208,valid chain of delegation,10,8538
08,chain_depth_sensitivity,10,17,True,1.316167,valid chain of delegation,10,8538
08,chain_depth_sensitivity,10,18,True,1.285291,valid chain of delegation,10,8538
08,chain_depth_sensitivity,10,19,True,1.349333,valid chain of delegation,10,8538
08,chain_depth_sensitivity,10,20,True,1.303333,valid chain of delegation,10,8538
08,chain_depth_sensitivity,10,21,True,1.298042,valid chain of delegation,10,8538
08,chain_depth_sensitivity,10,22,True,1.295625,valid chain of delegation,10,8538
08,chain_depth_sensitivity,10,23,True,1.308375,valid chain of delegation,10,8538
08,chain_depth_sensitivity,10,24,True,1.325209,valid chain of delegation,10,8538
08,chain_depth_sensitivity,10,25,True,1.363959,valid chain of delegation,10,8538
08,chain_depth_sensitivity,10,26,True,1.31275,valid chain of delegation,10,8538
08,chain_depth_sensitivity,10,27,True,1.319167,valid chain of delegation,10,8538
08,chain_depth_sensitivity,10,28,True,1.295292,valid chain of delegation,10,8538
08,chain_depth_sensitivity,10,29,True,1.307584,valid chain of delegation,10,8538
08,chain_depth_sensitivity,10,30,True,1.314917,valid chain of delegation,10,8538
08,chain_depth_sensitivity,10,31,True,1.290458,valid chain of delegation,10,8538
08,chain_depth_sensitivity,10,32,True,1.305959,valid chain of delegation,10,8538
08,chain_depth_sensitivity,10,33,True,1.374,valid chain of delegation,10,8538
08,chain_depth_sensitivity,10,34,True,1.279583,valid chain of delegation,10,8538
08,chain_depth_sensitivity,10,35,True,1.333334,valid chain of delegation,10,8538
08,chain_depth_sensitivity,10,36,True,1.293375,valid chain of delegation,10,8538
08,chain_depth_sensitivity,10,37,True,1.313459,valid chain of delegation,10,8538
08,chain_depth_sensitivity,10,38,True,1.290333,valid chain of delegation,10,8538
08,chain_depth_sensitivity,10,39,True,1.316542,valid chain of delegation,10,8538
08,chain_depth_sensitivity,10,40,True,1.309208,valid chain of delegation,10,8538
08,chain_depth_sensitivity,10,41,True,1.660375,valid chain of delegation,10,8538
08,chain_depth_sensitivity,10,42,True,1.447208,valid chain of delegation,10,8538
08,chain_depth_sensitivity,10,43,True,1.297041,valid chain of delegation,10,8538
08,chain_depth_sensitivity,10,44,True,1.257292,valid chain of delegation,10,8538
08,chain_depth_sensitivity,10,45,True,1.311625,valid chain of delegation,10,8538
08,chain_depth_sensitivity,10,46,True,1.302625,valid chain of delegation,10,8538
08,chain_depth_sensitivity,10,47,True,1.299541,valid chain of delegation,10,8538
08,chain_depth_sensitivity,10,48,True,1.309208,valid chain of delegation,10,8538
08,chain_depth_sensitivity,10,49,True,1.292,valid chain of delegation,10,8538
08,chain_depth_sensitivity,10,50,True,1.308291,valid chain of delegation,10,8538
08,chain_depth_sensitivity,10,51,True,1.304417,valid chain of delegation,10,8538
08,chain_depth_sensitivity,10,52,True,1.315,valid chain of delegation,10,8538
08,chain_depth_sensitivity,10,53,True,1.30775,valid chain of delegation,10,8538
08,chain_depth_sensitivity,10,54,True,1.295542,valid chain of delegation,10,8538
08,chain_depth_sensitivity,10,55,True,1.299417,valid chain of delegation,10,8538
08,chain_depth_sensitivity,10,56,True,1.306416,valid chain of delegation,10,8538
08,chain_depth_sensitivity,10,57,True,1.303333,valid chain of delegation,10,8538
08,chain_depth_sensitivity,10,58,True,1.309417,valid chain of delegation,10,8538
08,chain_depth_sensitivity,10,59,True,1.343,valid chain of delegation,10,8538
08,chain_depth_sensitivity,10,60,True,1.368,valid chain of delegation,10,8538
08,chain_depth_sensitivity,10,61,True,1.279292,valid chain of delegation,10,8538
08,chain_depth_sensitivity,10,62,True,1.309542,valid chain of delegation,10,8538
08,chain_depth_sensitivity,10,63,True,1.342333,valid chain of delegation,10,8538
08,chain_depth_sensitivity,10,64,True,1.290958,valid chain of delegation,10,8538
08,chain_depth_sensitivity,10,65,True,1.303417,valid chain of delegation,10,8538
08,chain_depth_sensitivity,10,66,True,1.297,valid chain of delegation,10,8538
08,chain_depth_sensitivity,10,67,True,1.338209,valid chain of delegation,10,8538
08,chain_depth_sensitivity,10,68,True,1.368542,valid chain of delegation,10,8538
08,chain_depth_sensitivity,10,69,True,1.324459,valid chain of delegation,10,8538
08,chain_depth_sensitivity,10,70,True,1.334208,valid chain of delegation,10,8538
08,chain_depth_sensitivity,10,71,True,1.338959,valid chain of delegation,10,8538
08,chain_depth_sensitivity,10,72,True,1.344666,valid chain of delegation,10,8538
08,chain_depth_sensitivity,10,73,True,1.324125,valid chain of delegation,10,8538
08,chain_depth_sensitivity,10,74,True,1.284625,valid chain of delegation,10,8538
08,chain_depth_sensitivity,10,75,True,1.312083,valid chain of delegation,10,8538
08,chain_depth_sensitivity,10,76,True,1.321334,valid chain of delegation,10,8538
08,chain_depth_sensitivity,10,77,True,1.324459,valid chain of delegation,10,8538
08,chain_depth_sensitivity,10,78,True,1.339791,valid chain of delegation,10,8538
08,chain_depth_sensitivity,10,79,True,1.309666,valid chain of delegation,10,8538
08,chain_depth_sensitivity,10,80,True,1.301958,valid chain of delegation,10,8538
08,chain_depth_sensitivity,10,81,True,1.3055,valid chain of delegation,10,8538
08,chain_depth_sensitivity,10,82,True,1.288209,valid chain of delegation,10,8538
08,chain_depth_sensitivity,10,83,True,1.298625,valid chain of delegation,10,8538
08,chain_depth_sensitivity,10,84,True,1.324458,valid chain of delegation,10,8538
08,chain_depth_sensitivity,10,85,True,1.285042,valid chain of delegation,10,8538
08,chain_depth_sensitivity,10,86,True,1.35,valid chain of delegation,10,8538
08,chain_depth_sensitivity,10,87,True,1.305167,valid chain of delegation,10,8538
08,chain_depth_sensitivity,10,88,True,1.296041,valid chain of delegation,10,8538
08,chain_depth_sensitivity,10,89,True,1.350458,valid chain of delegation,10,8538
08,chain_depth_sensitivity,10,90,True,1.334708,valid chain of delegation,10,8538
08,chain_depth_sensitivity,10,91,True,1.291417,valid chain of delegation,10,8538
08,chain_depth_sensitivity,10,92,True,1.314542,valid chain of delegation,10,8538
08,chain_depth_sensitivity,10,93,True,1.3225,valid chain of delegation,10,8538
08,chain_depth_sensitivity,10,94,True,1.350541,valid chain of delegation,10,8538
08,chain_depth_sensitivity,10,95,True,1.294,valid chain of delegation,10,8538
08,chain_depth_sensitivity,10,96,True,1.309959,valid chain of delegation,10,8538
08,chain_depth_sensitivity,10,97,True,1.281709,valid chain of delegation,10,8538
08,chain_depth_sensitivity,10,98,True,1.31975,valid chain of delegation,10,8538
08,chain_depth_sensitivity,10,99,True,1.318792,valid chain of delegation,10,8538
08,chain_depth_sensitivity,10,100,True,1.30125,valid chain of delegation,10,8538
09,chain_depth_sensitivity,1,1,True,0.985084,valid chain of delegation,1,826
09,chain_depth_sensitivity,1,2,True,0.964625,valid chain of delegation,1,826
09,chain_depth_sensitivity,1,3,True,0.92775,valid chain of delegation,1,826
09,chain_depth_sensitivity,1,4,True,0.890292,valid chain of delegation,1,826
09,chain_depth_sensitivity,1,5,True,0.856916,valid chain of delegation,1,826
09,chain_depth_sensitivity,1,6,True,0.97075,valid chain of delegation,1,826
09,chain_depth_sensitivity,1,7,True,0.881209,valid chain of delegation,1,826
09,chain_depth_sensitivity,1,8,True,0.872708,valid chain of delegation,1,826
09,chain_depth_sensitivity,1,9,True,0.911209,valid chain of delegation,1,826
09,chain_depth_sensitivity,1,10,True,0.937041,valid chain of delegation,1,826
09,chain_depth_sensitivity,1,11,True,0.88625,valid chain of delegation,1,826
09,chain_depth_sensitivity,1,12,True,0.849583,valid chain of delegation,1,826
09,chain_depth_sensitivity,1,13,True,0.841917,valid chain of delegation,1,826
09,chain_depth_sensitivity,1,14,True,0.802958,valid chain of delegation,1,826
09,chain_depth_sensitivity,1,15,True,0.849208,valid chain of delegation,1,826
09,chain_depth_sensitivity,1,16,True,0.860791,valid chain of delegation,1,826
09,chain_depth_sensitivity,1,17,True,0.833292,valid chain of delegation,1,826
09,chain_depth_sensitivity,1,18,True,0.877416,valid chain of delegation,1,826
09,chain_depth_sensitivity,1,19,True,0.843042,valid chain of delegation,1,826
09,chain_depth_sensitivity,1,20,True,0.828667,valid chain of delegation,1,826
09,chain_depth_sensitivity,1,21,True,0.771833,valid chain of delegation,1,826
09,chain_depth_sensitivity,1,22,True,0.813542,valid chain of delegation,1,826
09,chain_depth_sensitivity,1,23,True,0.820042,valid chain of delegation,1,826
09,chain_depth_sensitivity,1,24,True,0.801417,valid chain of delegation,1,826
09,chain_depth_sensitivity,1,25,True,0.788042,valid chain of delegation,1,826
09,chain_depth_sensitivity,1,26,True,0.809042,valid chain of delegation,1,826
09,chain_depth_sensitivity,1,27,True,0.797334,valid chain of delegation,1,826
09,chain_depth_sensitivity,1,28,True,0.768875,valid chain of delegation,1,826
09,chain_depth_sensitivity,1,29,True,0.794583,valid chain of delegation,1,826
09,chain_depth_sensitivity,1,30,True,0.770541,valid chain of delegation,1,826
09,chain_depth_sensitivity,1,31,True,0.770667,valid chain of delegation,1,826
09,chain_depth_sensitivity,1,32,True,0.769334,valid chain of delegation,1,826
09,chain_depth_sensitivity,1,33,True,0.747333,valid chain of delegation,1,826
09,chain_depth_sensitivity,1,34,True,0.775125,valid chain of delegation,1,826
09,chain_depth_sensitivity,1,35,True,0.746625,valid chain of delegation,1,826
09,chain_depth_sensitivity,1,36,True,0.751959,valid chain of delegation,1,826
09,chain_depth_sensitivity,1,37,True,0.769334,valid chain of delegation,1,826
09,chain_depth_sensitivity,1,38,True,0.768458,valid chain of delegation,1,826
09,chain_depth_sensitivity,1,39,True,0.978292,valid chain of delegation,1,826
09,chain_depth_sensitivity,1,40,True,0.793125,valid chain of delegation,1,826
09,chain_depth_sensitivity,1,41,True,0.797417,valid chain of delegation,1,826
09,chain_depth_sensitivity,1,42,True,0.793708,valid chain of delegation,1,826
09,chain_depth_sensitivity,1,43,True,0.7235,valid chain of delegation,1,826
09,chain_depth_sensitivity,1,44,True,0.754334,valid chain of delegation,1,826
09,chain_depth_sensitivity,1,45,True,0.775375,valid chain of delegation,1,826
09,chain_depth_sensitivity,1,46,True,0.765125,valid chain of delegation,1,826
09,chain_depth_sensitivity,1,47,True,0.793542,valid chain of delegation,1,826
09,chain_depth_sensitivity,1,48,True,0.761625,valid chain of delegation,1,826
09,chain_depth_sensitivity,1,49,True,0.746875,valid chain of delegation,1,826
09,chain_depth_sensitivity,1,50,True,0.731875,valid chain of delegation,1,826
09,chain_depth_sensitivity,1,51,True,0.785334,valid chain of delegation,1,826
09,chain_depth_sensitivity,1,52,True,0.739083,valid chain of delegation,1,826
09,chain_depth_sensitivity,1,53,True,0.730209,valid chain of delegation,1,826
09,chain_depth_sensitivity,1,54,True,0.726375,valid chain of delegation,1,826
09,chain_depth_sensitivity,1,55,True,0.746625,valid chain of delegation,1,826
09,chain_depth_sensitivity,1,56,True,0.712708,valid chain of delegation,1,826
09,chain_depth_sensitivity,1,57,True,0.684167,valid chain of delegation,1,826
09,chain_depth_sensitivity,1,58,True,0.717125,valid chain of delegation,1,826
09,chain_depth_sensitivity,1,59,True,0.672083,valid chain of delegation,1,826
09,chain_depth_sensitivity,1,60,True,0.691875,valid chain of delegation,1,826
09,chain_depth_sensitivity,1,61,True,0.71475,valid chain of delegation,1,826
09,chain_depth_sensitivity,1,62,True,0.718792,valid chain of delegation,1,826
09,chain_depth_sensitivity,1,63,True,0.7195,valid chain of delegation,1,826
09,chain_depth_sensitivity,1,64,True,0.694708,valid chain of delegation,1,826
09,chain_depth_sensitivity,1,65,True,0.808375,valid chain of delegation,1,826
09,chain_depth_sensitivity,1,66,True,0.78875,valid chain of delegation,1,826
09,chain_depth_sensitivity,1,67,True,0.759,valid chain of delegation,1,826
09,chain_depth_sensitivity,1,68,True,0.722583,valid chain of delegation,1,826
09,chain_depth_sensitivity,1,69,True,0.701792,valid chain of delegation,1,826
09,chain_depth_sensitivity,1,70,True,0.698041,valid chain of delegation,1,826
09,chain_depth_sensitivity,1,71,True,0.716917,valid chain of delegation,1,826
09,chain_depth_sensitivity,1,72,True,0.717292,valid chain of delegation,1,826
09,chain_depth_sensitivity,1,73,True,0.723208,valid chain of delegation,1,826
09,chain_depth_sensitivity,1,74,True,0.763292,valid chain of delegation,1,826
09,chain_depth_sensitivity,1,75,True,0.684625,valid chain of delegation,1,826
09,chain_depth_sensitivity,1,76,True,0.717792,valid chain of delegation,1,826
09,chain_depth_sensitivity,1,77,True,0.7125,valid chain of delegation,1,826
09,chain_depth_sensitivity,1,78,True,0.725666,valid chain of delegation,1,826
09,chain_depth_sensitivity,1,79,True,0.71675,valid chain of delegation,1,826
09,chain_depth_sensitivity,1,80,True,0.709,valid chain of delegation,1,826
09,chain_depth_sensitivity,1,81,True,0.706625,valid chain of delegation,1,826
09,chain_depth_sensitivity,1,82,True,0.707333,valid chain of delegation,1,826
09,chain_depth_sensitivity,1,83,True,0.709417,valid chain of delegation,1,826
09,chain_depth_sensitivity,1,84,True,0.715375,valid chain of delegation,1,826
09,chain_depth_sensitivity,1,85,True,0.723458,valid chain of delegation,1,826
09,chain_depth_sensitivity,1,86,True,0.729,valid chain of delegation,1,826
09,chain_depth_sensitivity,1,87,True,0.720291,valid chain of delegation,1,826
09,chain_depth_sensitivity,1,88,True,0.720959,valid chain of delegation,1,826
09,chain_depth_sensitivity,1,89,True,0.705125,valid chain of delegation,1,826
09,chain_depth_sensitivity,1,90,True,0.69775,valid chain of delegation,1,826
09,chain_depth_sensitivity,1,91,True,0.726417,valid chain of delegation,1,826
09,chain_depth_sensitivity,1,92,True,0.686541,valid chain of delegation,1,826
09,chain_depth_sensitivity,1,93,True,0.716333,valid chain of delegation,1,826
09,chain_depth_sensitivity,1,94,True,0.747333,valid chain of delegation,1,826
09,chain_depth_sensitivity,1,95,True,0.725541,valid chain of delegation,1,826
09,chain_depth_sensitivity,1,96,True,0.707542,valid chain of delegation,1,826
09,chain_depth_sensitivity,1,97,True,0.700958,valid chain of delegation,1,826
09,chain_depth_sensitivity,1,98,True,0.699625,valid chain of delegation,1,826
09,chain_depth_sensitivity,1,99,True,0.718625,valid chain of delegation,1,826
09,chain_depth_sensitivity,1,100,True,0.689709,valid chain of delegation,1,826
09,chain_depth_sensitivity,2,1,True,0.817,valid chain of delegation,2,1678
09,chain_depth_sensitivity,2,2,True,0.750208,valid chain of delegation,2,1678
09,chain_depth_sensitivity,2,3,True,0.783167,valid chain of delegation,2,1678
09,chain_depth_sensitivity,2,4,True,0.73625,valid chain of delegation,2,1678
09,chain_depth_sensitivity,2,5,True,1.016791,valid chain of delegation,2,1678
09,chain_depth_sensitivity,2,6,True,0.792583,valid chain of delegation,2,1678
09,chain_depth_sensitivity,2,7,True,0.736875,valid chain of delegation,2,1678
09,chain_depth_sensitivity,2,8,True,0.791167,valid chain of delegation,2,1678
09,chain_depth_sensitivity,2,9,True,0.780416,valid chain of delegation,2,1678
09,chain_depth_sensitivity,2,10,True,0.754458,valid chain of delegation,2,1678
09,chain_depth_sensitivity,2,11,True,0.787375,valid chain of delegation,2,1678
09,chain_depth_sensitivity,2,12,True,0.79675,valid chain of delegation,2,1678
09,chain_depth_sensitivity,2,13,True,0.804291,valid chain of delegation,2,1678
09,chain_depth_sensitivity,2,14,True,0.77125,valid chain of delegation,2,1678
09,chain_depth_sensitivity,2,15,True,0.807542,valid chain of delegation,2,1678
09,chain_depth_sensitivity,2,16,True,0.772541,valid chain of delegation,2,1678
09,chain_depth_sensitivity,2,17,True,0.760125,valid chain of delegation,2,1678
09,chain_depth_sensitivity,2,18,True,0.763417,valid chain of delegation,2,1678
09,chain_depth_sensitivity,2,19,True,0.768708,valid chain of delegation,2,1678
09,chain_depth_sensitivity,2,20,True,0.770167,valid chain of delegation,2,1678
09,chain_depth_sensitivity,2,21,True,0.775542,valid chain of delegation,2,1678
09,chain_depth_sensitivity,2,22,True,0.81175,valid chain of delegation,2,1678
09,chain_depth_sensitivity,2,23,True,0.81975,valid chain of delegation,2,1678
09,chain_depth_sensitivity,2,24,True,0.772417,valid chain of delegation,2,1678
09,chain_depth_sensitivity,2,25,True,0.785208,valid chain of delegation,2,1678
09,chain_depth_sensitivity,2,26,True,0.761916,valid chain of delegation,2,1678
09,chain_depth_sensitivity,2,27,True,0.843542,valid chain of delegation,2,1678
09,chain_depth_sensitivity,2,28,True,0.7935,valid chain of delegation,2,1678
09,chain_depth_sensitivity,2,29,True,0.78325,valid chain of delegation,2,1678
09,chain_depth_sensitivity,2,30,True,0.80975,valid chain of delegation,2,1678
09,chain_depth_sensitivity,2,31,True,0.775208,valid chain of delegation,2,1678
09,chain_depth_sensitivity,2,32,True,0.779792,valid chain of delegation,2,1678
09,chain_depth_sensitivity,2,33,True,0.767625,valid chain of delegation,2,1678
09,chain_depth_sensitivity,2,34,True,0.786458,valid chain of delegation,2,1678
09,chain_depth_sensitivity,2,35,True,0.747625,valid chain of delegation,2,1678
09,chain_depth_sensitivity,2,36,True,0.756375,valid chain of delegation,2,1678
09,chain_depth_sensitivity,2,37,True,0.787625,valid chain of delegation,2,1678
09,chain_depth_sensitivity,2,38,True,0.802375,valid chain of delegation,2,1678
09,chain_depth_sensitivity,2,39,True,0.778875,valid chain of delegation,2,1678
09,chain_depth_sensitivity,2,40,True,0.76275,valid chain of delegation,2,1678
09,chain_depth_sensitivity,2,41,True,0.767083,valid chain of delegation,2,1678
09,chain_depth_sensitivity,2,42,True,0.781,valid chain of delegation,2,1678
09,chain_depth_sensitivity,2,43,True,0.750875,valid chain of delegation,2,1678
09,chain_depth_sensitivity,2,44,True,0.752917,valid chain of delegation,2,1678
09,chain_depth_sensitivity,2,45,True,0.74575,valid chain of delegation,2,1678
09,chain_depth_sensitivity,2,46,True,0.740125,valid chain of delegation,2,1678
09,chain_depth_sensitivity,2,47,True,0.753625,valid chain of delegation,2,1678
09,chain_depth_sensitivity,2,48,True,0.730292,valid chain of delegation,2,1678
09,chain_depth_sensitivity,2,49,True,0.767042,valid chain of delegation,2,1678
09,chain_depth_sensitivity,2,50,True,0.757,valid chain of delegation,2,1678
09,chain_depth_sensitivity,2,51,True,0.791042,valid chain of delegation,2,1678
09,chain_depth_sensitivity,2,52,True,0.775583,valid chain of delegation,2,1678
09,chain_depth_sensitivity,2,53,True,0.771958,valid chain of delegation,2,1678
09,chain_depth_sensitivity,2,54,True,0.734625,valid chain of delegation,2,1678
09,chain_depth_sensitivity,2,55,True,0.755875,valid chain of delegation,2,1678
09,chain_depth_sensitivity,2,56,True,0.783541,valid chain of delegation,2,1678
09,chain_depth_sensitivity,2,57,True,0.771417,valid chain of delegation,2,1678
09,chain_depth_sensitivity,2,58,True,0.737833,valid chain of delegation,2,1678
09,chain_depth_sensitivity,2,59,True,0.759959,valid chain of delegation,2,1678
09,chain_depth_sensitivity,2,60,True,0.796791,valid chain of delegation,2,1678
09,chain_depth_sensitivity,2,61,True,0.792,valid chain of delegation,2,1678
09,chain_depth_sensitivity,2,62,True,0.77725,valid chain of delegation,2,1678
09,chain_depth_sensitivity,2,63,True,0.755333,valid chain of delegation,2,1678
09,chain_depth_sensitivity,2,64,True,0.769625,valid chain of delegation,2,1678
09,chain_depth_sensitivity,2,65,True,0.751625,valid chain of delegation,2,1678
09,chain_depth_sensitivity,2,66,True,0.750916,valid chain of delegation,2,1678
09,chain_depth_sensitivity,2,67,True,0.773375,valid chain of delegation,2,1678
09,chain_depth_sensitivity,2,68,True,0.78825,valid chain of delegation,2,1678
09,chain_depth_sensitivity,2,69,True,0.763959,valid chain of delegation,2,1678
09,chain_depth_sensitivity,2,70,True,0.769333,valid chain of delegation,2,1678
09,chain_depth_sensitivity,2,71,True,0.799417,valid chain of delegation,2,1678
09,chain_depth_sensitivity,2,72,True,0.817541,valid chain of delegation,2,1678
09,chain_depth_sensitivity,2,73,True,0.774042,valid chain of delegation,2,1678
09,chain_depth_sensitivity,2,74,True,0.792625,valid chain of delegation,2,1678
09,chain_depth_sensitivity,2,75,True,0.766625,valid chain of delegation,2,1678
09,chain_depth_sensitivity,2,76,True,0.766167,valid chain of delegation,2,1678
09,chain_depth_sensitivity,2,77,True,0.820666,valid chain of delegation,2,1678
09,chain_depth_sensitivity,2,78,True,0.765625,valid chain of delegation,2,1678
09,chain_depth_sensitivity,2,79,True,0.758083,valid chain of delegation,2,1678
09,chain_depth_sensitivity,2,80,True,0.774417,valid chain of delegation,2,1678
09,chain_depth_sensitivity,2,81,True,0.765166,valid chain of delegation,2,1678
09,chain_depth_sensitivity,2,82,True,0.798792,valid chain of delegation,2,1678
09,chain_depth_sensitivity,2,83,True,0.780917,valid chain of delegation,2,1678
09,chain_depth_sensitivity,2,84,True,0.741083,valid chain of delegation,2,1678
09,chain_depth_sensitivity,2,85,True,0.775458,valid chain of delegation,2,1678
09,chain_depth_sensitivity,2,86,True,0.755917,valid chain of delegation,2,1678
09,chain_depth_sensitivity,2,87,True,0.783875,valid chain of delegation,2,1678
09,chain_depth_sensitivity,2,88,True,0.791791,valid chain of delegation,2,1678
09,chain_depth_sensitivity,2,89,True,0.752208,valid chain of delegation,2,1678
09,chain_depth_sensitivity,2,90,True,0.718958,valid chain of delegation,2,1678
09,chain_depth_sensitivity,2,91,True,0.732292,valid chain of delegation,2,1678
09,chain_depth_sensitivity,2,92,True,0.791791,valid chain of delegation,2,1678
09,chain_depth_sensitivity,2,93,True,0.733541,valid chain of delegation,2,1678
09,chain_depth_sensitivity,2,94,True,0.738083,valid chain of delegation,2,1678
09,chain_depth_sensitivity,2,95,True,0.741625,valid chain of delegation,2,1678
09,chain_depth_sensitivity,2,96,True,0.769042,valid chain of delegation,2,1678
09,chain_depth_sensitivity,2,97,True,0.775208,valid chain of delegation,2,1678
09,chain_depth_sensitivity,2,98,True,0.781708,valid chain of delegation,2,1678
09,chain_depth_sensitivity,2,99,True,0.782334,valid chain of delegation,2,1678
09,chain_depth_sensitivity,2,100,True,0.754083,valid chain of delegation,2,1678
09,chain_depth_sensitivity,3,1,True,0.817292,valid chain of delegation,3,2530
09,chain_depth_sensitivity,3,2,True,1.095,valid chain of delegation,3,2530
09,chain_depth_sensitivity,3,3,True,0.938875,valid chain of delegation,3,2530
09,chain_depth_sensitivity,3,4,True,0.865,valid chain of delegation,3,2530
09,chain_depth_sensitivity,3,5,True,0.855875,valid chain of delegation,3,2530
09,chain_depth_sensitivity,3,6,True,0.902541,valid chain of delegation,3,2530
09,chain_depth_sensitivity,3,7,True,0.842333,valid chain of delegation,3,2530
09,chain_depth_sensitivity,3,8,True,0.852042,valid chain of delegation,3,2530
09,chain_depth_sensitivity,3,9,True,0.879875,valid chain of delegation,3,2530
09,chain_depth_sensitivity,3,10,True,0.860833,valid chain of delegation,3,2530
09,chain_depth_sensitivity,3,11,True,0.860208,valid chain of delegation,3,2530
09,chain_depth_sensitivity,3,12,True,0.849042,valid chain of delegation,3,2530
09,chain_depth_sensitivity,3,13,True,0.839042,valid chain of delegation,3,2530
09,chain_depth_sensitivity,3,14,True,0.904584,valid chain of delegation,3,2530
09,chain_depth_sensitivity,3,15,True,0.854917,valid chain of delegation,3,2530
09,chain_depth_sensitivity,3,16,True,0.864458,valid chain of delegation,3,2530
09,chain_depth_sensitivity,3,17,True,0.851875,valid chain of delegation,3,2530
09,chain_depth_sensitivity,3,18,True,0.822,valid chain of delegation,3,2530
09,chain_depth_sensitivity,3,19,True,0.825709,valid chain of delegation,3,2530
09,chain_depth_sensitivity,3,20,True,0.834292,valid chain of delegation,3,2530
09,chain_depth_sensitivity,3,21,True,0.859417,valid chain of delegation,3,2530
09,chain_depth_sensitivity,3,22,True,0.864083,valid chain of delegation,3,2530
09,chain_depth_sensitivity,3,23,True,0.902167,valid chain of delegation,3,2530
09,chain_depth_sensitivity,3,24,True,0.83325,valid chain of delegation,3,2530
09,chain_depth_sensitivity,3,25,True,0.850542,valid chain of delegation,3,2530
09,chain_depth_sensitivity,3,26,True,1.117459,valid chain of delegation,3,2530
09,chain_depth_sensitivity,3,27,True,0.872083,valid chain of delegation,3,2530
09,chain_depth_sensitivity,3,28,True,0.900583,valid chain of delegation,3,2530
09,chain_depth_sensitivity,3,29,True,0.884125,valid chain of delegation,3,2530
09,chain_depth_sensitivity,3,30,True,0.833584,valid chain of delegation,3,2530
09,chain_depth_sensitivity,3,31,True,0.819208,valid chain of delegation,3,2530
09,chain_depth_sensitivity,3,32,True,0.876375,valid chain of delegation,3,2530
09,chain_depth_sensitivity,3,33,True,0.84775,valid chain of delegation,3,2530
09,chain_depth_sensitivity,3,34,True,0.855125,valid chain of delegation,3,2530
09,chain_depth_sensitivity,3,35,True,0.845292,valid chain of delegation,3,2530
09,chain_depth_sensitivity,3,36,True,0.834834,valid chain of delegation,3,2530
09,chain_depth_sensitivity,3,37,True,0.82875,valid chain of delegation,3,2530
09,chain_depth_sensitivity,3,38,True,0.868416,valid chain of delegation,3,2530
09,chain_depth_sensitivity,3,39,True,0.847875,valid chain of delegation,3,2530
09,chain_depth_sensitivity,3,40,True,0.880291,valid chain of delegation,3,2530
09,chain_depth_sensitivity,3,41,True,0.837084,valid chain of delegation,3,2530
09,chain_depth_sensitivity,3,42,True,0.832541,valid chain of delegation,3,2530
09,chain_depth_sensitivity,3,43,True,0.834667,valid chain of delegation,3,2530
09,chain_depth_sensitivity,3,44,True,0.881875,valid chain of delegation,3,2530
09,chain_depth_sensitivity,3,45,True,0.854333,valid chain of delegation,3,2530
09,chain_depth_sensitivity,3,46,True,0.836917,valid chain of delegation,3,2530
09,chain_depth_sensitivity,3,47,True,0.850958,valid chain of delegation,3,2530
09,chain_depth_sensitivity,3,48,True,0.830541,valid chain of delegation,3,2530
09,chain_depth_sensitivity,3,49,True,0.832167,valid chain of delegation,3,2530
09,chain_depth_sensitivity,3,50,True,0.853583,valid chain of delegation,3,2530
09,chain_depth_sensitivity,3,51,True,0.857916,valid chain of delegation,3,2530
09,chain_depth_sensitivity,3,52,True,0.855083,valid chain of delegation,3,2530
09,chain_depth_sensitivity,3,53,True,0.845708,valid chain of delegation,3,2530
09,chain_depth_sensitivity,3,54,True,0.843041,valid chain of delegation,3,2530
09,chain_depth_sensitivity,3,55,True,0.863167,valid chain of delegation,3,2530
09,chain_depth_sensitivity,3,56,True,0.850458,valid chain of delegation,3,2530
09,chain_depth_sensitivity,3,57,True,0.863166,valid chain of delegation,3,2530
09,chain_depth_sensitivity,3,58,True,1.0185,valid chain of delegation,3,2530
09,chain_depth_sensitivity,3,59,True,0.899458,valid chain of delegation,3,2530
09,chain_depth_sensitivity,3,60,True,0.850958,valid chain of delegation,3,2530
09,chain_depth_sensitivity,3,61,True,0.843209,valid chain of delegation,3,2530
09,chain_depth_sensitivity,3,62,True,0.829875,valid chain of delegation,3,2530
09,chain_depth_sensitivity,3,63,True,0.844625,valid chain of delegation,3,2530
09,chain_depth_sensitivity,3,64,True,0.827917,valid chain of delegation,3,2530
09,chain_depth_sensitivity,3,65,True,0.846583,valid chain of delegation,3,2530
09,chain_depth_sensitivity,3,66,True,0.866417,valid chain of delegation,3,2530
09,chain_depth_sensitivity,3,67,True,0.877208,valid chain of delegation,3,2530
09,chain_depth_sensitivity,3,68,True,0.839833,valid chain of delegation,3,2530
09,chain_depth_sensitivity,3,69,True,0.858042,valid chain of delegation,3,2530
09,chain_depth_sensitivity,3,70,True,0.848,valid chain of delegation,3,2530
09,chain_depth_sensitivity,3,71,True,0.838042,valid chain of delegation,3,2530
09,chain_depth_sensitivity,3,72,True,0.840542,valid chain of delegation,3,2530
09,chain_depth_sensitivity,3,73,True,0.857125,valid chain of delegation,3,2530
09,chain_depth_sensitivity,3,74,True,0.831958,valid chain of delegation,3,2530
09,chain_depth_sensitivity,3,75,True,0.854625,valid chain of delegation,3,2530
09,chain_depth_sensitivity,3,76,True,0.832125,valid chain of delegation,3,2530
09,chain_depth_sensitivity,3,77,True,0.839458,valid chain of delegation,3,2530
09,chain_depth_sensitivity,3,78,True,0.828833,valid chain of delegation,3,2530
09,chain_depth_sensitivity,3,79,True,0.87575,valid chain of delegation,3,2530
09,chain_depth_sensitivity,3,80,True,0.854584,valid chain of delegation,3,2530
09,chain_depth_sensitivity,3,81,True,0.836084,valid chain of delegation,3,2530
09,chain_depth_sensitivity,3,82,True,0.862792,valid chain of delegation,3,2530
09,chain_depth_sensitivity,3,83,True,0.899542,valid chain of delegation,3,2530
09,chain_depth_sensitivity,3,84,True,0.894042,valid chain of delegation,3,2530
09,chain_depth_sensitivity,3,85,True,1.148084,valid chain of delegation,3,2530
09,chain_depth_sensitivity,3,86,True,0.972459,valid chain of delegation,3,2530
09,chain_depth_sensitivity,3,87,True,0.843042,valid chain of delegation,3,2530
09,chain_depth_sensitivity,3,88,True,0.837125,valid chain of delegation,3,2530
09,chain_depth_sensitivity,3,89,True,0.853292,valid chain of delegation,3,2530
09,chain_depth_sensitivity,3,90,True,0.852041,valid chain of delegation,3,2530
09,chain_depth_sensitivity,3,91,True,0.846125,valid chain of delegation,3,2530
09,chain_depth_sensitivity,3,92,True,0.864,valid chain of delegation,3,2530
09,chain_depth_sensitivity,3,93,True,0.863041,valid chain of delegation,3,2530
09,chain_depth_sensitivity,3,94,True,0.846542,valid chain of delegation,3,2530
09,chain_depth_sensitivity,3,95,True,0.870416,valid chain of delegation,3,2530
09,chain_depth_sensitivity,3,96,True,0.803708,valid chain of delegation,3,2530
09,chain_depth_sensitivity,3,97,True,0.826041,valid chain of delegation,3,2530
09,chain_depth_sensitivity,3,98,True,0.847584,valid chain of delegation,3,2530
09,chain_depth_sensitivity,3,99,True,0.822,valid chain of delegation,3,2530
09,chain_depth_sensitivity,3,100,True,0.845917,valid chain of delegation,3,2530
09,chain_depth_sensitivity,5,1,True,0.969416,valid chain of delegation,5,4234
09,chain_depth_sensitivity,5,2,True,1.001417,valid chain of delegation,5,4234
09,chain_depth_sensitivity,5,3,True,1.017084,valid chain of delegation,5,4234
09,chain_depth_sensitivity,5,4,True,1.015709,valid chain of delegation,5,4234
09,chain_depth_sensitivity,5,5,True,0.993417,valid chain of delegation,5,4234
09,chain_depth_sensitivity,5,6,True,0.981625,valid chain of delegation,5,4234
09,chain_depth_sensitivity,5,7,True,0.952458,valid chain of delegation,5,4234
09,chain_depth_sensitivity,5,8,True,0.979542,valid chain of delegation,5,4234
09,chain_depth_sensitivity,5,9,True,0.958125,valid chain of delegation,5,4234
09,chain_depth_sensitivity,5,10,True,0.97225,valid chain of delegation,5,4234
09,chain_depth_sensitivity,5,11,True,0.956083,valid chain of delegation,5,4234
09,chain_depth_sensitivity,5,12,True,0.95225,valid chain of delegation,5,4234
09,chain_depth_sensitivity,5,13,True,0.943666,valid chain of delegation,5,4234
09,chain_depth_sensitivity,5,14,True,1.016,valid chain of delegation,5,4234
09,chain_depth_sensitivity,5,15,True,0.969459,valid chain of delegation,5,4234
09,chain_depth_sensitivity,5,16,True,1.015416,valid chain of delegation,5,4234
09,chain_depth_sensitivity,5,17,True,0.979333,valid chain of delegation,5,4234
09,chain_depth_sensitivity,5,18,True,0.972167,valid chain of delegation,5,4234
09,chain_depth_sensitivity,5,19,True,1.051583,valid chain of delegation,5,4234
09,chain_depth_sensitivity,5,20,True,0.9985,valid chain of delegation,5,4234
09,chain_depth_sensitivity,5,21,True,0.968167,valid chain of delegation,5,4234
09,chain_depth_sensitivity,5,22,True,0.967,valid chain of delegation,5,4234
09,chain_depth_sensitivity,5,23,True,0.998209,valid chain of delegation,5,4234
09,chain_depth_sensitivity,5,24,True,1.0305,valid chain of delegation,5,4234
09,chain_depth_sensitivity,5,25,True,0.943458,valid chain of delegation,5,4234
09,chain_depth_sensitivity,5,26,True,0.961042,valid chain of delegation,5,4234
09,chain_depth_sensitivity,5,27,True,0.955625,valid chain of delegation,5,4234
09,chain_depth_sensitivity,5,28,True,0.988458,valid chain of delegation,5,4234
09,chain_depth_sensitivity,5,29,True,0.993916,valid chain of delegation,5,4234
09,chain_depth_sensitivity,5,30,True,0.967792,valid chain of delegation,5,4234
09,chain_depth_sensitivity,5,31,True,0.940875,valid chain of delegation,5,4234
09,chain_depth_sensitivity,5,32,True,0.942583,valid chain of delegation,5,4234
09,chain_depth_sensitivity,5,33,True,0.956458,valid chain of delegation,5,4234
09,chain_depth_sensitivity,5,34,True,0.959417,valid chain of delegation,5,4234
09,chain_depth_sensitivity,5,35,True,0.945125,valid chain of delegation,5,4234
09,chain_depth_sensitivity,5,36,True,0.930709,valid chain of delegation,5,4234
09,chain_depth_sensitivity,5,37,True,0.985917,valid chain of delegation,5,4234
09,chain_depth_sensitivity,5,38,True,0.965791,valid chain of delegation,5,4234
09,chain_depth_sensitivity,5,39,True,0.992458,valid chain of delegation,5,4234
09,chain_depth_sensitivity,5,40,True,0.9515,valid chain of delegation,5,4234
09,chain_depth_sensitivity,5,41,True,0.993416,valid chain of delegation,5,4234
09,chain_depth_sensitivity,5,42,True,0.972042,valid chain of delegation,5,4234
09,chain_depth_sensitivity,5,43,True,0.991291,valid chain of delegation,5,4234
09,chain_depth_sensitivity,5,44,True,0.979375,valid chain of delegation,5,4234
09,chain_depth_sensitivity,5,45,True,0.956875,valid chain of delegation,5,4234
09,chain_depth_sensitivity,5,46,True,0.988875,valid chain of delegation,5,4234
09,chain_depth_sensitivity,5,47,True,0.965167,valid chain of delegation,5,4234
09,chain_depth_sensitivity,5,48,True,0.990333,valid chain of delegation,5,4234
09,chain_depth_sensitivity,5,49,True,0.958084,valid chain of delegation,5,4234
09,chain_depth_sensitivity,5,50,True,0.985209,valid chain of delegation,5,4234
09,chain_depth_sensitivity,5,51,True,0.9595,valid chain of delegation,5,4234
09,chain_depth_sensitivity,5,52,True,0.970583,valid chain of delegation,5,4234
09,chain_depth_sensitivity,5,53,True,0.937375,valid chain of delegation,5,4234
09,chain_depth_sensitivity,5,54,True,0.966667,valid chain of delegation,5,4234
09,chain_depth_sensitivity,5,55,True,0.971208,valid chain of delegation,5,4234
09,chain_depth_sensitivity,5,56,True,0.953042,valid chain of delegation,5,4234
09,chain_depth_sensitivity,5,57,True,0.99525,valid chain of delegation,5,4234
09,chain_depth_sensitivity,5,58,True,0.97175,valid chain of delegation,5,4234
09,chain_depth_sensitivity,5,59,True,1.008875,valid chain of delegation,5,4234
09,chain_depth_sensitivity,5,60,True,0.960166,valid chain of delegation,5,4234
09,chain_depth_sensitivity,5,61,True,0.976625,valid chain of delegation,5,4234
09,chain_depth_sensitivity,5,62,True,0.94975,valid chain of delegation,5,4234
09,chain_depth_sensitivity,5,63,True,0.970208,valid chain of delegation,5,4234
09,chain_depth_sensitivity,5,64,True,0.9445,valid chain of delegation,5,4234
09,chain_depth_sensitivity,5,65,True,0.989333,valid chain of delegation,5,4234
09,chain_depth_sensitivity,5,66,True,0.956375,valid chain of delegation,5,4234
09,chain_depth_sensitivity,5,67,True,1.163166,valid chain of delegation,5,4234
09,chain_depth_sensitivity,5,68,True,0.999041,valid chain of delegation,5,4234
09,chain_depth_sensitivity,5,69,True,0.996875,valid chain of delegation,5,4234
09,chain_depth_sensitivity,5,70,True,1.003583,valid chain of delegation,5,4234
09,chain_depth_sensitivity,5,71,True,1.01875,valid chain of delegation,5,4234
09,chain_depth_sensitivity,5,72,True,0.986375,valid chain of delegation,5,4234
09,chain_depth_sensitivity,5,73,True,0.966292,valid chain of delegation,5,4234
09,chain_depth_sensitivity,5,74,True,1.349625,valid chain of delegation,5,4234
09,chain_depth_sensitivity,5,75,True,1.081583,valid chain of delegation,5,4234
09,chain_depth_sensitivity,5,76,True,0.999875,valid chain of delegation,5,4234
09,chain_depth_sensitivity,5,77,True,0.991292,valid chain of delegation,5,4234
09,chain_depth_sensitivity,5,78,True,0.99325,valid chain of delegation,5,4234
09,chain_depth_sensitivity,5,79,True,0.963167,valid chain of delegation,5,4234
09,chain_depth_sensitivity,5,80,True,1.003583,valid chain of delegation,5,4234
09,chain_depth_sensitivity,5,81,True,1.024417,valid chain of delegation,5,4234
09,chain_depth_sensitivity,5,82,True,1.005833,valid chain of delegation,5,4234
09,chain_depth_sensitivity,5,83,True,1.002792,valid chain of delegation,5,4234
09,chain_depth_sensitivity,5,84,True,0.976625,valid chain of delegation,5,4234
09,chain_depth_sensitivity,5,85,True,1.013334,valid chain of delegation,5,4234
09,chain_depth_sensitivity,5,86,True,1.01525,valid chain of delegation,5,4234
09,chain_depth_sensitivity,5,87,True,0.97825,valid chain of delegation,5,4234
09,chain_depth_sensitivity,5,88,True,1.017916,valid chain of delegation,5,4234
09,chain_depth_sensitivity,5,89,True,0.972833,valid chain of delegation,5,4234
09,chain_depth_sensitivity,5,90,True,0.964708,valid chain of delegation,5,4234
09,chain_depth_sensitivity,5,91,True,0.963958,valid chain of delegation,5,4234
09,chain_depth_sensitivity,5,92,True,0.977208,valid chain of delegation,5,4234
09,chain_depth_sensitivity,5,93,True,1.003333,valid chain of delegation,5,4234
09,chain_depth_sensitivity,5,94,True,0.967167,valid chain of delegation,5,4234
09,chain_depth_sensitivity,5,95,True,1.008667,valid chain of delegation,5,4234
09,chain_depth_sensitivity,5,96,True,0.9335,valid chain of delegation,5,4234
09,chain_depth_sensitivity,5,97,True,0.982875,valid chain of delegation,5,4234
09,chain_depth_sensitivity,5,98,True,0.970042,valid chain of delegation,5,4234
09,chain_depth_sensitivity,5,99,True,0.997542,valid chain of delegation,5,4234
09,chain_depth_sensitivity,5,100,True,0.963375,valid chain of delegation,5,4234
09,chain_depth_sensitivity,10,1,True,1.315083,valid chain of delegation,10,8538
09,chain_depth_sensitivity,10,2,True,1.341375,valid chain of delegation,10,8538
09,chain_depth_sensitivity,10,3,True,1.294291,valid chain of delegation,10,8538
09,chain_depth_sensitivity,10,4,True,1.281084,valid chain of delegation,10,8538
09,chain_depth_sensitivity,10,5,True,1.329667,valid chain of delegation,10,8538
09,chain_depth_sensitivity,10,6,True,1.314459,valid chain of delegation,10,8538
09,chain_depth_sensitivity,10,7,True,1.296625,valid chain of delegation,10,8538
09,chain_depth_sensitivity,10,8,True,1.314417,valid chain of delegation,10,8538
09,chain_depth_sensitivity,10,9,True,1.312917,valid chain of delegation,10,8538
09,chain_depth_sensitivity,10,10,True,1.270708,valid chain of delegation,10,8538
09,chain_depth_sensitivity,10,11,True,1.301417,valid chain of delegation,10,8538
09,chain_depth_sensitivity,10,12,True,1.353375,valid chain of delegation,10,8538
09,chain_depth_sensitivity,10,13,True,1.321666,valid chain of delegation,10,8538
09,chain_depth_sensitivity,10,14,True,1.301041,valid chain of delegation,10,8538
09,chain_depth_sensitivity,10,15,True,1.294167,valid chain of delegation,10,8538
09,chain_depth_sensitivity,10,16,True,1.313041,valid chain of delegation,10,8538
09,chain_depth_sensitivity,10,17,True,1.319875,valid chain of delegation,10,8538
09,chain_depth_sensitivity,10,18,True,1.310125,valid chain of delegation,10,8538
09,chain_depth_sensitivity,10,19,True,1.264666,valid chain of delegation,10,8538
09,chain_depth_sensitivity,10,20,True,1.349458,valid chain of delegation,10,8538
09,chain_depth_sensitivity,10,21,True,1.354625,valid chain of delegation,10,8538
09,chain_depth_sensitivity,10,22,True,1.313416,valid chain of delegation,10,8538
09,chain_depth_sensitivity,10,23,True,1.295125,valid chain of delegation,10,8538
09,chain_depth_sensitivity,10,24,True,1.335375,valid chain of delegation,10,8538
09,chain_depth_sensitivity,10,25,True,1.281,valid chain of delegation,10,8538
09,chain_depth_sensitivity,10,26,True,1.2895,valid chain of delegation,10,8538
09,chain_depth_sensitivity,10,27,True,1.330459,valid chain of delegation,10,8538
09,chain_depth_sensitivity,10,28,True,1.269542,valid chain of delegation,10,8538
09,chain_depth_sensitivity,10,29,True,1.298541,valid chain of delegation,10,8538
09,chain_depth_sensitivity,10,30,True,1.294625,valid chain of delegation,10,8538
09,chain_depth_sensitivity,10,31,True,1.34475,valid chain of delegation,10,8538
09,chain_depth_sensitivity,10,32,True,1.310417,valid chain of delegation,10,8538
09,chain_depth_sensitivity,10,33,True,1.382166,valid chain of delegation,10,8538
09,chain_depth_sensitivity,10,34,True,1.288833,valid chain of delegation,10,8538
09,chain_depth_sensitivity,10,35,True,1.369875,valid chain of delegation,10,8538
09,chain_depth_sensitivity,10,36,True,1.32075,valid chain of delegation,10,8538
09,chain_depth_sensitivity,10,37,True,1.318083,valid chain of delegation,10,8538
09,chain_depth_sensitivity,10,38,True,1.267916,valid chain of delegation,10,8538
09,chain_depth_sensitivity,10,39,True,1.300042,valid chain of delegation,10,8538
09,chain_depth_sensitivity,10,40,True,1.3085,valid chain of delegation,10,8538
09,chain_depth_sensitivity,10,41,True,1.315666,valid chain of delegation,10,8538
09,chain_depth_sensitivity,10,42,True,1.286625,valid chain of delegation,10,8538
09,chain_depth_sensitivity,10,43,True,1.313083,valid chain of delegation,10,8538
09,chain_depth_sensitivity,10,44,True,1.322917,valid chain of delegation,10,8538
09,chain_depth_sensitivity,10,45,True,1.324083,valid chain of delegation,10,8538
09,chain_depth_sensitivity,10,46,True,1.304667,valid chain of delegation,10,8538
09,chain_depth_sensitivity,10,47,True,1.315333,valid chain of delegation,10,8538
09,chain_depth_sensitivity,10,48,True,1.284083,valid chain of delegation,10,8538
09,chain_depth_sensitivity,10,49,True,1.294708,valid chain of delegation,10,8538
09,chain_depth_sensitivity,10,50,True,1.295417,valid chain of delegation,10,8538
09,chain_depth_sensitivity,10,51,True,1.300458,valid chain of delegation,10,8538
09,chain_depth_sensitivity,10,52,True,1.334458,valid chain of delegation,10,8538
09,chain_depth_sensitivity,10,53,True,1.320875,valid chain of delegation,10,8538
09,chain_depth_sensitivity,10,54,True,1.291458,valid chain of delegation,10,8538
09,chain_depth_sensitivity,10,55,True,1.29875,valid chain of delegation,10,8538
09,chain_depth_sensitivity,10,56,True,1.330166,valid chain of delegation,10,8538
09,chain_depth_sensitivity,10,57,True,1.294375,valid chain of delegation,10,8538
09,chain_depth_sensitivity,10,58,True,1.3125,valid chain of delegation,10,8538
09,chain_depth_sensitivity,10,59,True,1.332417,valid chain of delegation,10,8538
09,chain_depth_sensitivity,10,60,True,1.280667,valid chain of delegation,10,8538
09,chain_depth_sensitivity,10,61,True,1.292083,valid chain of delegation,10,8538
09,chain_depth_sensitivity,10,62,True,1.304875,valid chain of delegation,10,8538
09,chain_depth_sensitivity,10,63,True,1.353958,valid chain of delegation,10,8538
09,chain_depth_sensitivity,10,64,True,1.2955,valid chain of delegation,10,8538
09,chain_depth_sensitivity,10,65,True,1.301625,valid chain of delegation,10,8538
09,chain_depth_sensitivity,10,66,True,1.298667,valid chain of delegation,10,8538
09,chain_depth_sensitivity,10,67,True,1.331125,valid chain of delegation,10,8538
09,chain_depth_sensitivity,10,68,True,1.310083,valid chain of delegation,10,8538
09,chain_depth_sensitivity,10,69,True,1.31125,valid chain of delegation,10,8538
09,chain_depth_sensitivity,10,70,True,1.273375,valid chain of delegation,10,8538
09,chain_depth_sensitivity,10,71,True,1.32125,valid chain of delegation,10,8538
09,chain_depth_sensitivity,10,72,True,1.288292,valid chain of delegation,10,8538
09,chain_depth_sensitivity,10,73,True,1.316375,valid chain of delegation,10,8538
09,chain_depth_sensitivity,10,74,True,1.312625,valid chain of delegation,10,8538
09,chain_depth_sensitivity,10,75,True,1.320375,valid chain of delegation,10,8538
09,chain_depth_sensitivity,10,76,True,1.294791,valid chain of delegation,10,8538
09,chain_depth_sensitivity,10,77,True,1.281292,valid chain of delegation,10,8538
09,chain_depth_sensitivity,10,78,True,1.283667,valid chain of delegation,10,8538
09,chain_depth_sensitivity,10,79,True,1.267625,valid chain of delegation,10,8538
09,chain_depth_sensitivity,10,80,True,1.294333,valid chain of delegation,10,8538
09,chain_depth_sensitivity,10,81,True,1.286208,valid chain of delegation,10,8538
09,chain_depth_sensitivity,10,82,True,1.307291,valid chain of delegation,10,8538
09,chain_depth_sensitivity,10,83,True,1.308375,valid chain of delegation,10,8538
09,chain_depth_sensitivity,10,84,True,1.308542,valid chain of delegation,10,8538
09,chain_depth_sensitivity,10,85,True,1.326375,valid chain of delegation,10,8538
09,chain_depth_sensitivity,10,86,True,1.317334,valid chain of delegation,10,8538
09,chain_depth_sensitivity,10,87,True,1.318542,valid chain of delegation,10,8538
09,chain_depth_sensitivity,10,88,True,1.337917,valid chain of delegation,10,8538
09,chain_depth_sensitivity,10,89,True,1.325333,valid chain of delegation,10,8538
09,chain_depth_sensitivity,10,90,True,1.30625,valid chain of delegation,10,8538
09,chain_depth_sensitivity,10,91,True,1.311166,valid chain of delegation,10,8538
09,chain_depth_sensitivity,10,92,True,1.316167,valid chain of delegation,10,8538
09,chain_depth_sensitivity,10,93,True,1.305959,valid chain of delegation,10,8538
09,chain_depth_sensitivity,10,94,True,1.343708,valid chain of delegation,10,8538
09,chain_depth_sensitivity,10,95,True,1.307125,valid chain of delegation,10,8538
09,chain_depth_sensitivity,10,96,True,1.308792,valid chain of delegation,10,8538
09,chain_depth_sensitivity,10,97,True,1.309958,valid chain of delegation,10,8538
09,chain_depth_sensitivity,10,98,True,1.293291,valid chain of delegation,10,8538
09,chain_depth_sensitivity,10,99,True,1.351375,valid chain of delegation,10,8538
09,chain_depth_sensitivity,10,100,True,1.311459,valid chain of delegation,10,8538
10,chain_depth_sensitivity,1,1,True,1.049416,valid chain of delegation,1,826
10,chain_depth_sensitivity,1,2,True,1.079833,valid chain of delegation,1,826
10,chain_depth_sensitivity,1,3,True,0.989959,valid chain of delegation,1,826
10,chain_depth_sensitivity,1,4,True,1.047958,valid chain of delegation,1,826
10,chain_depth_sensitivity,1,5,True,1.05625,valid chain of delegation,1,826
10,chain_depth_sensitivity,1,6,True,0.959417,valid chain of delegation,1,826
10,chain_depth_sensitivity,1,7,True,1.14825,valid chain of delegation,1,826
10,chain_depth_sensitivity,1,8,True,0.933042,valid chain of delegation,1,826
10,chain_depth_sensitivity,1,9,True,0.92,valid chain of delegation,1,826
10,chain_depth_sensitivity,1,10,True,0.916791,valid chain of delegation,1,826
10,chain_depth_sensitivity,1,11,True,0.889667,valid chain of delegation,1,826
10,chain_depth_sensitivity,1,12,True,0.873208,valid chain of delegation,1,826
10,chain_depth_sensitivity,1,13,True,0.91275,valid chain of delegation,1,826
10,chain_depth_sensitivity,1,14,True,0.899,valid chain of delegation,1,826
10,chain_depth_sensitivity,1,15,True,0.847792,valid chain of delegation,1,826
10,chain_depth_sensitivity,1,16,True,0.854125,valid chain of delegation,1,826
10,chain_depth_sensitivity,1,17,True,0.840292,valid chain of delegation,1,826
10,chain_depth_sensitivity,1,18,True,0.87,valid chain of delegation,1,826
10,chain_depth_sensitivity,1,19,True,0.882458,valid chain of delegation,1,826
10,chain_depth_sensitivity,1,20,True,0.867958,valid chain of delegation,1,826
10,chain_depth_sensitivity,1,21,True,0.8515,valid chain of delegation,1,826
10,chain_depth_sensitivity,1,22,True,0.809,valid chain of delegation,1,826
10,chain_depth_sensitivity,1,23,True,0.809917,valid chain of delegation,1,826
10,chain_depth_sensitivity,1,24,True,0.794042,valid chain of delegation,1,826
10,chain_depth_sensitivity,1,25,True,0.817625,valid chain of delegation,1,826
10,chain_depth_sensitivity,1,26,True,0.772417,valid chain of delegation,1,826
10,chain_depth_sensitivity,1,27,True,0.782708,valid chain of delegation,1,826
10,chain_depth_sensitivity,1,28,True,0.765041,valid chain of delegation,1,826
10,chain_depth_sensitivity,1,29,True,0.766125,valid chain of delegation,1,826
10,chain_depth_sensitivity,1,30,True,0.760291,valid chain of delegation,1,826
10,chain_depth_sensitivity,1,31,True,0.763917,valid chain of delegation,1,826
10,chain_depth_sensitivity,1,32,True,0.762666,valid chain of delegation,1,826
10,chain_depth_sensitivity,1,33,True,0.822209,valid chain of delegation,1,826
10,chain_depth_sensitivity,1,34,True,0.777708,valid chain of delegation,1,826
10,chain_depth_sensitivity,1,35,True,0.795,valid chain of delegation,1,826
10,chain_depth_sensitivity,1,36,True,0.771625,valid chain of delegation,1,826
10,chain_depth_sensitivity,1,37,True,0.856209,valid chain of delegation,1,826
10,chain_depth_sensitivity,1,38,True,0.750458,valid chain of delegation,1,826
10,chain_depth_sensitivity,1,39,True,0.979,valid chain of delegation,1,826
10,chain_depth_sensitivity,1,40,True,0.794084,valid chain of delegation,1,826
10,chain_depth_sensitivity,1,41,True,0.76575,valid chain of delegation,1,826
10,chain_depth_sensitivity,1,42,True,0.735291,valid chain of delegation,1,826
10,chain_depth_sensitivity,1,43,True,0.74825,valid chain of delegation,1,826
10,chain_depth_sensitivity,1,44,True,0.759292,valid chain of delegation,1,826
10,chain_depth_sensitivity,1,45,True,0.775417,valid chain of delegation,1,826
10,chain_depth_sensitivity,1,46,True,0.775917,valid chain of delegation,1,826
10,chain_depth_sensitivity,1,47,True,0.75825,valid chain of delegation,1,826
10,chain_depth_sensitivity,1,48,True,0.749667,valid chain of delegation,1,826
10,chain_depth_sensitivity,1,49,True,0.792375,valid chain of delegation,1,826
10,chain_depth_sensitivity,1,50,True,0.778958,valid chain of delegation,1,826
10,chain_depth_sensitivity,1,51,True,0.774375,valid chain of delegation,1,826
10,chain_depth_sensitivity,1,52,True,0.742458,valid chain of delegation,1,826
10,chain_depth_sensitivity,1,53,True,0.75475,valid chain of delegation,1,826
10,chain_depth_sensitivity,1,54,True,0.763166,valid chain of delegation,1,826
10,chain_depth_sensitivity,1,55,True,0.742708,valid chain of delegation,1,826
10,chain_depth_sensitivity,1,56,True,0.756291,valid chain of delegation,1,826
10,chain_depth_sensitivity,1,57,True,0.790583,valid chain of delegation,1,826
10,chain_depth_sensitivity,1,58,True,0.776834,valid chain of delegation,1,826
10,chain_depth_sensitivity,1,59,True,0.711583,valid chain of delegation,1,826
10,chain_depth_sensitivity,1,60,True,0.697875,valid chain of delegation,1,826
10,chain_depth_sensitivity,1,61,True,0.712667,valid chain of delegation,1,826
10,chain_depth_sensitivity,1,62,True,0.757208,valid chain of delegation,1,826
10,chain_depth_sensitivity,1,63,True,0.699666,valid chain of delegation,1,826
10,chain_depth_sensitivity,1,64,True,0.754292,valid chain of delegation,1,826
10,chain_depth_sensitivity,1,65,True,0.740167,valid chain of delegation,1,826
10,chain_depth_sensitivity,1,66,True,0.731125,valid chain of delegation,1,826
10,chain_depth_sensitivity,1,67,True,0.715166,valid chain of delegation,1,826
10,chain_depth_sensitivity,1,68,True,0.677917,valid chain of delegation,1,826
10,chain_depth_sensitivity,1,69,True,0.706333,valid chain of delegation,1,826
10,chain_depth_sensitivity,1,70,True,0.719375,valid chain of delegation,1,826
10,chain_depth_sensitivity,1,71,True,0.704291,valid chain of delegation,1,826
10,chain_depth_sensitivity,1,72,True,0.728875,valid chain of delegation,1,826
10,chain_depth_sensitivity,1,73,True,0.7155,valid chain of delegation,1,826
10,chain_depth_sensitivity,1,74,True,0.6835,valid chain of delegation,1,826
10,chain_depth_sensitivity,1,75,True,0.687916,valid chain of delegation,1,826
10,chain_depth_sensitivity,1,76,True,0.71725,valid chain of delegation,1,826
10,chain_depth_sensitivity,1,77,True,0.706291,valid chain of delegation,1,826
10,chain_depth_sensitivity,1,78,True,0.72475,valid chain of delegation,1,826
10,chain_depth_sensitivity,1,79,True,0.675542,valid chain of delegation,1,826
10,chain_depth_sensitivity,1,80,True,0.668791,valid chain of delegation,1,826
10,chain_depth_sensitivity,1,81,True,0.665208,valid chain of delegation,1,826
10,chain_depth_sensitivity,1,82,True,0.694708,valid chain of delegation,1,826
10,chain_depth_sensitivity,1,83,True,0.702959,valid chain of delegation,1,826
10,chain_depth_sensitivity,1,84,True,0.730459,valid chain of delegation,1,826
10,chain_depth_sensitivity,1,85,True,0.707375,valid chain of delegation,1,826
10,chain_depth_sensitivity,1,86,True,0.694167,valid chain of delegation,1,826
10,chain_depth_sensitivity,1,87,True,0.70175,valid chain of delegation,1,826
10,chain_depth_sensitivity,1,88,True,0.700292,valid chain of delegation,1,826
10,chain_depth_sensitivity,1,89,True,0.741041,valid chain of delegation,1,826
10,chain_depth_sensitivity,1,90,True,0.713,valid chain of delegation,1,826
10,chain_depth_sensitivity,1,91,True,0.714334,valid chain of delegation,1,826
10,chain_depth_sensitivity,1,92,True,0.703292,valid chain of delegation,1,826
10,chain_depth_sensitivity,1,93,True,0.698583,valid chain of delegation,1,826
10,chain_depth_sensitivity,1,94,True,0.701208,valid chain of delegation,1,826
10,chain_depth_sensitivity,1,95,True,0.699666,valid chain of delegation,1,826
10,chain_depth_sensitivity,1,96,True,0.716708,valid chain of delegation,1,826
10,chain_depth_sensitivity,1,97,True,0.71275,valid chain of delegation,1,826
10,chain_depth_sensitivity,1,98,True,1.046416,valid chain of delegation,1,826
10,chain_depth_sensitivity,1,99,True,0.91425,valid chain of delegation,1,826
10,chain_depth_sensitivity,1,100,True,0.851459,valid chain of delegation,1,826
10,chain_depth_sensitivity,2,1,True,0.77225,valid chain of delegation,2,1678
10,chain_depth_sensitivity,2,2,True,0.756333,valid chain of delegation,2,1678
10,chain_depth_sensitivity,2,3,True,0.843584,valid chain of delegation,2,1678
10,chain_depth_sensitivity,2,4,True,0.789333,valid chain of delegation,2,1678
10,chain_depth_sensitivity,2,5,True,0.776959,valid chain of delegation,2,1678
10,chain_depth_sensitivity,2,6,True,0.815541,valid chain of delegation,2,1678
10,chain_depth_sensitivity,2,7,True,0.796666,valid chain of delegation,2,1678
10,chain_depth_sensitivity,2,8,True,0.771042,valid chain of delegation,2,1678
10,chain_depth_sensitivity,2,9,True,0.762208,valid chain of delegation,2,1678
10,chain_depth_sensitivity,2,10,True,0.771083,valid chain of delegation,2,1678
10,chain_depth_sensitivity,2,11,True,0.783,valid chain of delegation,2,1678
10,chain_depth_sensitivity,2,12,True,0.869625,valid chain of delegation,2,1678
10,chain_depth_sensitivity,2,13,True,0.797584,valid chain of delegation,2,1678
10,chain_depth_sensitivity,2,14,True,0.799041,valid chain of delegation,2,1678
10,chain_depth_sensitivity,2,15,True,0.792208,valid chain of delegation,2,1678
10,chain_depth_sensitivity,2,16,True,0.79,valid chain of delegation,2,1678
10,chain_depth_sensitivity,2,17,True,0.809958,valid chain of delegation,2,1678
10,chain_depth_sensitivity,2,18,True,0.840792,valid chain of delegation,2,1678
10,chain_depth_sensitivity,2,19,True,0.828041,valid chain of delegation,2,1678
10,chain_depth_sensitivity,2,20,True,0.7955,valid chain of delegation,2,1678
10,chain_depth_sensitivity,2,21,True,0.789459,valid chain of delegation,2,1678
10,chain_depth_sensitivity,2,22,True,0.815125,valid chain of delegation,2,1678
10,chain_depth_sensitivity,2,23,True,0.775375,valid chain of delegation,2,1678
10,chain_depth_sensitivity,2,24,True,0.752709,valid chain of delegation,2,1678
10,chain_depth_sensitivity,2,25,True,0.793292,valid chain of delegation,2,1678
10,chain_depth_sensitivity,2,26,True,0.843458,valid chain of delegation,2,1678
10,chain_depth_sensitivity,2,27,True,0.798583,valid chain of delegation,2,1678
10,chain_depth_sensitivity,2,28,True,0.750791,valid chain of delegation,2,1678
10,chain_depth_sensitivity,2,29,True,0.80375,valid chain of delegation,2,1678
10,chain_depth_sensitivity,2,30,True,0.774459,valid chain of delegation,2,1678
10,chain_depth_sensitivity,2,31,True,0.786208,valid chain of delegation,2,1678
10,chain_depth_sensitivity,2,32,True,0.760375,valid chain of delegation,2,1678
10,chain_depth_sensitivity,2,33,True,0.788833,valid chain of delegation,2,1678
10,chain_depth_sensitivity,2,34,True,0.758875,valid chain of delegation,2,1678
10,chain_depth_sensitivity,2,35,True,0.778666,valid chain of delegation,2,1678
10,chain_depth_sensitivity,2,36,True,0.77375,valid chain of delegation,2,1678
10,chain_depth_sensitivity,2,37,True,0.771583,valid chain of delegation,2,1678
10,chain_depth_sensitivity,2,38,True,0.733625,valid chain of delegation,2,1678
10,chain_depth_sensitivity,2,39,True,0.786709,valid chain of delegation,2,1678
10,chain_depth_sensitivity,2,40,True,0.7645,valid chain of delegation,2,1678
10,chain_depth_sensitivity,2,41,True,0.75875,valid chain of delegation,2,1678
10,chain_depth_sensitivity,2,42,True,0.750833,valid chain of delegation,2,1678
10,chain_depth_sensitivity,2,43,True,0.807,valid chain of delegation,2,1678
10,chain_depth_sensitivity,2,44,True,0.75825,valid chain of delegation,2,1678
10,chain_depth_sensitivity,2,45,True,0.742084,valid chain of delegation,2,1678
10,chain_depth_sensitivity,2,46,True,0.780125,valid chain of delegation,2,1678
10,chain_depth_sensitivity,2,47,True,0.812208,valid chain of delegation,2,1678
10,chain_depth_sensitivity,2,48,True,0.808416,valid chain of delegation,2,1678
10,chain_depth_sensitivity,2,49,True,0.753875,valid chain of delegation,2,1678
10,chain_depth_sensitivity,2,50,True,0.762458,valid chain of delegation,2,1678
10,chain_depth_sensitivity,2,51,True,0.781375,valid chain of delegation,2,1678
10,chain_depth_sensitivity,2,52,True,0.811542,valid chain of delegation,2,1678
10,chain_depth_sensitivity,2,53,True,0.807167,valid chain of delegation,2,1678
10,chain_depth_sensitivity,2,54,True,0.773917,valid chain of delegation,2,1678
10,chain_depth_sensitivity,2,55,True,0.763417,valid chain of delegation,2,1678
10,chain_depth_sensitivity,2,56,True,0.7965,valid chain of delegation,2,1678
10,chain_depth_sensitivity,2,57,True,0.771458,valid chain of delegation,2,1678
10,chain_depth_sensitivity,2,58,True,0.748875,valid chain of delegation,2,1678
10,chain_depth_sensitivity,2,59,True,0.735958,valid chain of delegation,2,1678
10,chain_depth_sensitivity,2,60,True,0.763125,valid chain of delegation,2,1678
10,chain_depth_sensitivity,2,61,True,0.7925,valid chain of delegation,2,1678
10,chain_depth_sensitivity,2,62,True,0.776875,valid chain of delegation,2,1678
10,chain_depth_sensitivity,2,63,True,0.739208,valid chain of delegation,2,1678
10,chain_depth_sensitivity,2,64,True,0.775792,valid chain of delegation,2,1678
10,chain_depth_sensitivity,2,65,True,0.766917,valid chain of delegation,2,1678
10,chain_depth_sensitivity,2,66,True,0.724584,valid chain of delegation,2,1678
10,chain_depth_sensitivity,2,67,True,0.772125,valid chain of delegation,2,1678
10,chain_depth_sensitivity,2,68,True,0.778416,valid chain of delegation,2,1678
10,chain_depth_sensitivity,2,69,True,0.757333,valid chain of delegation,2,1678
10,chain_depth_sensitivity,2,70,True,0.767291,valid chain of delegation,2,1678
10,chain_depth_sensitivity,2,71,True,0.779834,valid chain of delegation,2,1678
10,chain_depth_sensitivity,2,72,True,0.789375,valid chain of delegation,2,1678
10,chain_depth_sensitivity,2,73,True,0.742167,valid chain of delegation,2,1678
10,chain_depth_sensitivity,2,74,True,0.761708,valid chain of delegation,2,1678
10,chain_depth_sensitivity,2,75,True,0.788125,valid chain of delegation,2,1678
10,chain_depth_sensitivity,2,76,True,0.762584,valid chain of delegation,2,1678
10,chain_depth_sensitivity,2,77,True,0.786667,valid chain of delegation,2,1678
10,chain_depth_sensitivity,2,78,True,0.777375,valid chain of delegation,2,1678
10,chain_depth_sensitivity,2,79,True,0.774041,valid chain of delegation,2,1678
10,chain_depth_sensitivity,2,80,True,0.800167,valid chain of delegation,2,1678
10,chain_depth_sensitivity,2,81,True,0.751542,valid chain of delegation,2,1678
10,chain_depth_sensitivity,2,82,True,0.746417,valid chain of delegation,2,1678
10,chain_depth_sensitivity,2,83,True,0.751333,valid chain of delegation,2,1678
10,chain_depth_sensitivity,2,84,True,0.735417,valid chain of delegation,2,1678
10,chain_depth_sensitivity,2,85,True,0.735459,valid chain of delegation,2,1678
10,chain_depth_sensitivity,2,86,True,0.792459,valid chain of delegation,2,1678
10,chain_depth_sensitivity,2,87,True,0.807625,valid chain of delegation,2,1678
10,chain_depth_sensitivity,2,88,True,0.790209,valid chain of delegation,2,1678
10,chain_depth_sensitivity,2,89,True,0.793917,valid chain of delegation,2,1678
10,chain_depth_sensitivity,2,90,True,0.752666,valid chain of delegation,2,1678
10,chain_depth_sensitivity,2,91,True,0.7495,valid chain of delegation,2,1678
10,chain_depth_sensitivity,2,92,True,0.740083,valid chain of delegation,2,1678
10,chain_depth_sensitivity,2,93,True,0.738209,valid chain of delegation,2,1678
10,chain_depth_sensitivity,2,94,True,0.782792,valid chain of delegation,2,1678
10,chain_depth_sensitivity,2,95,True,0.746416,valid chain of delegation,2,1678
10,chain_depth_sensitivity,2,96,True,0.759833,valid chain of delegation,2,1678
10,chain_depth_sensitivity,2,97,True,0.80325,valid chain of delegation,2,1678
10,chain_depth_sensitivity,2,98,True,0.807708,valid chain of delegation,2,1678
10,chain_depth_sensitivity,2,99,True,0.776375,valid chain of delegation,2,1678
10,chain_depth_sensitivity,2,100,True,0.800375,valid chain of delegation,2,1678
10,chain_depth_sensitivity,3,1,True,0.867125,valid chain of delegation,3,2530
10,chain_depth_sensitivity,3,2,True,0.844458,valid chain of delegation,3,2530
10,chain_depth_sensitivity,3,3,True,0.8025,valid chain of delegation,3,2530
10,chain_depth_sensitivity,3,4,True,0.850667,valid chain of delegation,3,2530
10,chain_depth_sensitivity,3,5,True,0.823541,valid chain of delegation,3,2530
10,chain_depth_sensitivity,3,6,True,0.869375,valid chain of delegation,3,2530
10,chain_depth_sensitivity,3,7,True,0.866084,valid chain of delegation,3,2530
10,chain_depth_sensitivity,3,8,True,0.8545,valid chain of delegation,3,2530
10,chain_depth_sensitivity,3,9,True,0.826709,valid chain of delegation,3,2530
10,chain_depth_sensitivity,3,10,True,0.875416,valid chain of delegation,3,2530
10,chain_depth_sensitivity,3,11,True,0.835708,valid chain of delegation,3,2530
10,chain_depth_sensitivity,3,12,True,0.834125,valid chain of delegation,3,2530
10,chain_depth_sensitivity,3,13,True,0.859375,valid chain of delegation,3,2530
10,chain_depth_sensitivity,3,14,True,0.847959,valid chain of delegation,3,2530
10,chain_depth_sensitivity,3,15,True,0.84025,valid chain of delegation,3,2530
10,chain_depth_sensitivity,3,16,True,0.845792,valid chain of delegation,3,2530
10,chain_depth_sensitivity,3,17,True,0.84425,valid chain of delegation,3,2530
10,chain_depth_sensitivity,3,18,True,0.814709,valid chain of delegation,3,2530
10,chain_depth_sensitivity,3,19,True,0.848834,valid chain of delegation,3,2530
10,chain_depth_sensitivity,3,20,True,0.843708,valid chain of delegation,3,2530
10,chain_depth_sensitivity,3,21,True,0.796375,valid chain of delegation,3,2530
10,chain_depth_sensitivity,3,22,True,0.857625,valid chain of delegation,3,2530
10,chain_depth_sensitivity,3,23,True,0.818542,valid chain of delegation,3,2530
10,chain_depth_sensitivity,3,24,True,0.835541,valid chain of delegation,3,2530
10,chain_depth_sensitivity,3,25,True,0.816083,valid chain of delegation,3,2530
10,chain_depth_sensitivity,3,26,True,0.850875,valid chain of delegation,3,2530
10,chain_depth_sensitivity,3,27,True,0.812667,valid chain of delegation,3,2530
10,chain_depth_sensitivity,3,28,True,0.858458,valid chain of delegation,3,2530
10,chain_depth_sensitivity,3,29,True,0.821875,valid chain of delegation,3,2530
10,chain_depth_sensitivity,3,30,True,0.807,valid chain of delegation,3,2530
10,chain_depth_sensitivity,3,31,True,0.812417,valid chain of delegation,3,2530
10,chain_depth_sensitivity,3,32,True,0.808125,valid chain of delegation,3,2530
10,chain_depth_sensitivity,3,33,True,0.856208,valid chain of delegation,3,2530
10,chain_depth_sensitivity,3,34,True,0.842417,valid chain of delegation,3,2530
10,chain_depth_sensitivity,3,35,True,0.827959,valid chain of delegation,3,2530
10,chain_depth_sensitivity,3,36,True,0.851792,valid chain of delegation,3,2530
10,chain_depth_sensitivity,3,37,True,0.844042,valid chain of delegation,3,2530
10,chain_depth_sensitivity,3,38,True,0.823833,valid chain of delegation,3,2530
10,chain_depth_sensitivity,3,39,True,0.833708,valid chain of delegation,3,2530
10,chain_depth_sensitivity,3,40,True,0.793667,valid chain of delegation,3,2530
10,chain_depth_sensitivity,3,41,True,0.839625,valid chain of delegation,3,2530
10,chain_depth_sensitivity,3,42,True,0.827459,valid chain of delegation,3,2530
10,chain_depth_sensitivity,3,43,True,0.845458,valid chain of delegation,3,2530
10,chain_depth_sensitivity,3,44,True,0.864459,valid chain of delegation,3,2530
10,chain_depth_sensitivity,3,45,True,0.84975,valid chain of delegation,3,2530
10,chain_depth_sensitivity,3,46,True,0.808917,valid chain of delegation,3,2530
10,chain_depth_sensitivity,3,47,True,0.850333,valid chain of delegation,3,2530
10,chain_depth_sensitivity,3,48,True,0.846792,valid chain of delegation,3,2530
10,chain_depth_sensitivity,3,49,True,0.885625,valid chain of delegation,3,2530
10,chain_depth_sensitivity,3,50,True,0.843916,valid chain of delegation,3,2530
10,chain_depth_sensitivity,3,51,True,0.840458,valid chain of delegation,3,2530
10,chain_depth_sensitivity,3,52,True,0.858334,valid chain of delegation,3,2530
10,chain_depth_sensitivity,3,53,True,0.840625,valid chain of delegation,3,2530
10,chain_depth_sensitivity,3,54,True,0.836083,valid chain of delegation,3,2530
10,chain_depth_sensitivity,3,55,True,3.250792,valid chain of delegation,3,2530
10,chain_depth_sensitivity,3,56,True,0.971708,valid chain of delegation,3,2530
10,chain_depth_sensitivity,3,57,True,0.9485,valid chain of delegation,3,2530
10,chain_depth_sensitivity,3,58,True,0.975833,valid chain of delegation,3,2530
10,chain_depth_sensitivity,3,59,True,0.940292,valid chain of delegation,3,2530
10,chain_depth_sensitivity,3,60,True,0.922208,valid chain of delegation,3,2530
10,chain_depth_sensitivity,3,61,True,0.946208,valid chain of delegation,3,2530
10,chain_depth_sensitivity,3,62,True,0.882125,valid chain of delegation,3,2530
10,chain_depth_sensitivity,3,63,True,0.842542,valid chain of delegation,3,2530
10,chain_depth_sensitivity,3,64,True,0.853459,valid chain of delegation,3,2530
10,chain_depth_sensitivity,3,65,True,0.860417,valid chain of delegation,3,2530
10,chain_depth_sensitivity,3,66,True,0.84375,valid chain of delegation,3,2530
10,chain_depth_sensitivity,3,67,True,0.916167,valid chain of delegation,3,2530
10,chain_depth_sensitivity,3,68,True,0.85475,valid chain of delegation,3,2530
10,chain_depth_sensitivity,3,69,True,0.896084,valid chain of delegation,3,2530
10,chain_depth_sensitivity,3,70,True,0.878875,valid chain of delegation,3,2530
10,chain_depth_sensitivity,3,71,True,0.828792,valid chain of delegation,3,2530
10,chain_depth_sensitivity,3,72,True,0.849,valid chain of delegation,3,2530
10,chain_depth_sensitivity,3,73,True,0.845541,valid chain of delegation,3,2530
10,chain_depth_sensitivity,3,74,True,0.838833,valid chain of delegation,3,2530
10,chain_depth_sensitivity,3,75,True,0.88675,valid chain of delegation,3,2530
10,chain_depth_sensitivity,3,76,True,0.888166,valid chain of delegation,3,2530
10,chain_depth_sensitivity,3,77,True,0.844958,valid chain of delegation,3,2530
10,chain_depth_sensitivity,3,78,True,0.871958,valid chain of delegation,3,2530
10,chain_depth_sensitivity,3,79,True,0.902875,valid chain of delegation,3,2530
10,chain_depth_sensitivity,3,80,True,0.854792,valid chain of delegation,3,2530
10,chain_depth_sensitivity,3,81,True,0.929916,valid chain of delegation,3,2530
10,chain_depth_sensitivity,3,82,True,0.88325,valid chain of delegation,3,2530
10,chain_depth_sensitivity,3,83,True,0.840583,valid chain of delegation,3,2530
10,chain_depth_sensitivity,3,84,True,0.843209,valid chain of delegation,3,2530
10,chain_depth_sensitivity,3,85,True,0.834833,valid chain of delegation,3,2530
10,chain_depth_sensitivity,3,86,True,0.843792,valid chain of delegation,3,2530
10,chain_depth_sensitivity,3,87,True,0.842,valid chain of delegation,3,2530
10,chain_depth_sensitivity,3,88,True,0.855375,valid chain of delegation,3,2530
10,chain_depth_sensitivity,3,89,True,0.849,valid chain of delegation,3,2530
10,chain_depth_sensitivity,3,90,True,0.843625,valid chain of delegation,3,2530
10,chain_depth_sensitivity,3,91,True,0.804916,valid chain of delegation,3,2530
10,chain_depth_sensitivity,3,92,True,0.961584,valid chain of delegation,3,2530
10,chain_depth_sensitivity,3,93,True,0.8725,valid chain of delegation,3,2530
10,chain_depth_sensitivity,3,94,True,0.858875,valid chain of delegation,3,2530
10,chain_depth_sensitivity,3,95,True,0.816792,valid chain of delegation,3,2530
10,chain_depth_sensitivity,3,96,True,0.848417,valid chain of delegation,3,2530
10,chain_depth_sensitivity,3,97,True,0.837167,valid chain of delegation,3,2530
10,chain_depth_sensitivity,3,98,True,0.802666,valid chain of delegation,3,2530
10,chain_depth_sensitivity,3,99,True,0.830041,valid chain of delegation,3,2530
10,chain_depth_sensitivity,3,100,True,0.818,valid chain of delegation,3,2530
10,chain_depth_sensitivity,5,1,True,0.965208,valid chain of delegation,5,4234
10,chain_depth_sensitivity,5,2,True,0.982167,valid chain of delegation,5,4234
10,chain_depth_sensitivity,5,3,True,0.985,valid chain of delegation,5,4234
10,chain_depth_sensitivity,5,4,True,0.947666,valid chain of delegation,5,4234
10,chain_depth_sensitivity,5,5,True,0.965584,valid chain of delegation,5,4234
10,chain_depth_sensitivity,5,6,True,0.974042,valid chain of delegation,5,4234
10,chain_depth_sensitivity,5,7,True,0.991625,valid chain of delegation,5,4234
10,chain_depth_sensitivity,5,8,True,0.978917,valid chain of delegation,5,4234
10,chain_depth_sensitivity,5,9,True,1.317625,valid chain of delegation,5,4234
10,chain_depth_sensitivity,5,10,True,1.305583,valid chain of delegation,5,4234
10,chain_depth_sensitivity,5,11,True,1.017875,valid chain of delegation,5,4234
10,chain_depth_sensitivity,5,12,True,0.926167,valid chain of delegation,5,4234
10,chain_depth_sensitivity,5,13,True,1.027,valid chain of delegation,5,4234
10,chain_depth_sensitivity,5,14,True,0.942417,valid chain of delegation,5,4234
10,chain_depth_sensitivity,5,15,True,0.975125,valid chain of delegation,5,4234
10,chain_depth_sensitivity,5,16,True,0.937667,valid chain of delegation,5,4234
10,chain_depth_sensitivity,5,17,True,0.930458,valid chain of delegation,5,4234
10,chain_depth_sensitivity,5,18,True,0.954458,valid chain of delegation,5,4234
10,chain_depth_sensitivity,5,19,True,0.930458,valid chain of delegation,5,4234
10,chain_depth_sensitivity,5,20,True,0.93875,valid chain of delegation,5,4234
10,chain_depth_sensitivity,5,21,True,0.980416,valid chain of delegation,5,4234
10,chain_depth_sensitivity,5,22,True,0.953,valid chain of delegation,5,4234
10,chain_depth_sensitivity,5,23,True,1.008875,valid chain of delegation,5,4234
10,chain_depth_sensitivity,5,24,True,0.993416,valid chain of delegation,5,4234
10,chain_depth_sensitivity,5,25,True,0.987625,valid chain of delegation,5,4234
10,chain_depth_sensitivity,5,26,True,0.983459,valid chain of delegation,5,4234
10,chain_depth_sensitivity,5,27,True,0.952375,valid chain of delegation,5,4234
10,chain_depth_sensitivity,5,28,True,1.015875,valid chain of delegation,5,4234
10,chain_depth_sensitivity,5,29,True,0.999458,valid chain of delegation,5,4234
10,chain_depth_sensitivity,5,30,True,0.976958,valid chain of delegation,5,4234
10,chain_depth_sensitivity,5,31,True,0.994792,valid chain of delegation,5,4234
10,chain_depth_sensitivity,5,32,True,0.986792,valid chain of delegation,5,4234
10,chain_depth_sensitivity,5,33,True,0.959708,valid chain of delegation,5,4234
10,chain_depth_sensitivity,5,34,True,0.935917,valid chain of delegation,5,4234
10,chain_depth_sensitivity,5,35,True,0.999208,valid chain of delegation,5,4234
10,chain_depth_sensitivity,5,36,True,0.973916,valid chain of delegation,5,4234
10,chain_depth_sensitivity,5,37,True,0.979334,valid chain of delegation,5,4234
10,chain_depth_sensitivity,5,38,True,0.973709,valid chain of delegation,5,4234
10,chain_depth_sensitivity,5,39,True,0.976125,valid chain of delegation,5,4234
10,chain_depth_sensitivity,5,40,True,0.9455,valid chain of delegation,5,4234
10,chain_depth_sensitivity,5,41,True,0.957333,valid chain of delegation,5,4234
10,chain_depth_sensitivity,5,42,True,0.976541,valid chain of delegation,5,4234
10,chain_depth_sensitivity,5,43,True,0.969709,valid chain of delegation,5,4234
10,chain_depth_sensitivity,5,44,True,0.979167,valid chain of delegation,5,4234
10,chain_depth_sensitivity,5,45,True,0.938458,valid chain of delegation,5,4234
10,chain_depth_sensitivity,5,46,True,0.998875,valid chain of delegation,5,4234
10,chain_depth_sensitivity,5,47,True,0.984792,valid chain of delegation,5,4234
10,chain_depth_sensitivity,5,48,True,0.95575,valid chain of delegation,5,4234
10,chain_depth_sensitivity,5,49,True,0.90375,valid chain of delegation,5,4234
10,chain_depth_sensitivity,5,50,True,0.983958,valid chain of delegation,5,4234
10,chain_depth_sensitivity,5,51,True,0.954625,valid chain of delegation,5,4234
10,chain_depth_sensitivity,5,52,True,0.949791,valid chain of delegation,5,4234
10,chain_depth_sensitivity,5,53,True,0.927,valid chain of delegation,5,4234
10,chain_depth_sensitivity,5,54,True,0.961125,valid chain of delegation,5,4234
10,chain_depth_sensitivity,5,55,True,0.925458,valid chain of delegation,5,4234
10,chain_depth_sensitivity,5,56,True,0.989959,valid chain of delegation,5,4234
10,chain_depth_sensitivity,5,57,True,0.949084,valid chain of delegation,5,4234
10,chain_depth_sensitivity,5,58,True,0.991208,valid chain of delegation,5,4234
10,chain_depth_sensitivity,5,59,True,0.946042,valid chain of delegation,5,4234
10,chain_depth_sensitivity,5,60,True,0.975833,valid chain of delegation,5,4234
10,chain_depth_sensitivity,5,61,True,0.948417,valid chain of delegation,5,4234
10,chain_depth_sensitivity,5,62,True,0.959,valid chain of delegation,5,4234
10,chain_depth_sensitivity,5,63,True,0.967292,valid chain of delegation,5,4234
10,chain_depth_sensitivity,5,64,True,0.952833,valid chain of delegation,5,4234
10,chain_depth_sensitivity,5,65,True,0.962125,valid chain of delegation,5,4234
10,chain_depth_sensitivity,5,66,True,0.949709,valid chain of delegation,5,4234
10,chain_depth_sensitivity,5,67,True,0.934958,valid chain of delegation,5,4234
10,chain_depth_sensitivity,5,68,True,0.944791,valid chain of delegation,5,4234
10,chain_depth_sensitivity,5,69,True,0.944959,valid chain of delegation,5,4234
10,chain_depth_sensitivity,5,70,True,0.967875,valid chain of delegation,5,4234
10,chain_depth_sensitivity,5,71,True,0.971667,valid chain of delegation,5,4234
10,chain_depth_sensitivity,5,72,True,0.95725,valid chain of delegation,5,4234
10,chain_depth_sensitivity,5,73,True,0.951917,valid chain of delegation,5,4234
10,chain_depth_sensitivity,5,74,True,0.97,valid chain of delegation,5,4234
10,chain_depth_sensitivity,5,75,True,0.945791,valid chain of delegation,5,4234
10,chain_depth_sensitivity,5,76,True,0.962291,valid chain of delegation,5,4234
10,chain_depth_sensitivity,5,77,True,0.967625,valid chain of delegation,5,4234
10,chain_depth_sensitivity,5,78,True,0.973958,valid chain of delegation,5,4234
10,chain_depth_sensitivity,5,79,True,0.971625,valid chain of delegation,5,4234
10,chain_depth_sensitivity,5,80,True,0.948,valid chain of delegation,5,4234
10,chain_depth_sensitivity,5,81,True,0.966792,valid chain of delegation,5,4234
10,chain_depth_sensitivity,5,82,True,0.957417,valid chain of delegation,5,4234
10,chain_depth_sensitivity,5,83,True,0.996959,valid chain of delegation,5,4234
10,chain_depth_sensitivity,5,84,True,0.935125,valid chain of delegation,5,4234
10,chain_depth_sensitivity,5,85,True,0.952208,valid chain of delegation,5,4234
10,chain_depth_sensitivity,5,86,True,0.927792,valid chain of delegation,5,4234
10,chain_depth_sensitivity,5,87,True,0.931125,valid chain of delegation,5,4234
10,chain_depth_sensitivity,5,88,True,0.932875,valid chain of delegation,5,4234
10,chain_depth_sensitivity,5,89,True,0.97225,valid chain of delegation,5,4234
10,chain_depth_sensitivity,5,90,True,0.951541,valid chain of delegation,5,4234
10,chain_depth_sensitivity,5,91,True,0.990375,valid chain of delegation,5,4234
10,chain_depth_sensitivity,5,92,True,0.942125,valid chain of delegation,5,4234
10,chain_depth_sensitivity,5,93,True,0.970125,valid chain of delegation,5,4234
10,chain_depth_sensitivity,5,94,True,0.935291,valid chain of delegation,5,4234
10,chain_depth_sensitivity,5,95,True,0.94525,valid chain of delegation,5,4234
10,chain_depth_sensitivity,5,96,True,0.990958,valid chain of delegation,5,4234
10,chain_depth_sensitivity,5,97,True,0.967333,valid chain of delegation,5,4234
10,chain_depth_sensitivity,5,98,True,0.966375,valid chain of delegation,5,4234
10,chain_depth_sensitivity,5,99,True,0.949625,valid chain of delegation,5,4234
10,chain_depth_sensitivity,5,100,True,0.976208,valid chain of delegation,5,4234
10,chain_depth_sensitivity,10,1,True,1.308625,valid chain of delegation,10,8538
10,chain_depth_sensitivity,10,2,True,1.327542,valid chain of delegation,10,8538
10,chain_depth_sensitivity,10,3,True,1.358209,valid chain of delegation,10,8538
10,chain_depth_sensitivity,10,4,True,1.315792,valid chain of delegation,10,8538
10,chain_depth_sensitivity,10,5,True,1.296458,valid chain of delegation,10,8538
10,chain_depth_sensitivity,10,6,True,1.66325,valid chain of delegation,10,8538
10,chain_depth_sensitivity,10,7,True,1.787167,valid chain of delegation,10,8538
10,chain_depth_sensitivity,10,8,True,1.815834,valid chain of delegation,10,8538
10,chain_depth_sensitivity,10,9,True,1.417167,valid chain of delegation,10,8538
10,chain_depth_sensitivity,10,10,True,1.3935,valid chain of delegation,10,8538
10,chain_depth_sensitivity,10,11,True,1.393459,valid chain of delegation,10,8538
10,chain_depth_sensitivity,10,12,True,1.388084,valid chain of delegation,10,8538
10,chain_depth_sensitivity,10,13,True,1.363708,valid chain of delegation,10,8538
10,chain_depth_sensitivity,10,14,True,1.503375,valid chain of delegation,10,8538
10,chain_depth_sensitivity,10,15,True,1.374042,valid chain of delegation,10,8538
10,chain_depth_sensitivity,10,16,True,1.832,valid chain of delegation,10,8538
10,chain_depth_sensitivity,10,17,True,1.468292,valid chain of delegation,10,8538
10,chain_depth_sensitivity,10,18,True,1.525791,valid chain of delegation,10,8538
10,chain_depth_sensitivity,10,19,True,1.433042,valid chain of delegation,10,8538
10,chain_depth_sensitivity,10,20,True,1.434458,valid chain of delegation,10,8538
10,chain_depth_sensitivity,10,21,True,2.28425,valid chain of delegation,10,8538
10,chain_depth_sensitivity,10,22,True,1.715292,valid chain of delegation,10,8538
10,chain_depth_sensitivity,10,23,True,1.484333,valid chain of delegation,10,8538
10,chain_depth_sensitivity,10,24,True,1.37375,valid chain of delegation,10,8538
10,chain_depth_sensitivity,10,25,True,1.337042,valid chain of delegation,10,8538
10,chain_depth_sensitivity,10,26,True,1.700833,valid chain of delegation,10,8538
10,chain_depth_sensitivity,10,27,True,2.394708,valid chain of delegation,10,8538
10,chain_depth_sensitivity,10,28,True,1.774583,valid chain of delegation,10,8538
10,chain_depth_sensitivity,10,29,True,1.74475,valid chain of delegation,10,8538
10,chain_depth_sensitivity,10,30,True,1.546292,valid chain of delegation,10,8538
10,chain_depth_sensitivity,10,31,True,1.519084,valid chain of delegation,10,8538
10,chain_depth_sensitivity,10,32,True,1.440834,valid chain of delegation,10,8538
10,chain_depth_sensitivity,10,33,True,1.427959,valid chain of delegation,10,8538
10,chain_depth_sensitivity,10,34,True,1.402042,valid chain of delegation,10,8538
10,chain_depth_sensitivity,10,35,True,1.381042,valid chain of delegation,10,8538
10,chain_depth_sensitivity,10,36,True,1.3485,valid chain of delegation,10,8538
10,chain_depth_sensitivity,10,37,True,1.579875,valid chain of delegation,10,8538
10,chain_depth_sensitivity,10,38,True,1.513458,valid chain of delegation,10,8538
10,chain_depth_sensitivity,10,39,True,1.496416,valid chain of delegation,10,8538
10,chain_depth_sensitivity,10,40,True,1.534,valid chain of delegation,10,8538
10,chain_depth_sensitivity,10,41,True,1.448917,valid chain of delegation,10,8538
10,chain_depth_sensitivity,10,42,True,1.539375,valid chain of delegation,10,8538
10,chain_depth_sensitivity,10,43,True,1.509667,valid chain of delegation,10,8538
10,chain_depth_sensitivity,10,44,True,1.457541,valid chain of delegation,10,8538
10,chain_depth_sensitivity,10,45,True,1.525875,valid chain of delegation,10,8538
10,chain_depth_sensitivity,10,46,True,1.845708,valid chain of delegation,10,8538
10,chain_depth_sensitivity,10,47,True,1.463458,valid chain of delegation,10,8538
10,chain_depth_sensitivity,10,48,True,1.348542,valid chain of delegation,10,8538
10,chain_depth_sensitivity,10,49,True,1.348083,valid chain of delegation,10,8538
10,chain_depth_sensitivity,10,50,True,1.292625,valid chain of delegation,10,8538
10,chain_depth_sensitivity,10,51,True,1.53,valid chain of delegation,10,8538
10,chain_depth_sensitivity,10,52,True,1.893208,valid chain of delegation,10,8538
10,chain_depth_sensitivity,10,53,True,2.793542,valid chain of delegation,10,8538
10,chain_depth_sensitivity,10,54,True,2.335709,valid chain of delegation,10,8538
10,chain_depth_sensitivity,10,55,True,1.528708,valid chain of delegation,10,8538
10,chain_depth_sensitivity,10,56,True,1.478292,valid chain of delegation,10,8538
10,chain_depth_sensitivity,10,57,True,2.488666,valid chain of delegation,10,8538
10,chain_depth_sensitivity,10,58,True,2.324041,valid chain of delegation,10,8538
10,chain_depth_sensitivity,10,59,True,4.613916,valid chain of delegation,10,8538
10,chain_depth_sensitivity,10,60,True,1.808041,valid chain of delegation,10,8538
10,chain_depth_sensitivity,10,61,True,6.067375,valid chain of delegation,10,8538
10,chain_depth_sensitivity,10,62,True,3.196,valid chain of delegation,10,8538
10,chain_depth_sensitivity,10,63,True,1.488416,valid chain of delegation,10,8538
10,chain_depth_sensitivity,10,64,True,1.476667,valid chain of delegation,10,8538
10,chain_depth_sensitivity,10,65,True,5.255167,valid chain of delegation,10,8538
10,chain_depth_sensitivity,10,66,True,2.689292,valid chain of delegation,10,8538
10,chain_depth_sensitivity,10,67,True,2.871666,valid chain of delegation,10,8538
10,chain_depth_sensitivity,10,68,True,2.451584,valid chain of delegation,10,8538
10,chain_depth_sensitivity,10,69,True,2.291583,valid chain of delegation,10,8538
10,chain_depth_sensitivity,10,70,True,3.349917,valid chain of delegation,10,8538
10,chain_depth_sensitivity,10,71,True,4.388334,valid chain of delegation,10,8538
10,chain_depth_sensitivity,10,72,True,1.594708,valid chain of delegation,10,8538
10,chain_depth_sensitivity,10,73,True,1.467375,valid chain of delegation,10,8538
10,chain_depth_sensitivity,10,74,True,2.738,valid chain of delegation,10,8538
10,chain_depth_sensitivity,10,75,True,2.430667,valid chain of delegation,10,8538
10,chain_depth_sensitivity,10,76,True,4.34375,valid chain of delegation,10,8538
10,chain_depth_sensitivity,10,77,True,1.672875,valid chain of delegation,10,8538
10,chain_depth_sensitivity,10,78,True,1.583042,valid chain of delegation,10,8538
10,chain_depth_sensitivity,10,79,True,1.291041,valid chain of delegation,10,8538
10,chain_depth_sensitivity,10,80,True,1.449166,valid chain of delegation,10,8538
10,chain_depth_sensitivity,10,81,True,2.0125,valid chain of delegation,10,8538
10,chain_depth_sensitivity,10,82,True,1.5095,valid chain of delegation,10,8538
10,chain_depth_sensitivity,10,83,True,1.442208,valid chain of delegation,10,8538
10,chain_depth_sensitivity,10,84,True,1.43125,valid chain of delegation,10,8538
10,chain_depth_sensitivity,10,85,True,1.468208,valid chain of delegation,10,8538
10,chain_depth_sensitivity,10,86,True,1.375542,valid chain of delegation,10,8538
10,chain_depth_sensitivity,10,87,True,1.343167,valid chain of delegation,10,8538
10,chain_depth_sensitivity,10,88,True,1.3395,valid chain of delegation,10,8538
10,chain_depth_sensitivity,10,89,True,1.328125,valid chain of delegation,10,8538
10,chain_depth_sensitivity,10,90,True,1.329917,valid chain of delegation,10,8538
10,chain_depth_sensitivity,10,91,True,1.342083,valid chain of delegation,10,8538
10,chain_depth_sensitivity,10,92,True,1.338,valid chain of delegation,10,8538
10,chain_depth_sensitivity,10,93,True,1.351417,valid chain of delegation,10,8538
10,chain_depth_sensitivity,10,94,True,1.34975,valid chain of delegation,10,8538
10,chain_depth_sensitivity,10,95,True,1.362459,valid chain of delegation,10,8538
10,chain_depth_sensitivity,10,96,True,1.367583,valid chain of delegation,10,8538
10,chain_depth_sensitivity,10,97,True,1.373875,valid chain of delegation,10,8538
10,chain_depth_sensitivity,10,98,True,1.352084,valid chain of delegation,10,8538
10,chain_depth_sensitivity,10,99,True,1.363792,valid chain of delegation,10,8538
10,chain_depth_sensitivity,10,100,True,1.358208,valid chain of delegation,10,8538
